filename	number	category	descriptor	width	height	format	bytes	original_filename	source	license
2200_renders_abstract-folded-ribbons_by-a-chosen-soul-moigsaj8te0-unsplash_7680x4320.jpg	2200	renders	abstract-folded-ribbons	7680	4320	jpg	2090832	a-chosen-soul-MOIGsaj8te0-unsplash.jpg	unsplash	Unsplash-License
2201_renders_abstract-dark-curves_by-anton-sobotyak-g7ayfxxntva-unsplash_3840x2160.jpg	2201	renders	abstract-dark-curves	3840	2160	jpg	183970	anton-sobotyak-g7aYFxxNTVA-unsplash.jpg	unsplash	Unsplash-License
2202_renders_planet-with-city-lights_by-itsiken-pmyoy3wafpu-unsplash_3000x3000.jpg	2202	renders	planet-with-city-lights	3000	3000	jpg	1598053	itsiken-pmYoy3WaFPU-unsplash.jpg	unsplash	Unsplash-License
2203_renders_abstract-radial-pattern_by-logan-voss-ym9b8fkeo3w-unsplash_4320x7680.jpg	2203	renders	abstract-radial-pattern	4320	7680	jpg	6658847	logan-voss-YM9B8FkeO3w-unsplash.jpg	unsplash	Unsplash-License
2204_renders_abstract-line-pattern_by-logan-voss-z-e-zrfty00-unsplash_4320x7680.jpg	2204	renders	abstract-line-pattern	4320	7680	jpg	3692854	logan-voss-z_e_ZrFty00-unsplash.jpg	unsplash	Unsplash-License
2205_renders_abstract-flower-render_by-luthfi-alfarizi-worzbphy654-unsplash_3000x4000.jpg	2205	renders	abstract-flower-render	3000	4000	jpg	1245608	luthfi-alfarizi-wOrzBPhY654-unsplash.jpg	unsplash	Unsplash-License
2206_renders_abstract-color-pattern_by-marek-pavlik-fozwxagka1o-unsplash_3840x2160.jpg	2206	renders	abstract-color-pattern	3840	2160	jpg	2272293	marek-pavlik-FOzwxaGkA1o-unsplash.jpg	unsplash	Unsplash-License
2207_renders_abstract-contour-pattern_by-matt-str-l5btvo8eeyq-unsplash_11514x8635.jpg	2207	renders	abstract-contour-pattern	11514	8635	jpg	11739594	matt-str-L5BTvO8eEyQ-unsplash.jpg	unsplash	Unsplash-License
2208_renders_arched-room-round-window_by-mehrab-sium-wfxnp8g8-7q-unsplash_3240x4860.jpg	2208	renders	arched-room-round-window	3240	4860	jpg	2651003	mehrab-sium-WFXNp8G8-7Q-unsplash.jpg	unsplash	Unsplash-License
2209_renders_human-figure-render_by-nick-andreka-ynebo2q91oq-unsplash_2160x2700.jpg	2209	renders	human-figure-render	2160	2700	jpg	520001	nick-andreka-YnebO2q91OQ-unsplash.jpg	unsplash	Unsplash-License
2210_renders_abstract-line-pattern_by-resource-database-xp6ngsgxck0-unsplash_4000x5000.jpg	2210	renders	abstract-line-pattern	4000	5000	jpg	4024789	resource-database-xP6ngsgxck0-unsplash.jpg	unsplash	Unsplash-License
2211_renders_dropper-bottle-on-flowers_by-route4design-wkmy-s2wmdk-unsplash_2400x3840.jpg	2211	renders	dropper-bottle-on-flowers	2400	3840	jpg	897500	route4design-Wkmy_s2WMdk-unsplash.jpg	unsplash	Unsplash-License
2212_renders_bear_by-zoha-gohar-ekvbymo0qzg-unsplash_6144x4608.jpg	2212	renders	bear	6144	4608	jpg	2787503	zoha-gohar-EKvbYMO0QZg-unsplash.jpg	unsplash	Unsplash-License
