url	crop_label	content_class	cluster_id	cluster_size
https://codec-corpus.r2.imazen.org/imazen-26-png-v3/9226-lilith-ai-products/grocery/whitelabel/9701_gen_products-grocery-whitelabel_coffee-bag-whole-bean_p0462_1024x1536.sdr.png	c25_bl	9226-lilith-ai-products	0	190
https://codec-corpus.r2.imazen.org/imazen-26-png-v3/1400-lilith-nature/1404_nature_palm-trees-sunset_ka-anapali-beach-kaanapali_s21u_iso16-f1p8_20210607-180007_4000x3000.sdr.png	c25_bl	1400-lilith-nature	1	137
https://codec-corpus.r2.imazen.org/imazen-26-png-v3/8100-lilith-web-screenshots/2880x1800/8237_web-screenshots_nasa-artemis_dpr2_page2_2880x1800.sdr.png	c50_center	8100-lilith-web-screenshots	2	103
https://codec-corpus.r2.imazen.org/imazen-26-png-v3/9226-lilith-ai-products/footwear/9634_gen_products-footwear_chunky-dad-sneakers_p0396_3840x2160.sdr.png	c25_center	9226-lilith-ai-products	3	79
https://codec-corpus.r2.imazen.org/imazen-26-png-v3/9094-lilith-ai-illustrations/9143_gen_illustrations_runner-golden-field_1024x1536.sdr.png	c25_br	9094-lilith-ai-illustrations	4	17
https://codec-corpus.r2.imazen.org/imazen-26-png-v3/8100-lilith-web-screenshots/375x667/8284_web-screenshots_loc-exhibits_dpr1_page1_375x667.sdr.png	c50_bl	8100-lilith-web-screenshots	5	57
https://codec-corpus.r2.imazen.org/imazen-26-png-v3/5000-national-park-service-brochures/color/5004_nps_blca-black-canyon-2023_color_p02_7016x4961.sdr.png	c25_center	5000-national-park-service-brochures	6	116
https://codec-corpus.r2.imazen.org/imazen-26-png-v3/8100-lilith-web-screenshots/other/8434_web-screenshots_nih-home_dpr1_page1_414x896.sdr.png	full	8100-lilith-web-screenshots	7	144
https://codec-corpus.r2.imazen.org/imazen-26-png-v3/9094-lilith-ai-illustrations/9097_gen_illustrations_autumn-deciduous-path_1024x1536.sdr.png	c50_tr	9094-lilith-ai-illustrations	8	19
https://codec-corpus.r2.imazen.org/imazen-26-png-v3/7000-lilith-plots/grids/7052_plots_line-00222-s2f495179_1024x1024.sdr.png	c50_br	7000-lilith-plots	9	11
https://codec-corpus.r2.imazen.org/imazen-26-png-v3/5000-national-park-service-brochures/grayscale/5044_nps_mora-ohanapecosh7-2019_gray_p01_2550x3300.sdr.png	c25_tr	5000-national-park-service-brochures	10	790
https://codec-corpus.r2.imazen.org/imazen-26-png-v3/8100-lilith-web-screenshots/375x667/8271_web-screenshots_archive-wayback-search_dpr1_page1_375x667.sdr.png	c50_center	8100-lilith-web-screenshots	11	34
https://codec-corpus.r2.imazen.org/imazen-26-png-v3/2400-unsplash-textures/2404_textures_tree-bark-texture_by-hwang-sanguk-k0tljwrabxg-unsplash_3024x3024.sdr.png	c50_bl	2400-unsplash-textures	12	16
https://codec-corpus.r2.imazen.org/imazen-26-png-v3/8100-lilith-web-screenshots/768x1024/8358_web-screenshots_nasa-perseverance_dpr1_page2_768x1024.sdr.png	c50_bl	8100-lilith-web-screenshots	13	57
https://codec-corpus.r2.imazen.org/imazen-26-png-v3/7000-lilith-plots/aliased-lines/7018_plots_line-00266-s0bc1d2a4_1024x1024.sdr.png	c25_center	7000-lilith-plots	14	1
https://codec-corpus.r2.imazen.org/imazen-26-png-v3/5000-national-park-service-brochures/grayscale/5047_nps_redw-horsetrails-sb-2021-2_gray_p01_2550x4200.sdr.png	c50_br	5000-national-park-service-brochures	15	127
https://codec-corpus.r2.imazen.org/imazen-26-png-v3/7000-lilith-plots/grids/7053_plots_line-00252-s1b3f1017_1024x1024.sdr.png	c50_bl	7000-lilith-plots	16	20
https://codec-corpus.r2.imazen.org/imazen-26-png-v3/8100-lilith-web-screenshots/2880x1800/8232_web-screenshots_loc-exhibitions_dpr2_page1_2880x1800.sdr.png	c25_br	8100-lilith-web-screenshots	17	137
https://codec-corpus.r2.imazen.org/imazen-26-png-v3/9226-lilith-ai-products/electronics/9615_gen_products-electronics_orbit-smart-ring_p0377_1024x1024.sdr.png	c50_br	9226-lilith-ai-products	18	188
https://codec-corpus.r2.imazen.org/imazen-26-png-v3/8100-lilith-web-screenshots/375x667/8283_web-screenshots_lkml-lists-index_dpr1_page2_375x667.sdr.png	c25_tl	8100-lilith-web-screenshots	19	2
https://codec-corpus.r2.imazen.org/imazen-26-png-v3/9094-lilith-ai-illustrations/9110_gen_illustrations_coffee-shop-dusk_1536x1024.sdr.png	c50_center	9094-lilith-ai-illustrations	20	59
https://codec-corpus.r2.imazen.org/imazen-26-png-v3/1400-lilith-nature/1427_nature_bee-on-pink-flower_monument-inochi-kyoto_s23u_iso64-f4p9_20231107-111746_3000x4000.sdr.png	c50_bl	1400-lilith-nature	21	101
https://codec-corpus.r2.imazen.org/imazen-26-png-v3/1400-lilith-nature/1514_nature_purple-allium-flowers_colorado_ip8plus_iso20-f2p8_img-1310_3024x4032.sdr.png	c25_bl	1400-lilith-nature	22	147
https://codec-corpus.r2.imazen.org/imazen-26-png-v3/9226-lilith-ai-products/baby/9269_gen_products-baby_knit-romper-overalls-sage_flat_p0041_1024x1536.sdr.png	c50_br	9226-lilith-ai-products	23	51
https://codec-corpus.r2.imazen.org/imazen-26-png-v3/1400-lilith-nature/1421_nature_potted-orchids-table_shinjuku-gyoen-national-garden-shinjuku_s23u_iso16-f1p7_20230702-114223_3000x4000.sdr.png	c50_bl	1400-lilith-nature	24	120
https://codec-corpus.r2.imazen.org/imazen-26-png-v3/8100-lilith-web-screenshots/2880x1800/8250_web-screenshots_nih-home_dpr2_page2_2880x1800.sdr.png	c25_tl	8100-lilith-web-screenshots	25	26
https://codec-corpus.r2.imazen.org/imazen-26-png-v3/5200-epa-climate-impact-2021-report/5204_epa_climate-impact-2021_key-findings-income-education-age_p007_2968x3841.sdr.png	c50_center	5200-epa-climate-impact-2021-report	26	158
https://codec-corpus.r2.imazen.org/imazen-26-png-v3/6000-lilith-scans-public-patents/lynn_conway_us5046022_1bitoriginal/6019_scans-patents_lynn-conway-us5046022-1bit_p020_2320x3408.sdr.png	c25_br	6000-lilith-scans-public-patents	27	35
https://codec-corpus.r2.imazen.org/imazen-26-png-v3/1400-lilith-nature/1508_nature_ice-cave-interior_hornafjordur-iceland_ip13pro_iso1000-f1p8_img-0474_4032x3024.sdr.png	c50_br	1400-lilith-nature	28	59
https://codec-corpus.r2.imazen.org/imazen-26-png-v3/9000-lilith-ai-clipart/9036_gen_clipart_laptop-coffee_1024x1024.sdr.png	full	9000-lilith-ai-clipart	29	242
https://codec-corpus.r2.imazen.org/imazen-26-png-v3/7000-lilith-plots/grids/7039_plots_chart-00220-s782a7764_1024x1024.sdr.png	c25_tr	7000-lilith-plots	30	10
https://codec-corpus.r2.imazen.org/imazen-26-png-v3/1400-lilith-nature/1488_nature_iceberg-ocean-landscape_yakutat-alaska_s25u_iso80-f1p7_20250803-185104_3000x4000.sdr.png	c50_tr	1400-lilith-nature	31	134
https://codec-corpus.r2.imazen.org/imazen-26-png-v3/2000-unsplash-people/2001_people_by-anastasia-pivnenko-prng6r1nspq-unsplash_2272x3072.sdr.png	c50_bl	2000-unsplash-people	32	22
https://codec-corpus.r2.imazen.org/imazen-26-png-v3/9000-lilith-ai-clipart/9009_gen_clipart_book-stack_1024x1536.sdr.png	c25_tl	9000-lilith-ai-clipart	33	111
https://codec-corpus.r2.imazen.org/imazen-26-png-v3/9226-lilith-ai-products/accessories/9237_gen_products-accessories_marigold-statement-belt_p0011_3840x2160.sdr.png	c25_tr	9226-lilith-ai-products	34	4
https://codec-corpus.r2.imazen.org/imazen-26-png-v3/9226-lilith-ai-products/whitelabeled-beauty/9915_gen_products-whitelabeled-beauty_clear-lip-gloss-tube_p0676_1024x1536.sdr.png	c50_center	9226-lilith-ai-products	35	291
https://codec-corpus.r2.imazen.org/imazen-26-png-v3/1600-lilith-food/1614_food_dessert-plate-upside-down_valladolid-mexico_s23u_iso640-f1p7_20230917-213342_4000x3000.sdr.png	c50_center	1600-lilith-food	36	200
https://codec-corpus.r2.imazen.org/imazen-26-png-v3/9226-lilith-ai-products/accessories/9238_gen_products-accessories_merch-canvas-tote_p0012_1152x2048.sdr.png	c50_br	9226-lilith-ai-products	37	59
https://codec-corpus.r2.imazen.org/imazen-26-png-v3/9226-lilith-ai-products/clothing/womens/general/9526_gen_products-clothing-womens-general_denim-jacket_flat_p0291_1024x1024.sdr.png	c50_center	9226-lilith-ai-products	38	17
https://codec-corpus.r2.imazen.org/imazen-26-png-v3/9226-lilith-ai-products/home/kitchen/9817_gen_products-home-kitchen_fieldstone-glass-storage-set_p0578_1536x1024.sdr.png	c25_tr	9226-lilith-ai-products	39	312
https://codec-corpus.r2.imazen.org/imazen-26-png-v3/8100-lilith-web-screenshots/768x1024/8387_web-screenshots_weather-home_dpr1_page1_768x1024.sdr.png	c25_tl	8100-lilith-web-screenshots	40	13
https://codec-corpus.r2.imazen.org/imazen-26-png-v3/9226-lilith-ai-products/grocery/9699_gen_products-grocery_wildoak-maple-pecan-granola-bag_p0460_1024x1536.sdr.png	c50_center	9226-lilith-ai-products	41	94
https://codec-corpus.r2.imazen.org/imazen-26-png-v3/1400-lilith-nature/1538_nature_boat-on-narrow-channel_muyil-chunyaxche-mexico_ip13pro_iso50-f1p5_img-8787_3024x4032.sdr.png	c25_center	1400-lilith-nature	42	140
https://codec-corpus.r2.imazen.org/imazen-26-png-v3/7000-lilith-plots/aliased-line-patterns/7002_plots_line-00118-s306ca2bd_1024x1024.sdr.png	c50_tl	7000-lilith-plots	43	7
https://codec-corpus.r2.imazen.org/imazen-26-png-v3/7000-lilith-plots/line-patterns/7057_plots_line-tiling-00208-s6c4f8551_1024x1024.sdr.png	c50_bl	7000-lilith-plots	44	19
https://codec-corpus.r2.imazen.org/imazen-26-png-v3/7000-lilith-plots/real-charts/7125_plots_chart-violin-16-forest_1024x1024.sdr.png	full	7000-lilith-plots	45	118
https://codec-corpus.r2.imazen.org/imazen-26-png-v3/9226-lilith-ai-products/accessories/9250_gen_products-accessories_straw-sun-hat_p0022_2048x2048.sdr.png	c25_tl	9226-lilith-ai-products	46	149
https://codec-corpus.r2.imazen.org/imazen-26-png-v3/9094-lilith-ai-illustrations/9163_gen_illustrations_manga-after-battle-rest_1536x1024.sdr.png	c25_bl	9094-lilith-ai-illustrations	47	11
https://codec-corpus.r2.imazen.org/imazen-26-png-v3/1600-lilith-food/1632_food_orange-juice-glass_uchiura-shigedera-numazu-japan_s23u_iso125-f2p4_20250307-182432_3000x4000.sdr.png	c50_tr	1600-lilith-food	48	123
https://codec-corpus.r2.imazen.org/imazen-26-png-v3/8100-lilith-web-screenshots/375x667/8288_web-screenshots_loc-pictures_dpr1_page1_375x667.sdr.png	full	8100-lilith-web-screenshots	49	48
https://codec-corpus.r2.imazen.org/imazen-26-png-v3/5300-noaa-hurricane-documents/5318_noaa_nhc-al072022-fiona_p21_2550x3300.sdr.png	c50_br	5300-noaa-hurricane-documents	50	160
https://codec-corpus.r2.imazen.org/imazen-26-png-v3/9094-lilith-ai-illustrations/9135_gen_illustrations_old-fisherman-river_1024x1536.sdr.png	c50_tl	9094-lilith-ai-illustrations	51	135
https://codec-corpus.r2.imazen.org/imazen-26-png-v3/9094-lilith-ai-illustrations/9154_gen_illustrations_tiny-mossy-friend_1024x1536.sdr.png	c25_center	9094-lilith-ai-illustrations	52	23
https://codec-corpus.r2.imazen.org/imazen-26-png-v3/2400-unsplash-textures/2409_textures_blue-abstract-texture_by-tim-mossholder-shmrlyrv-s0-unsplash_5504x8256.sdr.png	c25_tl	2400-unsplash-textures	53	14
https://codec-corpus.r2.imazen.org/imazen-26-png-v3/8100-lilith-web-screenshots/1920x1080/8172_web-screenshots_lkml-lists-index_dpr1_page2_1920x1080.sdr.png	c50_tl	8100-lilith-web-screenshots	54	20
https://codec-corpus.r2.imazen.org/imazen-26-png-v3/6600-ia-scans-manuscript-illustrations/6604_scans-illustrations_haeckel-moths_plate0058_4865x7207.sdr.png	c25_tr	6600-ia-scans-manuscript-illustrations	55	2
https://codec-corpus.r2.imazen.org/imazen-26-png-v3/6800-ia-scans-manuscript-text/6833_scans-text_redoute-fr-description_p0146_2415x3528.sdr.png	c50_center	6800-ia-scans-manuscript-text	56	126
https://codec-corpus.r2.imazen.org/imazen-26-png-v3/2400-unsplash-textures/2405_textures_green-galaxy-speckle_by-logan-voss-bsfdgf4xtac-unsplash_4320x7680.sdr.png	c50_br	2400-unsplash-textures	57	5
https://codec-corpus.r2.imazen.org/imazen-26-png-v3/7000-lilith-plots/line-patterns/7054_plots_line-tiling-00056-s6bcec02a_1024x1024.sdr.png	c50_br	7000-lilith-plots	58	35
https://codec-corpus.r2.imazen.org/imazen-26-png-v3/8100-lilith-web-screenshots/other/8421_web-screenshots_nasa-missions_dpr1_page2_1024x768.sdr.png	c50_br	8100-lilith-web-screenshots	59	120
https://codec-corpus.r2.imazen.org/imazen-26-png-v3/1400-lilith-nature/1538_nature_boat-on-narrow-channel_muyil-chunyaxche-mexico_ip13pro_iso50-f1p5_img-8787_3024x4032.sdr.png	c25_tl	1400-lilith-nature	60	135
https://codec-corpus.r2.imazen.org/imazen-26-png-v3/1200-lilith-interiors/1205_interiors_modern-living-room_tulum-mexico_s23u_iso160-f1p7_20230917-114545_3000x4000.sdr.png	c50_tr	1200-lilith-interiors	61	127
https://codec-corpus.r2.imazen.org/imazen-26-png-v3/8100-lilith-web-screenshots/375x667/8323_web-screenshots_usgs-topoview_dpr1_page1_375x667.sdr.png	c50_center	8100-lilith-web-screenshots	62	28
https://codec-corpus.r2.imazen.org/imazen-26-png-v3/9226-lilith-ai-products/footwear/9654_gen_products-footwear_womens-wedge-sandal-cream_p0415_1536x1024.sdr.png	full	9226-lilith-ai-products	63	270
https://codec-corpus.r2.imazen.org/imazen-26-png-v3/7000-lilith-plots/line-patterns/7059_plots_line-tiling-00260-s5da77574_1024x1024.sdr.png	c25_bl	7000-lilith-plots	64	19
https://codec-corpus.r2.imazen.org/imazen-26-png-v3/7000-lilith-plots/aliased-polygons/7024_plots_line-00038-s335b5033_1024x1024.sdr.png	c50_bl	7000-lilith-plots	65	8
https://codec-corpus.r2.imazen.org/imazen-26-png-v3/6000-lilith-scans-public-patents/yvonne_brill_us3807657_1bitoriginal/6100_scans-patents_yvonne-brill-us3807657-1bit_p003_2320x3408.sdr.png	c25_tl	6000-lilith-scans-public-patents	66	84
https://codec-corpus.r2.imazen.org/imazen-26-png-v3/7000-lilith-plots/random-charts/7101_plots_chart-00363-s4e589110_1024x1024.sdr.png	c50_bl	7000-lilith-plots	67	50
https://codec-corpus.r2.imazen.org/imazen-26-png-v3/6000-lilith-scans-public-patents/lynn_conway_us5046022_1bitoriginal/6016_scans-patents_lynn-conway-us5046022-1bit_p017_2320x3408.sdr.png	full	6000-lilith-scans-public-patents	68	18
https://codec-corpus.r2.imazen.org/imazen-26-png-v3/8100-lilith-web-screenshots/375x667/8275_web-screenshots_climate-gov-home_dpr1_page1_375x667.sdr.png	c50_bl	8100-lilith-web-screenshots	69	6
https://codec-corpus.r2.imazen.org/imazen-26-png-v3/9000-lilith-ai-clipart/9055_gen_clipart_rainbow-cloud_1024x1024.sdr.png	c25_br	9000-lilith-ai-clipart	70	75
https://codec-corpus.r2.imazen.org/imazen-26-png-v3/5300-noaa-hurricane-documents/5312_noaa_nhc-al042024-debby_p19_2550x3300.sdr.png	c25_bl	5300-noaa-hurricane-documents	71	206
https://codec-corpus.r2.imazen.org/imazen-26-png-v3/9226-lilith-ai-products/beauty/9292_gen_products-beauty_bryn-birch-brand-set_flat_p0063_1536x1024.sdr.png	c50_tr	9226-lilith-ai-products	72	214
https://codec-corpus.r2.imazen.org/imazen-26-png-v3/6000-lilith-scans-public-patents/lynn_conway_us5046022_printrescangray300/6087_scans-patents_lynn-conway-us5046022-rescan-gray_p029_2479x3230.sdr.png	c25_tr	6000-lilith-scans-public-patents	73	77
https://codec-corpus.r2.imazen.org/imazen-26-png-v3/6000-lilith-scans-public-patents/martha_jones_us77494_printrescancolor300/6093_scans-patents_martha-jones-us77494-rescan-color_p002_2479x3230.sdr.png	c50_bl	6000-lilith-scans-public-patents	74	128
https://codec-corpus.r2.imazen.org/imazen-26-png-v3/8100-lilith-web-screenshots/768x1024/8351_web-screenshots_nasa-image-of-day_dpr1_page1_768x1024.sdr.png	c25_bl	8100-lilith-web-screenshots	75	109
https://codec-corpus.r2.imazen.org/imazen-26-png-v3/3000-art-institute-of-chicago-photos/3001_aic_self-portrait_11_4000x5226.sdr.png	full	3000-art-institute-of-chicago-photos	76	72
https://codec-corpus.r2.imazen.org/imazen-26-png-v3/6000-lilith-scans-public-patents/lynn_conway_us5046022_1bitoriginal/6012_scans-patents_lynn-conway-us5046022-1bit_p013_2320x3408.sdr.png	c50_bl	6000-lilith-scans-public-patents	77	117
https://codec-corpus.r2.imazen.org/imazen-26-png-v3/8100-lilith-web-screenshots/2880x1800/8238_web-screenshots_nasa-home_dpr2_page1_2880x1800.sdr.png	c25_bl	8100-lilith-web-screenshots	78	123
https://codec-corpus.r2.imazen.org/imazen-26-png-v3/9226-lilith-ai-products/whitelabeled-beauty/9927_gen_products-whitelabeled-beauty_neon-pink-blush-stick_p0688_1024x1536.sdr.png	c50_bl	9226-lilith-ai-products	79	139
https://codec-corpus.r2.imazen.org/imazen-26-png-v3/8100-lilith-web-screenshots/2880x1800/8231_web-screenshots_lkml-lists-index_dpr2_page2_2880x1800.sdr.png	c25_tr	8100-lilith-web-screenshots	80	12
https://codec-corpus.r2.imazen.org/imazen-26-png-v3/9226-lilith-ai-products/footwear/9636_gen_products-footwear_cobalt-lime-knit-racer_p0397_2816x1536.sdr.png	c25_tr	9226-lilith-ai-products	81	7
https://codec-corpus.r2.imazen.org/imazen-26-png-v3/7000-lilith-plots/aliased-line-patterns/7003_plots_line-00208-s6c4f8551_1024x1024.sdr.png	c50_bl	7000-lilith-plots	82	14
https://codec-corpus.r2.imazen.org/imazen-26-png-v3/3300-met-museum-photos/3311_met_jamb-stove_3689_2002x1717.sdr.png	c25_tl	3300-met-museum-photos	83	41
https://codec-corpus.r2.imazen.org/imazen-26-png-v3/1200-lilith-interiors/1225_interiors_kitchen-appliances-overhead_minamiizu-japan_s23u_iso200-f1p7_20250307-112014_3000x4000.sdr.png	c50_tr	1200-lilith-interiors	84	172
https://codec-corpus.r2.imazen.org/imazen-26-png-v3/1400-lilith-nature/1405_nature_sea-cave-waves_keawaiki-bay-hana_s21u_iso16-f1p8_20210608-123424_4000x3000.sdr.png	c25_center	1400-lilith-nature	85	45
https://codec-corpus.r2.imazen.org/imazen-26-png-v3/9094-lilith-ai-illustrations/9100_gen_illustrations_bath-candles-evening_1024x1536.sdr.png	c25_tl	9094-lilith-ai-illustrations	86	134
https://codec-corpus.r2.imazen.org/imazen-26-png-v3/8100-lilith-web-screenshots/other/8410_web-screenshots_gutenberg-top_dpr1_page1_1280x800.sdr.png	c25_bl	8100-lilith-web-screenshots	87	23
https://codec-corpus.r2.imazen.org/imazen-26-png-v3/5300-noaa-hurricane-documents/5329_noaa_nhc-al122024-kirk_p01_2550x3300.sdr.png	c50_tl	5300-noaa-hurricane-documents	88	149
https://codec-corpus.r2.imazen.org/imazen-26-png-v3/9226-lilith-ai-products/clothing/womens/general/9545_gen_products-clothing-womens-general_wide-leg-jean_ghost_p0310_1024x1536.sdr.png	c50_br	9226-lilith-ai-products	89	107
https://codec-corpus.r2.imazen.org/imazen-26-png-v3/6800-ia-scans-manuscript-text/6825_scans-text_redoute-fr-description_p0060_2415x3528.sdr.png	c25_tr	6800-ia-scans-manuscript-text	90	118
https://codec-corpus.r2.imazen.org/imazen-26-png-v3/9226-lilith-ai-products/clothing/mens/9413_gen_products-clothing-mens_navy-pique-polo_flat_p0184_1024x1024.sdr.png	c25_center	9226-lilith-ai-products	91	1
https://codec-corpus.r2.imazen.org/imazen-26-png-v3/3300-met-museum-photos/3318_met_vessel_479496_2505x2596.sdr.png	c50_tr	3300-met-museum-photos	92	213
https://codec-corpus.r2.imazen.org/imazen-26-png-v3/9226-lilith-ai-products/toys/9892_gen_products-toys_kids-soccer-ball_p0653_1024x1024.sdr.png	full	9226-lilith-ai-products	93	186
https://codec-corpus.r2.imazen.org/imazen-26-png-v3/6600-ia-scans-manuscript-illustrations/6602_scans-illustrations_haeckel-starfish_plate0040_4961x7277.sdr.png	c50_tr	6600-ia-scans-manuscript-illustrations	94	33
https://codec-corpus.r2.imazen.org/imazen-26-png-v3/8100-lilith-web-screenshots/1920x1080/8171_web-screenshots_lkml-lists-index_dpr1_page1_1920x1080.sdr.png	c25_center	8100-lilith-web-screenshots	95	32
https://codec-corpus.r2.imazen.org/imazen-26-png-v3/6000-lilith-scans-public-patents/yvonne_brill_us3807657_1bitoriginal/6101_scans-patents_yvonne-brill-us3807657-1bit_p004_2320x3408.sdr.png	c50_center	6000-lilith-scans-public-patents	96	23
https://codec-corpus.r2.imazen.org/imazen-26-png-v3/7000-lilith-plots/grids/7047_plots_line-00065-s0b64cf58_1024x1024.sdr.png	c50_tl	7000-lilith-plots	97	10
https://codec-corpus.r2.imazen.org/imazen-26-png-v3/6600-ia-scans-manuscript-illustrations/6606_scans-illustrations_haeckel-red-algae_plate0065_5015x7275.sdr.png	c50_bl	6600-ia-scans-manuscript-illustrations	98	10
https://codec-corpus.r2.imazen.org/imazen-26-png-v3/8100-lilith-web-screenshots/other/8446_web-screenshots_nps-yell_dpr1_page1_2560x1440.sdr.png	c25_br	8100-lilith-web-screenshots	99	100
https://codec-corpus.r2.imazen.org/imazen-26-png-v3/1000-lilith-photos-general/1039_general_sun-over-forest_ek-balam_s23u_iso50-f2p2_20230918-160739_4000x3000.sdr.png	c25_bl	1000-lilith-photos-general	100	47
https://codec-corpus.r2.imazen.org/imazen-26-png-v3/7000-lilith-plots/grids/7044_plots_chart-00338-s6215c94e_1024x1024.sdr.png	c50_br	7000-lilith-plots	101	23
https://codec-corpus.r2.imazen.org/imazen-26-png-v3/1000-lilith-photos-general/1042_general_dragon-fountain-statue_monument-inochi-kyoto_s23u_iso100-f1p7_20231107-111520_4000x3000.sdr.png	c25_center	1000-lilith-photos-general	102	35
https://codec-corpus.r2.imazen.org/imazen-26-png-v3/8100-lilith-web-screenshots/1440x900/8106_web-screenshots_climate-news_dpr1_page1_1440x900.sdr.png	c25_tl	8100-lilith-web-screenshots	103	181
https://codec-corpus.r2.imazen.org/imazen-26-png-v3/7000-lilith-plots/aliased-lines/7013_plots_line-00146-s6f881573_1024x1024.sdr.png	c25_tr	7000-lilith-plots	104	14
https://codec-corpus.r2.imazen.org/imazen-26-png-v3/1400-lilith-nature/1472_nature_sunset-over-parking-lot_colorado_s23u_iso25-f1p7_20241220-165246_4000x3000.sdr.png	c25_tr	1400-lilith-nature	105	96
https://codec-corpus.r2.imazen.org/imazen-26-png-v3/8100-lilith-web-screenshots/375x667/8289_web-screenshots_loc-pictures_dpr1_page2_375x667.sdr.png	c25_tr	8100-lilith-web-screenshots	106	4
https://codec-corpus.r2.imazen.org/imazen-26-png-v3/8100-lilith-web-screenshots/768x1024/8376_web-screenshots_si-edu-exhibitions_dpr1_page2_768x1024.sdr.png	c50_br	8100-lilith-web-screenshots	107	140
https://codec-corpus.r2.imazen.org/imazen-26-png-v3/5000-national-park-service-brochures/color/5017_nps_grsm-grsm-trail-map_color_p01_9146x5272.sdr.png	c50_tr	5000-national-park-service-brochures	108	31
https://codec-corpus.r2.imazen.org/imazen-26-png-v3/5200-epa-climate-impact-2021-report/5202_epa_climate-impact-2021_fig-es1-six-impacts_p005_2968x3841.sdr.png	c50_tr	5200-epa-climate-impact-2021-report	109	234
https://codec-corpus.r2.imazen.org/imazen-26-png-v3/7000-lilith-plots/grids/7042_plots_chart-00290-s4b1661bd_1024x1024.sdr.png	c50_bl	7000-lilith-plots	110	36
https://codec-corpus.r2.imazen.org/imazen-26-png-v3/1200-lilith-interiors/1228_interiors_stained-glass-windows_casa-batllo-barcelona_zfold7_iso2500-f1p7_20260315-205328_4000x3000.sdr.png	c25_bl	1200-lilith-interiors	111	94
https://codec-corpus.r2.imazen.org/imazen-26-png-v3/9226-lilith-ai-products/clothing/womens/activewear/9448_gen_products-clothing-womens-activewear_tank-shorts-sage_onmodel_p0219_1024x1536.sdr.png	c50_center	9226-lilith-ai-products	112	102
https://codec-corpus.r2.imazen.org/imazen-26-png-v3/7000-lilith-plots/aliased-lines/7011_plots_line-00121-s3491d29b_1024x1024.sdr.png	c50_center	7000-lilith-plots	113	9
https://codec-corpus.r2.imazen.org/imazen-26-png-v3/9226-lilith-ai-products/whitelabeled-beauty/9909_gen_products-whitelabeled-beauty_black-mascara-tube_p0670_1024x1536.sdr.png	c50_bl	9226-lilith-ai-products	114	182
https://codec-corpus.r2.imazen.org/imazen-26-png-v3/8100-lilith-web-screenshots/1920x1080/8166_web-screenshots_datagov-catalog_dpr1_page2_1920x1080.sdr.png	c50_tl	8100-lilith-web-screenshots	115	114
https://codec-corpus.r2.imazen.org/imazen-26-png-v3/6000-lilith-scans-public-patents/yvonne_brill_us3807657_1bitoriginal/6098_scans-patents_yvonne-brill-us3807657-1bit_p001_2320x3408.sdr.png	c25_bl	6000-lilith-scans-public-patents	116	113
https://codec-corpus.r2.imazen.org/imazen-26-png-v3/7000-lilith-plots/aliased-line-patterns/7002_plots_line-00118-s306ca2bd_1024x1024.sdr.png	c50_center	7000-lilith-plots	117	11
https://codec-corpus.r2.imazen.org/imazen-26-png-v3/8000-lilith-mobile-screenshots/8012_mobile-screenshots_on-screen-keyboard_screenshot-20260526-070935-calculator_1080x2520.sdr.png	c50_tl	8000-lilith-mobile-screenshots	118	63
https://codec-corpus.r2.imazen.org/imazen-26-png-v3/9226-lilith-ai-products/clothing/womens/dark-bg/9475_gen_products-clothing-womens-dark-bg_magenta-sequin-mini_p0244_2160x3840.sdr.png	c25_bl	9226-lilith-ai-products	119	68
https://codec-corpus.r2.imazen.org/imazen-26-png-v3/9226-lilith-ai-products/clothing/womens/general/9531_gen_products-clothing-womens-general_floral-wrap-dress_onmodel_p0296_1024x1536.sdr.png	c50_center	9226-lilith-ai-products	120	6
https://codec-corpus.r2.imazen.org/imazen-26-png-v3/9094-lilith-ai-illustrations/9166_gen_illustrations_manga-magical-girl-transformation_1024x1536.sdr.png	c50_center	9094-lilith-ai-illustrations	121	29
https://codec-corpus.r2.imazen.org/imazen-26-png-v3/8100-lilith-web-screenshots/375x667/8281_web-screenshots_gutenberg-top_dpr1_page2_375x667.sdr.png	c50_tr	8100-lilith-web-screenshots	122	34
https://codec-corpus.r2.imazen.org/imazen-26-png-v3/1400-lilith-nature/1406_nature_tropical-coastline-bay_waianapanapa-state-park-hana_s21u_iso50-f2p2_20210608-132330_4000x2252.sdr.png	c50_br	1400-lilith-nature	123	34
https://codec-corpus.r2.imazen.org/imazen-26-png-v3/6000-lilith-scans-public-patents/lynn_conway_us5046022_printrescangray300/6068_scans-patents_lynn-conway-us5046022-rescan-gray_p010_2479x3230.sdr.png	c25_center	6000-lilith-scans-public-patents	124	34
https://codec-corpus.r2.imazen.org/imazen-26-png-v3/8100-lilith-web-screenshots/375x667/8295_web-screenshots_nasa-image-of-day_dpr1_page2_375x667.sdr.png	c50_tr	8100-lilith-web-screenshots	125	32
https://codec-corpus.r2.imazen.org/imazen-26-png-v3/8100-lilith-web-screenshots/375x667/8325_web-screenshots_weather-forecast-nyc_dpr1_page2_375x667.sdr.png	c50_bl	8100-lilith-web-screenshots	126	47
https://codec-corpus.r2.imazen.org/imazen-26-png-v3/7000-lilith-plots/grids/7046_plots_line-00050-s221fd453_1024x1024.sdr.png	c50_center	7000-lilith-plots	127	22
https://codec-corpus.r2.imazen.org/imazen-26-png-v3/8100-lilith-web-screenshots/2880x1800/8231_web-screenshots_lkml-lists-index_dpr2_page2_2880x1800.sdr.png	c25_tl	8100-lilith-web-screenshots	128	5
https://codec-corpus.r2.imazen.org/imazen-26-png-v3/9226-lilith-ai-products/home/kitchen/9817_gen_products-home-kitchen_fieldstone-glass-storage-set_p0578_1536x1024.sdr.png	c50_bl	9226-lilith-ai-products	129	64
https://codec-corpus.r2.imazen.org/imazen-26-png-v3/7000-lilith-plots/line-patterns/7055_plots_line-tiling-00099-s07ea3f1a_1024x1024.sdr.png	c25_br	7000-lilith-plots	130	64
https://codec-corpus.r2.imazen.org/imazen-26-png-v3/9226-lilith-ai-products/footwear/9665_gen_products-footwear_olive-suede-chelsea-boot_p0426_1024x1536.sdr.png	c25_bl	9226-lilith-ai-products	131	54
https://codec-corpus.r2.imazen.org/imazen-26-png-v3/7000-lilith-plots/lines/7065_plots_line-concentric-00266-s0bc1d2a4_1024x1024.sdr.png	c50_br	7000-lilith-plots	132	23
https://codec-corpus.r2.imazen.org/imazen-26-png-v3/1400-lilith-nature/1510_nature_purple-iris-flowers_colorado_ip8plus_iso40-f2p8_img-0803_3024x4032.sdr.png	c50_br	1400-lilith-nature	133	196
https://codec-corpus.r2.imazen.org/imazen-26-png-v3/9094-lilith-ai-illustrations/9152_gen_illustrations_taxi-rainy-evening_1024x1536.sdr.png	c50_bl	9094-lilith-ai-illustrations	134	31
https://codec-corpus.r2.imazen.org/imazen-26-png-v3/9226-lilith-ai-products/clothing/kids/9360_gen_products-clothing-kids_baby-overalls-denim-light-wash_flat_p0131_1024x1536.sdr.png	c25_center	9226-lilith-ai-products	135	1
https://codec-corpus.r2.imazen.org/imazen-26-png-v3/9226-lilith-ai-products/home/small-appliances/9850_gen_products-home-small-appliances_kettlebay-espresso-machine_p0611_1024x1536.sdr.png	c50_center	9226-lilith-ai-products	136	117
https://codec-corpus.r2.imazen.org/imazen-26-png-v3/9226-lilith-ai-products/clothing/fabric-textures/9352_gen_products-clothing-fabric-textures_swatch-buffalo-check-flannel_p0123_2048x2048.sdr.png	c50_tl	9226-lilith-ai-products	137	12
https://codec-corpus.r2.imazen.org/imazen-26-png-v3/9094-lilith-ai-illustrations/9134_gen_illustrations_night-market-lanterns_1024x1536.sdr.png	full	9094-lilith-ai-illustrations	138	29
https://codec-corpus.r2.imazen.org/imazen-26-png-v3/9094-lilith-ai-illustrations/9125_gen_illustrations_herb-garden-windowsill_1024x1536.sdr.png	c25_center	9094-lilith-ai-illustrations	139	17
https://codec-corpus.r2.imazen.org/imazen-26-png-v3/6000-lilith-scans-public-patents/lynn_conway_us5046022_printrescangray300/6069_scans-patents_lynn-conway-us5046022-rescan-gray_p011_2479x3230.sdr.png	c25_tr	6000-lilith-scans-public-patents	140	207
https://codec-corpus.r2.imazen.org/imazen-26-png-v3/9094-lilith-ai-illustrations/9155_gen_illustrations_urban-garden-patio_1024x1536.sdr.png	c25_tl	9094-lilith-ai-illustrations	141	54
https://codec-corpus.r2.imazen.org/imazen-26-png-v3/9094-lilith-ai-illustrations/9116_gen_illustrations_desert-twilight-saguaro_1024x1536.sdr.png	c25_bl	9094-lilith-ai-illustrations	142	7
https://codec-corpus.r2.imazen.org/imazen-26-png-v3/8100-lilith-web-screenshots/375x667/8271_web-screenshots_archive-wayback-search_dpr1_page1_375x667.sdr.png	full	8100-lilith-web-screenshots	143	85
https://codec-corpus.r2.imazen.org/imazen-26-png-v3/7000-lilith-plots/aliased-lines/7008_plots_line-00027-s195cfe6a_1024x1024.sdr.png	c50_tl	7000-lilith-plots	144	33
https://codec-corpus.r2.imazen.org/imazen-26-png-v3/7000-lilith-plots/aliased-lines/7013_plots_line-00146-s6f881573_1024x1024.sdr.png	c50_tr	7000-lilith-plots	145	5
https://codec-corpus.r2.imazen.org/imazen-26-png-v3/1200-lilith-interiors/1200_interiors_reflective-egg-sculptures_s23u_iso10-f1p7_20230704-121114_4000x3000.sdr.png	c50_center	1200-lilith-interiors	146	76
https://codec-corpus.r2.imazen.org/imazen-26-png-v3/6600-ia-scans-manuscript-illustrations/6619_scans-illustrations_redoute-rose-pale-pink_plate0057_2912x4368.sdr.png	c50_tr	6600-ia-scans-manuscript-illustrations	147	77
https://codec-corpus.r2.imazen.org/imazen-26-png-v3/8100-lilith-web-screenshots/375x667/8283_web-screenshots_lkml-lists-index_dpr1_page2_375x667.sdr.png	c25_tr	8100-lilith-web-screenshots	148	2
https://codec-corpus.r2.imazen.org/imazen-26-png-v3/5300-noaa-hurricane-documents/5312_noaa_nhc-al042024-debby_p19_2550x3300.sdr.png	c25_tr	5300-noaa-hurricane-documents	149	254
https://codec-corpus.r2.imazen.org/imazen-26-png-v3/9226-lilith-ai-products/home/kitchen/9803_gen_products-home-kitchen_ashridge-french-press_p0564_1024x1536.sdr.png	c25_bl	9226-lilith-ai-products	150	120
https://codec-corpus.r2.imazen.org/imazen-26-png-v3/9094-lilith-ai-illustrations/9113_gen_illustrations_cyclist-bridge-golden-hour_1536x1024.sdr.png	c50_br	9094-lilith-ai-illustrations	151	3
https://codec-corpus.r2.imazen.org/imazen-26-png-v3/9000-lilith-ai-clipart/9070_gen_clipart_sunflower-cheerful_1024x1536.sdr.png	c50_tr	9000-lilith-ai-clipart	152	194
https://codec-corpus.r2.imazen.org/imazen-26-png-v3/7000-lilith-plots/random-charts/7102_plots_chart-00417-s2b748aba_1024x1024.sdr.png	c50_center	7000-lilith-plots	153	16
https://codec-corpus.r2.imazen.org/imazen-26-png-v3/7000-lilith-plots/grids/7038_plots_chart-00144-s2f4e8e1b_1024x1024.sdr.png	c50_bl	7000-lilith-plots	154	15
https://codec-corpus.r2.imazen.org/imazen-26-png-v3/9226-lilith-ai-products/clothing/womens/general/9533_gen_products-clothing-womens-general_graphic-sweatshirt_p0298_1024x1536.sdr.png	c25_center	9226-lilith-ai-products	155	55
https://codec-corpus.r2.imazen.org/imazen-26-png-v3/8100-lilith-web-screenshots/1920x1080/8206_web-screenshots_si-edu-exhibitions_dpr1_page1_1920x1080.sdr.png	c50_tl	8100-lilith-web-screenshots	156	19
https://codec-corpus.r2.imazen.org/imazen-26-png-v3/6000-lilith-scans-public-patents/lynn_conway_us5046022_1bitoriginal/6013_scans-patents_lynn-conway-us5046022-1bit_p014_2320x3408.sdr.png	c25_bl	6000-lilith-scans-public-patents	157	104
https://codec-corpus.r2.imazen.org/imazen-26-png-v3/3300-met-museum-photos/3302_met_landscape_11774_2362x1585.sdr.png	c50_center	3300-met-museum-photos	158	33
https://codec-corpus.r2.imazen.org/imazen-26-png-v3/9226-lilith-ai-products/clothing/womens/loungewear/9564_gen_products-clothing-womens-loungewear_ivory-wireless-bralette_flat_p0329_1024x1024.sdr.png	c50_br	9226-lilith-ai-products	159	92
https://codec-corpus.r2.imazen.org/imazen-26-png-v3/7000-lilith-plots/random-charts/7095_plots_chart-00152-s5a1f19a0_1024x1024.sdr.png	c25_br	7000-lilith-plots	160	2
https://codec-corpus.r2.imazen.org/imazen-26-png-v3/9226-lilith-ai-products/grocery/9678_gen_products-grocery_cereal-box-coral_p0439_1024x1536.sdr.png	c50_bl	9226-lilith-ai-products	161	146
https://codec-corpus.r2.imazen.org/imazen-26-png-v3/7000-lilith-plots/random-charts/7101_plots_chart-00363-s4e589110_1024x1024.sdr.png	c50_tr	7000-lilith-plots	162	69
https://codec-corpus.r2.imazen.org/imazen-26-png-v3/8100-lilith-web-screenshots/375x667/8289_web-screenshots_loc-pictures_dpr1_page2_375x667.sdr.png	c50_br	8100-lilith-web-screenshots	163	9
https://codec-corpus.r2.imazen.org/imazen-26-png-v3/6600-ia-scans-manuscript-illustrations/6613_scans-illustrations_owenjones-colour-bands_plate0070_1996x3000.sdr.png	c25_bl	6600-ia-scans-manuscript-illustrations	164	68
https://codec-corpus.r2.imazen.org/imazen-26-png-v3/9226-lilith-ai-products/home/small-appliances/9850_gen_products-home-small-appliances_kettlebay-espresso-machine_p0611_1024x1536.sdr.png	c50_tr	9226-lilith-ai-products	165	193
https://codec-corpus.r2.imazen.org/imazen-26-png-v3/8100-lilith-web-screenshots/other/8443_web-screenshots_nps-grca_dpr1_page2_414x896.sdr.png	c50_bl	8100-lilith-web-screenshots	166	73
https://codec-corpus.r2.imazen.org/imazen-26-png-v3/9226-lilith-ai-products/home/decor/9763_gen_products-home-decor_sage-percale-sheet-set_flat_p0524_1536x1024.sdr.png	c50_tr	9226-lilith-ai-products	167	140
https://codec-corpus.r2.imazen.org/imazen-26-png-v3/3300-met-museum-photos/3302_met_landscape_11774_2362x1585.sdr.png	c25_br	3300-met-museum-photos	168	7
https://codec-corpus.r2.imazen.org/imazen-26-png-v3/6600-ia-scans-manuscript-illustrations/6607_scans-illustrations_haeckel-radiolaria-spheres_plate0090_4918x7246.sdr.png	c50_br	6600-ia-scans-manuscript-illustrations	169	19
https://codec-corpus.r2.imazen.org/imazen-26-png-v3/8100-lilith-web-screenshots/other/8433_web-screenshots_nih-recipes-keep-the-beat_dpr1_page2_1280x800.sdr.png	c50_bl	8100-lilith-web-screenshots	170	34
https://codec-corpus.r2.imazen.org/imazen-26-png-v3/9226-lilith-ai-products/toys/9890_gen_products-toys_kids-art-supply-caddy_p0651_1024x1024.sdr.png	c50_tl	9226-lilith-ai-products	171	149
https://codec-corpus.r2.imazen.org/imazen-26-png-v3/8100-lilith-web-screenshots/1440x900/8119_web-screenshots_loc-pictures_dpr1_page2_1440x900.sdr.png	c50_bl	8100-lilith-web-screenshots	172	27
https://codec-corpus.r2.imazen.org/imazen-26-png-v3/6000-lilith-scans-public-patents/lynn_conway_us5046022_printrescancolor300/6043_scans-patents_lynn-conway-us5046022-rescan-color_p015_2479x3230.sdr.png	c25_tr	6000-lilith-scans-public-patents	173	122
https://codec-corpus.r2.imazen.org/imazen-26-png-v3/1600-lilith-food/1621_food_dessert-on-plate_grindavik-iceland_s23u_iso40-f1p7_20240429-184401_3000x4000.sdr.png	c50_tr	1600-lilith-food	174	125
https://codec-corpus.r2.imazen.org/imazen-26-png-v3/8100-lilith-web-screenshots/other/8414_web-screenshots_lkml-lists-index_dpr1_page1_1280x800.sdr.png	c50_center	8100-lilith-web-screenshots	175	8
https://codec-corpus.r2.imazen.org/imazen-26-png-v3/6600-ia-scans-manuscript-illustrations/6604_scans-illustrations_haeckel-moths_plate0058_4865x7207.sdr.png	c50_bl	6600-ia-scans-manuscript-illustrations	176	4
https://codec-corpus.r2.imazen.org/imazen-26-png-v3/7000-lilith-plots/aliased-line-patterns/7005_plots_line-00260-s5da77574_1024x1024.sdr.png	c50_br	7000-lilith-plots	177	10
https://codec-corpus.r2.imazen.org/imazen-26-png-v3/8100-lilith-web-screenshots/2880x1800/8257_web-screenshots_nps-yose_dpr2_page2_2880x1800.sdr.png	full	8100-lilith-web-screenshots	178	125
https://codec-corpus.r2.imazen.org/imazen-26-png-v3/9226-lilith-ai-products/clothing/fabric-textures/9357_gen_products-clothing-fabric-textures_texture-magenta-leopard-sequin_detail_p0128_3840x2160.sdr.png	c25_br	9226-lilith-ai-products	179	16
https://codec-corpus.r2.imazen.org/imazen-26-png-v3/1400-lilith-nature/1441_nature_monkey-on-roof_monkey-park-iwatayama-kyoto_s23u_iso50-f4p9_20231108-135953-001_4000x3000.sdr.png	c25_tr	1400-lilith-nature	180	36
https://codec-corpus.r2.imazen.org/imazen-26-png-v3/7000-lilith-plots/aliased-lines/7007_plots_line-00020-s1aac7045_1024x1024.sdr.png	c50_tr	7000-lilith-plots	181	19
https://codec-corpus.r2.imazen.org/imazen-26-png-v3/7000-lilith-plots/polygons/7086_plots_line-polygons-00210-s2771b783_1024x1024.sdr.png	c50_tr	7000-lilith-plots	182	19
https://codec-corpus.r2.imazen.org/imazen-26-png-v3/6000-lilith-scans-public-patents/lynn_conway_us5046022_printrescancolor300/6044_scans-patents_lynn-conway-us5046022-rescan-color_p016_2479x3230.sdr.png	c25_center	6000-lilith-scans-public-patents	183	45
https://codec-corpus.r2.imazen.org/imazen-26-png-v3/7000-lilith-plots/random-charts/7104_plots_chart-00462-s33459e94_1024x1024.sdr.png	c50_center	7000-lilith-plots	184	7
https://codec-corpus.r2.imazen.org/imazen-26-png-v3/1000-lilith-photos-general/1051_general_people-in-rowboat_7th-arrondissement-paris-france_s23u_iso800-f1p7_20240425-184958_4000x3000.sdr.png	c50_tl	1000-lilith-photos-general	185	77
https://codec-corpus.r2.imazen.org/imazen-26-png-v3/9226-lilith-ai-products/clothing/kids/9373_gen_products-clothing-kids_graphic-tee-space_p0144_1024x1024.sdr.png	c50_tl	9226-lilith-ai-products	186	215
https://codec-corpus.r2.imazen.org/imazen-26-png-v3/7000-lilith-plots/lines/7070_plots_line-voronoi-00012-s2be0c08d_1024x1024.sdr.png	c50_bl	7000-lilith-plots	187	88
https://codec-corpus.r2.imazen.org/imazen-26-png-v3/9226-lilith-ai-products/clothing/fabric-textures/9353_gen_products-clothing-fabric-textures_swatch-rust-ripstop-nylon_p0124_4096x4096.sdr.png	full	9226-lilith-ai-products	188	13
https://codec-corpus.r2.imazen.org/imazen-26-png-v3/1200-lilith-interiors/1221_interiors_hotel-room-bed_hilton-waikiki-beach-east-honolulu_s23u_iso100-f1p7_20241107-134702_3000x4000.sdr.png	c50_center	1200-lilith-interiors	189	79
https://codec-corpus.r2.imazen.org/imazen-26-png-v3/9226-lilith-ai-products/toys/9897_gen_products-toys_plush-bunny-rabbit_p0658_1024x1536.sdr.png	c25_br	9226-lilith-ai-products	190	211
https://codec-corpus.r2.imazen.org/imazen-26-png-v3/1600-lilith-food/1638_food_sliced-fish-dish_colorado_s25u_iso800-f1p7_20250425-213810_3000x4000.sdr.png	full	1600-lilith-food	191	94
https://codec-corpus.r2.imazen.org/imazen-26-png-v3/9226-lilith-ai-products/home/small-appliances/9853_gen_products-home-small-appliances_kettlebay-immersion-blender_p0614_1024x1536.sdr.png	full	9226-lilith-ai-products	192	190
https://codec-corpus.r2.imazen.org/imazen-26-png-v3/8100-lilith-web-screenshots/1440x900/8109_web-screenshots_datagov-catalog_dpr1_page2_1440x900.sdr.png	c25_bl	8100-lilith-web-screenshots	193	95
https://codec-corpus.r2.imazen.org/imazen-26-png-v3/9226-lilith-ai-products/clothing/mens/9413_gen_products-clothing-mens_navy-pique-polo_flat_p0184_1024x1024.sdr.png	c50_center	9226-lilith-ai-products	194	1
https://codec-corpus.r2.imazen.org/imazen-26-png-v3/6000-lilith-scans-public-patents/lynn_conway_us5046022_printrescangray300/6064_scans-patents_lynn-conway-us5046022-rescan-gray_p006_2479x3230.sdr.png	c50_bl	6000-lilith-scans-public-patents	195	82
https://codec-corpus.r2.imazen.org/imazen-26-png-v3/9226-lilith-ai-products/clothing/womens/activewear/9457_gen_products-clothing-womens-activewear_sculpt-leggings_p0227_2160x3840.sdr.png	c25_bl	9226-lilith-ai-products	196	1
https://codec-corpus.r2.imazen.org/imazen-26-png-v3/9094-lilith-ai-illustrations/9115_gen_illustrations_dancer-mid-pose-studio_1024x1536.sdr.png	c50_br	9094-lilith-ai-illustrations	197	125
https://codec-corpus.r2.imazen.org/imazen-26-png-v3/9226-lilith-ai-products/baby/9272_gen_products-baby_onesie-multipack-coral-sage-cream_flat_p0044_1024x1024.sdr.png	c25_tr	9226-lilith-ai-products	198	12
https://codec-corpus.r2.imazen.org/imazen-26-png-v3/8100-lilith-web-screenshots/768x1024/8384_web-screenshots_usgs-topoview_dpr1_page2_768x1024.sdr.png	c50_center	8100-lilith-web-screenshots	199	8
https://codec-corpus.r2.imazen.org/imazen-26-png-v3/8100-lilith-web-screenshots/2880x1800/8241_web-screenshots_nasa-image-of-day_dpr2_page2_2880x1800.sdr.png	c25_tl	8100-lilith-web-screenshots	200	33
https://codec-corpus.r2.imazen.org/imazen-26-png-v3/9226-lilith-ai-products/beauty/9318_gen_products-beauty_tintwell-cheek-lip-tint-stick_p0089_1024x1024.sdr.png	c50_tl	9226-lilith-ai-products	201	221
https://codec-corpus.r2.imazen.org/imazen-26-png-v3/8100-lilith-web-screenshots/1920x1080/8164_web-screenshots_climate-gov-home_dpr1_page2_1920x1080.sdr.png	c50_tl	8100-lilith-web-screenshots	202	98
https://codec-corpus.r2.imazen.org/imazen-26-png-v3/9226-lilith-ai-products/clothing/womens/activewear/9448_gen_products-clothing-womens-activewear_tank-shorts-sage_onmodel_p0219_1024x1536.sdr.png	c50_bl	9226-lilith-ai-products	203	175
https://codec-corpus.r2.imazen.org/imazen-26-png-v3/9226-lilith-ai-products/clothing/womens/general/9532_gen_products-clothing-womens-general_gingham-shirt-dress_ghost_p0297_1024x1536.sdr.png	c25_center	9226-lilith-ai-products	204	2
https://codec-corpus.r2.imazen.org/imazen-26-png-v3/7000-lilith-plots/lines/7062_plots_line-concentric-00151-s49cff644_1024x1024.sdr.png	c25_bl	7000-lilith-plots	205	24
https://codec-corpus.r2.imazen.org/imazen-26-png-v3/8100-lilith-web-screenshots/768x1024/8345_web-screenshots_loc-pictures_dpr1_page1_768x1024.sdr.png	c25_bl	8100-lilith-web-screenshots	206	51
https://codec-corpus.r2.imazen.org/imazen-26-png-v3/1400-lilith-nature/1410_nature_coastal-road-view_maui-hawaii_s21u_iso50-f2p4_20210608-170946_4000x3000.sdr.png	c25_bl	1400-lilith-nature	207	27
https://codec-corpus.r2.imazen.org/imazen-26-png-v3/9226-lilith-ai-products/baby/9259_gen_products-baby_bib-multipack-six-prints_flat_p0031_1536x1024.sdr.png	c50_br	9226-lilith-ai-products	208	70
https://codec-corpus.r2.imazen.org/imazen-26-png-v3/8100-lilith-web-screenshots/768x1024/8369_web-screenshots_nps-yose_dpr1_page1_768x1024.sdr.png	c50_tl	8100-lilith-web-screenshots	209	70
https://codec-corpus.r2.imazen.org/imazen-26-png-v3/6800-ia-scans-manuscript-text/6819_scans-text_owenjones-en-essay_p0047_2040x3000.sdr.png	c50_tl	6800-ia-scans-manuscript-text	210	91
https://codec-corpus.r2.imazen.org/imazen-26-png-v3/7000-lilith-plots/polygons/7085_plots_line-polygons-00184-s02a80f0a_1024x1024.sdr.png	c50_tr	7000-lilith-plots	211	85
https://codec-corpus.r2.imazen.org/imazen-26-png-v3/6600-ia-scans-manuscript-illustrations/6609_scans-illustrations_hokusai-insects-creatures_plate0019_6234x4925.sdr.png	full	6600-ia-scans-manuscript-illustrations	212	168
https://codec-corpus.r2.imazen.org/imazen-26-png-v3/2400-unsplash-textures/2407_textures_blue-wabring-threads_by-pawel-czerwinski-kra9zndplra-unsplash_4000x6000.sdr.png	c50_center	2400-unsplash-textures	213	88
https://codec-corpus.r2.imazen.org/imazen-26-png-v3/9226-lilith-ai-products/clothing/womens/general/9506_gen_products-clothing-womens-general_marigold-funnel-neck-volume-top_onmodel_p0274_2160x3840.sdr.png	c25_br	9226-lilith-ai-products	214	137
https://codec-corpus.r2.imazen.org/imazen-26-png-v3/8100-lilith-web-screenshots/375x667/8282_web-screenshots_lkml-lists-index_dpr1_page1_375x667.sdr.png	c25_bl	8100-lilith-web-screenshots	215	5
https://codec-corpus.r2.imazen.org/imazen-26-png-v3/9226-lilith-ai-products/electronics/9584_gen_products-electronics_axion-smart-speaker_p0348_1024x1536.sdr.png	c25_tl	9226-lilith-ai-products	216	179
https://codec-corpus.r2.imazen.org/imazen-26-png-v3/9226-lilith-ai-products/clothing/fabric-textures/9354_gen_products-clothing-fabric-textures_swatch-tan-full-grain-leather_p0125_4096x4096.sdr.png	c50_bl	9226-lilith-ai-products	217	40
https://codec-corpus.r2.imazen.org/imazen-26-png-v3/9226-lilith-ai-products/electronics/9592_gen_products-electronics_harmonix-bluetooth-speaker_p0356_1024x1024.sdr.png	c25_center	9226-lilith-ai-products	218	1
https://codec-corpus.r2.imazen.org/imazen-26-png-v3/9226-lilith-ai-products/home/decor/9745_gen_products-home-decor_dusty-blue-faux-fur-pillow_p0506_1024x1024.sdr.png	c25_center	9226-lilith-ai-products	219	22
https://codec-corpus.r2.imazen.org/imazen-26-png-v3/1600-lilith-food/1611_food_blue-geode-cake_s20_iso64-f1p8_20230715-143732_3024x4032.sdr.png	c25_tr	1600-lilith-food	220	127
https://codec-corpus.r2.imazen.org/imazen-26-png-v3/9226-lilith-ai-products/home/decor/9734_gen_products-home-decor_brass-candleholder-set_p0495_1536x1024.sdr.png	c50_tl	9226-lilith-ai-products	221	253
https://codec-corpus.r2.imazen.org/imazen-26-png-v3/9226-lilith-ai-products/electronics/9626_gen_products-electronics_voltflux-mobile-hotspot_p0388_1024x1536.sdr.png	full	9226-lilith-ai-products	222	180
https://codec-corpus.r2.imazen.org/imazen-26-png-v3/7000-lilith-plots/lines/7064_plots_line-concentric-00230-s6a3b9505_1024x1024.sdr.png	c50_tl	7000-lilith-plots	223	33
https://codec-corpus.r2.imazen.org/imazen-26-png-v3/8100-lilith-web-screenshots/1440x900/8112_web-screenshots_gutenberg-top_dpr1_page2_1440x900.sdr.png	c25_tl	8100-lilith-web-screenshots	224	10
https://codec-corpus.r2.imazen.org/imazen-26-png-v3/7000-lilith-plots/grids/7049_plots_line-00160-s6215c94e_1024x1024.sdr.png	c50_tl	7000-lilith-plots	225	12
https://codec-corpus.r2.imazen.org/imazen-26-png-v3/1000-lilith-photos-general/1014_general_colorful-glass-spheres_seattle-center-seattle_s23u_iso500-f1p7_20230727-173515_4000x3000.sdr.png	c50_center	1000-lilith-photos-general	226	33
https://codec-corpus.r2.imazen.org/imazen-26-png-v3/1400-lilith-nature/1437_nature_potted-orchid-closeup_kyoto-botanical-garden-kyoto_s23u_iso100-f4p9_20231107-143832_3000x4000.sdr.png	c50_bl	1400-lilith-nature	227	95
https://codec-corpus.r2.imazen.org/imazen-26-png-v3/9094-lilith-ai-illustrations/9139_gen_illustrations_rainy-cafe-from-outside_1024x1536.sdr.png	c25_tl	9094-lilith-ai-illustrations	228	44
https://codec-corpus.r2.imazen.org/imazen-26-png-v3/9226-lilith-ai-products/clothing/womens/dark-bg/9468_gen_products-clothing-womens-dark-bg_cobalt-one-shoulder-dress_p0238_2160x3840.sdr.png	c50_tl	9226-lilith-ai-products	229	110
https://codec-corpus.r2.imazen.org/imazen-26-png-v3/9000-lilith-ai-clipart/9059_gen_clipart_scissors-craft_1024x1536.sdr.png	c25_bl	9000-lilith-ai-clipart	230	87
https://codec-corpus.r2.imazen.org/imazen-26-png-v3/3000-art-institute-of-chicago-photos/3002_aic_the-irish-question_181777_4000x4860.sdr.png	c50_tr	3000-art-institute-of-chicago-photos	231	50
https://codec-corpus.r2.imazen.org/imazen-26-png-v3/8100-lilith-web-screenshots/375x667/8300_web-screenshots_nasa-webb_dpr1_page1_375x667.sdr.png	c50_br	8100-lilith-web-screenshots	232	70
https://codec-corpus.r2.imazen.org/imazen-26-png-v3/9094-lilith-ai-illustrations/9144_gen_illustrations_runway-coat-figure_1024x1536.sdr.png	c25_tr	9094-lilith-ai-illustrations	233	52
https://codec-corpus.r2.imazen.org/imazen-26-png-v3/1400-lilith-nature/1487_nature_glacier-over-water_kenai-peninsula-borough-alaska_s25u_iso40-f1p7_20250801-135016_3000x4000.sdr.png	c25_tr	1400-lilith-nature	234	97
https://codec-corpus.r2.imazen.org/imazen-26-png-v3/7000-lilith-plots/aliased-line-patterns/7000_plots_line-00056-s6bcec02a_1024x1024.sdr.png	c50_center	7000-lilith-plots	235	10
https://codec-corpus.r2.imazen.org/imazen-26-png-v3/1000-lilith-photos-general/1033_general_stone-tunnel-lights_placa-pedro-infante-valladolid_s23u_iso800-f1p7_20230918-111620_3000x4000.sdr.png	c50_br	1000-lilith-photos-general	236	113
https://codec-corpus.r2.imazen.org/imazen-26-png-v3/8100-lilith-web-screenshots/other/8445_web-screenshots_nps-yell_dpr1_page2_1024x768.sdr.png	c50_br	8100-lilith-web-screenshots	237	109
https://codec-corpus.r2.imazen.org/imazen-26-png-v3/9226-lilith-ai-products/home/decor/9773_gen_products-home-decor_woven-planter-with-plant_p0534_1024x1536.sdr.png	c50_bl	9226-lilith-ai-products	238	189
https://codec-corpus.r2.imazen.org/imazen-26-png-v3/1600-lilith-food/1612_food_fried-fish-and-fries_s23u_iso25-f1p7_20230730-142545-0_4000x3000.sdr.png	full	1600-lilith-food	239	164
https://codec-corpus.r2.imazen.org/imazen-26-png-v3/9226-lilith-ai-products/footwear/9659_gen_products-footwear_mens-casual-canvas-sneakers-tan_p0420_2816x1536.sdr.png	c25_tl	9226-lilith-ai-products	240	7
https://codec-corpus.r2.imazen.org/imazen-26-png-v3/6600-ia-scans-manuscript-illustrations/6635_scans-illustrations_trouvelot-orion-nebula_plate15_5133x4712.sdr.png	c50_bl	6600-ia-scans-manuscript-illustrations	241	75
https://codec-corpus.r2.imazen.org/imazen-26-png-v3/1600-lilith-food/1608_food_single-cake-slice-plate_anedaitocho-kyoto-japan_s23u_iso320-f2p2_20230709-194142_4000x3000.sdr.png	full	1600-lilith-food	242	171
https://codec-corpus.r2.imazen.org/imazen-26-png-v3/8100-lilith-web-screenshots/768x1024/8346_web-screenshots_loc-pictures_dpr1_page2_768x1024.sdr.png	c50_center	8100-lilith-web-screenshots	243	15
https://codec-corpus.r2.imazen.org/imazen-26-png-v3/6600-ia-scans-manuscript-illustrations/6604_scans-illustrations_haeckel-moths_plate0058_4865x7207.sdr.png	c25_bl	6600-ia-scans-manuscript-illustrations	244	3
https://codec-corpus.r2.imazen.org/imazen-26-png-v3/3300-met-museum-photos/3320_met_six-jewel-rivers_53427_3841x2149.sdr.png	c50_tl	3300-met-museum-photos	245	4
https://codec-corpus.r2.imazen.org/imazen-26-png-v3/2400-unsplash-textures/2405_textures_green-galaxy-speckle_by-logan-voss-bsfdgf4xtac-unsplash_4320x7680.sdr.png	c50_center	2400-unsplash-textures	246	2
https://codec-corpus.r2.imazen.org/imazen-26-png-v3/2400-unsplash-textures/2405_textures_green-galaxy-speckle_by-logan-voss-bsfdgf4xtac-unsplash_4320x7680.sdr.png	c25_br	2400-unsplash-textures	247	4
https://codec-corpus.r2.imazen.org/imazen-26-png-v3/6000-lilith-scans-public-patents/lynn_conway_us5046022_printrescangray300/6075_scans-patents_lynn-conway-us5046022-rescan-gray_p017_2479x3230.sdr.png	c50_br	6000-lilith-scans-public-patents	248	125
https://codec-corpus.r2.imazen.org/imazen-26-png-v3/5000-national-park-service-brochures/grayscale/5038_nps_chis-santa-rosa-hiking-map-and_gray_p02_2550x4200.sdr.png	full	5000-national-park-service-brochures	249	66
https://codec-corpus.r2.imazen.org/imazen-26-png-v3/9226-lilith-ai-products/home/small-appliances/9839_gen_products-home-small-appliances_blackpine-conical-burr-grinder_p0600_1024x1536.sdr.png	c25_tl	9226-lilith-ai-products	250	112
https://codec-corpus.r2.imazen.org/imazen-26-png-v3/6000-lilith-scans-public-patents/lynn_conway_us5046022_printrescancolor300/6050_scans-patents_lynn-conway-us5046022-rescan-color_p022_2479x3230.sdr.png	c25_tr	6000-lilith-scans-public-patents	251	67
https://codec-corpus.r2.imazen.org/imazen-26-png-v3/9000-lilith-ai-clipart/9057_gen_clipart_running-shoe_1024x1536.sdr.png	full	9000-lilith-ai-clipart	252	178
https://codec-corpus.r2.imazen.org/imazen-26-png-v3/6600-ia-scans-manuscript-illustrations/6605_scans-illustrations_haeckel-pitcher-plants_plate0062_4988x7412.sdr.png	c50_center	6600-ia-scans-manuscript-illustrations	253	4
https://codec-corpus.r2.imazen.org/imazen-26-png-v3/9226-lilith-ai-products/footwear/9673_gen_products-footwear_womens-slide-sandals-tan_p0434_5504x3072.sdr.png	c50_tr	9226-lilith-ai-products	254	77
https://codec-corpus.r2.imazen.org/imazen-26-png-v3/7000-lilith-plots/aliased-lines/7008_plots_line-00027-s195cfe6a_1024x1024.sdr.png	c50_bl	7000-lilith-plots	255	34
https://codec-corpus.r2.imazen.org/imazen-26-png-v3/9094-lilith-ai-illustrations/9142_gen_illustrations_rooftop-sunset-gathering_1024x1536.sdr.png	c25_bl	9094-lilith-ai-illustrations	256	58
https://codec-corpus.r2.imazen.org/imazen-26-png-v3/8100-lilith-web-screenshots/1440x900/8126_web-screenshots_nasa-missions_dpr1_page1_1440x900.sdr.png	c50_tl	8100-lilith-web-screenshots	257	54
https://codec-corpus.r2.imazen.org/imazen-26-png-v3/9094-lilith-ai-illustrations/9104_gen_illustrations_cellist-rehearsing-attic_1024x1536.sdr.png	c50_bl	9094-lilith-ai-illustrations	258	73
https://codec-corpus.r2.imazen.org/imazen-26-png-v3/9094-lilith-ai-illustrations/9107_gen_illustrations_choir-scene-cathedral_1024x1536.sdr.png	c50_center	9094-lilith-ai-illustrations	259	83
https://codec-corpus.r2.imazen.org/imazen-26-png-v3/7000-lilith-plots/aliased-polygons/7026_plots_line-00081-s68404bb1_1024x1024.sdr.png	c50_tl	7000-lilith-plots	260	76
https://codec-corpus.r2.imazen.org/imazen-26-png-v3/9226-lilith-ai-products/toys/9888_gen_products-toys_jigsaw-puzzle-1000-piece_p0649_1536x1024.sdr.png	full	9226-lilith-ai-products	261	90
https://codec-corpus.r2.imazen.org/imazen-26-png-v3/5000-national-park-service-brochures/grayscale/5058_nps_shen-bigmeadows-roadtrail_gray_p02_2550x3300.sdr.png	c25_bl	5000-national-park-service-brochures	262	130
https://codec-corpus.r2.imazen.org/imazen-26-png-v3/3300-met-museum-photos/3320_met_six-jewel-rivers_53427_3841x2149.sdr.png	c25_br	3300-met-museum-photos	263	1
https://codec-corpus.r2.imazen.org/imazen-26-png-v3/7000-lilith-plots/aliased-polygons/7032_plots_line-00210-s2771b783_1024x1024.sdr.png	full	7000-lilith-plots	264	5
https://codec-corpus.r2.imazen.org/imazen-26-png-v3/8100-lilith-web-screenshots/1920x1080/8171_web-screenshots_lkml-lists-index_dpr1_page1_1920x1080.sdr.png	c25_tl	8100-lilith-web-screenshots	265	41
https://codec-corpus.r2.imazen.org/imazen-26-png-v3/9000-lilith-ai-clipart/9050_gen_clipart_parrot-tropical_1024x1536.sdr.png	c25_tl	9000-lilith-ai-clipart	266	111
https://codec-corpus.r2.imazen.org/imazen-26-png-v3/8100-lilith-web-screenshots/1920x1080/8171_web-screenshots_lkml-lists-index_dpr1_page1_1920x1080.sdr.png	c50_br	8100-lilith-web-screenshots	267	3
https://codec-corpus.r2.imazen.org/imazen-26-png-v3/9226-lilith-ai-products/electronics/9604_gen_products-electronics_lumen-mini-projector_p0368_1536x1024.sdr.png	c50_center	9226-lilith-ai-products	268	166
https://codec-corpus.r2.imazen.org/imazen-26-png-v3/9226-lilith-ai-products/baby/9274_gen_products-baby_tutu-dress-twirl_onmodel_p0046_1024x1536.sdr.png	c50_tl	9226-lilith-ai-products	269	214
https://codec-corpus.r2.imazen.org/imazen-26-png-v3/9226-lilith-ai-products/grocery/whitelabel/9713_gen_products-grocery-whitelabel_olive-oil-bottle_p0474_1024x1536.sdr.png	c50_bl	9226-lilith-ai-products	270	277
https://codec-corpus.r2.imazen.org/imazen-26-png-v3/7000-lilith-plots/aliased-polygons/7025_plots_line-00070-s6eb82597_1024x1024.sdr.png	c50_tr	7000-lilith-plots	271	6
https://codec-corpus.r2.imazen.org/imazen-26-png-v3/9226-lilith-ai-products/home/furniture/9787_gen_products-home-furniture_rounded-upholstered-ottoman_p0548_1024x1024.sdr.png	c25_br	9226-lilith-ai-products	272	204
https://codec-corpus.r2.imazen.org/imazen-26-png-v3/1400-lilith-nature/1463_nature_wooden-bridge-over-river_temple-de-l-amour-versailles_s23u_iso10-f1p7_20240424-164457_3000x4000.sdr.png	c25_tr	1400-lilith-nature	273	63
https://codec-corpus.r2.imazen.org/imazen-26-png-v3/1000-lilith-photos-general/1026_general_two-turtles-on-rock_hotel-zentik-project-valladolid_s23u_iso50-f4p9_20230918-105440_3000x4000.sdr.png	c50_bl	1000-lilith-photos-general	274	46
https://codec-corpus.r2.imazen.org/imazen-26-png-v3/7000-lilith-plots/grids/7050_plots_line-00166-s010fb6d2_1024x1024.sdr.png	c50_br	7000-lilith-plots	275	2
https://codec-corpus.r2.imazen.org/imazen-26-png-v3/5300-noaa-hurricane-documents/5300_noaa_nhc-verification-report-2024_page1_p01_2550x3300.sdr.png	c25_center	5300-noaa-hurricane-documents	276	98
https://codec-corpus.r2.imazen.org/imazen-26-png-v3/1000-lilith-photos-general/1050_general_riverside-walkway-and-river_louvre-palace-paris_s23u_iso50-f2p2_20240425-154625_4000x3000.sdr.png	c25_tl	1000-lilith-photos-general	277	92
https://codec-corpus.r2.imazen.org/imazen-26-png-v3/7000-lilith-plots/polygons/7078_plots_line-polygons-00038-s335b5033_1024x1024.sdr.png	c50_bl	7000-lilith-plots	278	7
https://codec-corpus.r2.imazen.org/imazen-26-png-v3/9094-lilith-ai-illustrations/9155_gen_illustrations_urban-garden-patio_1024x1536.sdr.png	c50_br	9094-lilith-ai-illustrations	279	63
https://codec-corpus.r2.imazen.org/imazen-26-png-v3/9226-lilith-ai-products/beauty/9303_gen_products-beauty_florwell-bath-soak-back_ingredients_p0074_1024x1536.sdr.png	c50_tr	9226-lilith-ai-products	280	301
https://codec-corpus.r2.imazen.org/imazen-26-png-v3/8100-lilith-web-screenshots/2880x1800/8267_web-screenshots_usgs-topoview_dpr2_page1_2880x1800.sdr.png	c50_br	8100-lilith-web-screenshots	281	225
https://codec-corpus.r2.imazen.org/imazen-26-png-v3/8100-lilith-web-screenshots/1440x900/8129_web-screenshots_nasa-news_dpr1_page2_1440x900.sdr.png	c50_center	8100-lilith-web-screenshots	282	130
https://codec-corpus.r2.imazen.org/imazen-26-png-v3/8100-lilith-web-screenshots/other/8440_web-screenshots_nps-acad_dpr1_page1_667x375.sdr.png	full	8100-lilith-web-screenshots	283	73
https://codec-corpus.r2.imazen.org/imazen-26-png-v3/9000-lilith-ai-clipart/9067_gen_clipart_steaming-ramen-bowl_1024x1024.sdr.png	c50_br	9000-lilith-ai-clipart	284	113
https://codec-corpus.r2.imazen.org/imazen-26-png-v3/9094-lilith-ai-illustrations/9134_gen_illustrations_night-market-lanterns_1024x1536.sdr.png	c50_bl	9094-lilith-ai-illustrations	285	21
https://codec-corpus.r2.imazen.org/imazen-26-png-v3/7000-lilith-plots/polygons/7077_plots_line-polygons-00032-s620ec516_1024x1024.sdr.png	c50_tr	7000-lilith-plots	286	77
https://codec-corpus.r2.imazen.org/imazen-26-png-v3/5000-national-park-service-brochures/color/5028_nps_wrst-wrst-chinese-reduced_color_p01_4961x7016.sdr.png	c50_tr	5000-national-park-service-brochures	287	72
https://codec-corpus.r2.imazen.org/imazen-26-png-v3/8100-lilith-web-screenshots/375x667/8282_web-screenshots_lkml-lists-index_dpr1_page1_375x667.sdr.png	c25_tl	8100-lilith-web-screenshots	288	1
https://codec-corpus.r2.imazen.org/imazen-26-png-v3/9226-lilith-ai-products/clothing/womens/activewear/9436_gen_products-clothing-womens-activewear_romper-active-sage_flat_p0207_1024x1536.sdr.png	c25_center	9226-lilith-ai-products	289	95
https://codec-corpus.r2.imazen.org/imazen-26-png-v3/8100-lilith-web-screenshots/1440x900/8134_web-screenshots_nps-grand-canyon_dpr1_page1_1440x900.sdr.png	full	8100-lilith-web-screenshots	290	52
https://codec-corpus.r2.imazen.org/imazen-26-png-v3/7000-lilith-plots/aliased-line-patterns/7000_plots_line-00056-s6bcec02a_1024x1024.sdr.png	c25_center	7000-lilith-plots	291	15
https://codec-corpus.r2.imazen.org/imazen-26-png-v3/9226-lilith-ai-products/clothing/mens/9412_gen_products-clothing-mens_marled-merino-crewneck_ghost_p0183_1024x1536.sdr.png	c50_center	9226-lilith-ai-products	292	7
https://codec-corpus.r2.imazen.org/imazen-26-png-v3/8100-lilith-web-screenshots/768x1024/8343_web-screenshots_loc-exhibitions_dpr1_page1_768x1024.sdr.png	c25_center	8100-lilith-web-screenshots	293	60
https://codec-corpus.r2.imazen.org/imazen-26-png-v3/8100-lilith-web-screenshots/1440x900/8113_web-screenshots_lkml-lists-index_dpr1_page1_1440x900.sdr.png	c50_br	8100-lilith-web-screenshots	294	12
https://codec-corpus.r2.imazen.org/imazen-26-png-v3/1400-lilith-nature/1464_nature_flower-bed-by-pond_grotte-versailles_s23u_iso200-f4p9_20240424-182412_3000x4000.sdr.png	c25_tr	1400-lilith-nature	295	127
https://codec-corpus.r2.imazen.org/imazen-26-png-v3/6000-lilith-scans-public-patents/lynn_conway_us5046022_1bitoriginal/6003_scans-patents_lynn-conway-us5046022-1bit_p004_2320x3408.sdr.png	c25_br	6000-lilith-scans-public-patents	296	34
https://codec-corpus.r2.imazen.org/imazen-26-png-v3/9094-lilith-ai-illustrations/9165_gen_illustrations_manga-heroine-catching-key_1024x1536.sdr.png	c25_bl	9094-lilith-ai-illustrations	297	17
https://codec-corpus.r2.imazen.org/imazen-26-png-v3/9226-lilith-ai-products/clothing/womens/dark-bg/9480_gen_products-clothing-womens-dark-bg_tropical-floral-maxi_p0249_2160x3840.sdr.png	c50_bl	9226-lilith-ai-products	298	67
https://codec-corpus.r2.imazen.org/imazen-26-png-v3/7000-lilith-plots/line-patterns/7055_plots_line-tiling-00099-s07ea3f1a_1024x1024.sdr.png	c50_tl	7000-lilith-plots	299	34
