filename	number	category	descriptor	width	height	format	bytes	original_filename	source	license	capture_license	keyinfo	source_kind	url
1440x900/8100_web-screenshots_archive-wayback-search_dpr1_page1_1440x900.png	8100	web-screenshots	archive-wayback-search_dpr1_page1	1440	900	png	180294	archive__wayback-search__1440x900__dpr1_page1.png	various-web	PD-tool	PD-tool	dpr1|page1	archive-cc-or-pd	https://web.archive.org/web/20240101000000*/example.com
1440x900/8101_web-screenshots_archives-exhibits_dpr1_page1_1440x900.png	8101	web-screenshots	archives-exhibits_dpr1_page1	1440	900	png	596068	archives__exhibits__1440x900__dpr1_page1.png	various-web	PD	PD	dpr1|page1	us-gov-pd	https://www.archives.gov/exhibits
1440x900/8102_web-screenshots_archives-exhibits_dpr1_page2_1440x900.png	8102	web-screenshots	archives-exhibits_dpr1_page2	1440	900	png	375012	archives__exhibits__1440x900__dpr1_page2.png	various-web	PD	PD	dpr1|page2	us-gov-pd	https://www.archives.gov/exhibits
1440x900/8103_web-screenshots_bls-employment-situation_dpr1_page1_1440x900.png	8103	web-screenshots	bls-employment-situation_dpr1_page1	1440	900	png	33400	bls__employment-situation__1440x900__dpr1_page1.png	various-web	PD	PD	dpr1|page1	data-cc-or-gov	https://www.bls.gov/news.release/empsit.toc.htm
1440x900/8104_web-screenshots_climate-gov-home_dpr1_page1_1440x900.png	8104	web-screenshots	climate-gov-home_dpr1_page1	1440	900	png	764339	climate-gov__home__1440x900__dpr1_page1.png	various-web	PD	PD	dpr1|page1	us-gov-pd	https://www.climate.gov/
1440x900/8105_web-screenshots_climate-gov-home_dpr1_page2_1440x900.png	8105	web-screenshots	climate-gov-home_dpr1_page2	1440	900	png	624421	climate-gov__home__1440x900__dpr1_page2.png	various-web	PD	PD	dpr1|page2	us-gov-pd	https://www.climate.gov/
1440x900/8106_web-screenshots_climate-news_dpr1_page1_1440x900.png	8106	web-screenshots	climate-news_dpr1_page1	1440	900	png	335619	climate__news__1440x900__dpr1_page1.png	various-web	PD	PD	dpr1|page1	us-gov-pd	https://www.climate.gov/news-features
1440x900/8107_web-screenshots_climate-news_dpr1_page2_1440x900.png	8107	web-screenshots	climate-news_dpr1_page2	1440	900	png	329486	climate__news__1440x900__dpr1_page2.png	various-web	PD	PD	dpr1|page2	us-gov-pd	https://www.climate.gov/news-features
1440x900/8108_web-screenshots_datagov-catalog_dpr1_page1_1440x900.png	8108	web-screenshots	datagov-catalog_dpr1_page1	1440	900	png	139193	datagov__catalog__1440x900__dpr1_page1.png	various-web	PD	PD	dpr1|page1	data-cc-or-gov	https://catalog.data.gov/dataset?q=climate
1440x900/8109_web-screenshots_datagov-catalog_dpr1_page2_1440x900.png	8109	web-screenshots	datagov-catalog_dpr1_page2	1440	900	png	167830	datagov__catalog__1440x900__dpr1_page2.png	various-web	PD	PD	dpr1|page2	data-cc-or-gov	https://catalog.data.gov/dataset?q=climate
1440x900/8110_web-screenshots_federalreserve-data_dpr1_page1_1440x900.png	8110	web-screenshots	federalreserve-data_dpr1_page1	1440	900	png	285171	federalreserve__data__1440x900__dpr1_page1.png	various-web	PD	PD	dpr1|page1	data-cc-or-gov	https://www.federalreserve.gov/data.htm
1440x900/8111_web-screenshots_gutenberg-top_dpr1_page1_1440x900.png	8111	web-screenshots	gutenberg-top_dpr1_page1	1440	900	png	219909	gutenberg__top__1440x900__dpr1_page1.png	various-web	PD	PD	dpr1|page1	archive-cc-or-pd	https://www.gutenberg.org/browse/scores/top
1440x900/8112_web-screenshots_gutenberg-top_dpr1_page2_1440x900.png	8112	web-screenshots	gutenberg-top_dpr1_page2	1440	900	png	259291	gutenberg__top__1440x900__dpr1_page2.png	various-web	PD	PD	dpr1|page2	archive-cc-or-pd	https://www.gutenberg.org/browse/scores/top
1440x900/8113_web-screenshots_lkml-lists-index_dpr1_page1_1440x900.png	8113	web-screenshots	lkml-lists-index_dpr1_page1	1440	900	png	199604	lkml__lists-index__1440x900__dpr1_page1.png	various-web	Mailing-list-PD	Mailing-list-PD	dpr1|page1	forum-pd	https://lkml.org/lkml/2024/12/1
1440x900/8114_web-screenshots_lkml-lists-index_dpr1_page2_1440x900.png	8114	web-screenshots	lkml-lists-index_dpr1_page2	1440	900	png	239557	lkml__lists-index__1440x900__dpr1_page2.png	various-web	Mailing-list-PD	Mailing-list-PD	dpr1|page2	forum-pd	https://lkml.org/lkml/2024/12/1
1440x900/8115_web-screenshots_loc-exhibits_dpr1_page1_1440x900.png	8115	web-screenshots	loc-exhibits_dpr1_page1	1440	900	png	496909	loc__exhibits__1440x900__dpr1_page1.png	various-web	PD	PD	dpr1|page1	us-gov-pd	https://www.loc.gov/exhibits/
1440x900/8116_web-screenshots_loc-free-to-use_dpr1_page1_1440x900.png	8116	web-screenshots	loc-free-to-use_dpr1_page1	1440	900	png	680104	loc__free-to-use__1440x900__dpr1_page1.png	various-web	PD	PD	dpr1|page1	us-gov-pd	https://www.loc.gov/free-to-use/
1440x900/8117_web-screenshots_loc-free-to-use_dpr1_page2_1440x900.png	8117	web-screenshots	loc-free-to-use_dpr1_page2	1440	900	png	1396938	loc__free-to-use__1440x900__dpr1_page2.png	various-web	PD	PD	dpr1|page2	us-gov-pd	https://www.loc.gov/free-to-use/
1440x900/8118_web-screenshots_loc-pictures_dpr1_page1_1440x900.png	8118	web-screenshots	loc-pictures_dpr1_page1	1440	900	png	320314	loc__pictures__1440x900__dpr1_page1.png	various-web	PD	PD	dpr1|page1	us-gov-pd	https://www.loc.gov/pictures/
1440x900/8119_web-screenshots_loc-pictures_dpr1_page2_1440x900.png	8119	web-screenshots	loc-pictures_dpr1_page2	1440	900	png	302429	loc__pictures__1440x900__dpr1_page2.png	various-web	PD	PD	dpr1|page2	us-gov-pd	https://www.loc.gov/pictures/
1440x900/8120_web-screenshots_nasa-artemis_dpr1_page1_1440x900.png	8120	web-screenshots	nasa-artemis_dpr1_page1	1440	900	png	510581	nasa__artemis__1440x900__dpr1_page1.png	various-web	PD	PD	dpr1|page1	us-gov-pd	https://www.nasa.gov/humans-in-space/artemis/
1440x900/8121_web-screenshots_nasa-artemis_dpr1_page2_1440x900.png	8121	web-screenshots	nasa-artemis_dpr1_page2	1440	900	png	1069973	nasa__artemis__1440x900__dpr1_page2.png	various-web	PD	PD	dpr1|page2	us-gov-pd	https://www.nasa.gov/humans-in-space/artemis/
1440x900/8122_web-screenshots_nasa-home_dpr1_page1_1440x900.png	8122	web-screenshots	nasa-home_dpr1_page1	1440	900	png	693198	nasa__home__1440x900__dpr1_page1.png	various-web	PD	PD	dpr1|page1	us-gov-pd	https://www.nasa.gov/
1440x900/8123_web-screenshots_nasa-home_dpr1_page2_1440x900.png	8123	web-screenshots	nasa-home_dpr1_page2	1440	900	png	974427	nasa__home__1440x900__dpr1_page2.png	various-web	PD	PD	dpr1|page2	us-gov-pd	https://www.nasa.gov/
1440x900/8124_web-screenshots_nasa-image-of-day_dpr1_page1_1440x900.png	8124	web-screenshots	nasa-image-of-day_dpr1_page1	1440	900	png	1330342	nasa__image-of-day__1440x900__dpr1_page1.png	various-web	PD	PD	dpr1|page1	us-gov-pd	https://www.nasa.gov/image-of-the-day/
1440x900/8125_web-screenshots_nasa-image-of-day_dpr1_page2_1440x900.png	8125	web-screenshots	nasa-image-of-day_dpr1_page2	1440	900	png	1725114	nasa__image-of-day__1440x900__dpr1_page2.png	various-web	PD	PD	dpr1|page2	us-gov-pd	https://www.nasa.gov/image-of-the-day/
1440x900/8126_web-screenshots_nasa-missions_dpr1_page1_1440x900.png	8126	web-screenshots	nasa-missions_dpr1_page1	1440	900	png	536590	nasa__missions__1440x900__dpr1_page1.png	various-web	PD	PD	dpr1|page1	us-gov-pd	https://www.nasa.gov/missions/
1440x900/8127_web-screenshots_nasa-missions_dpr1_page2_1440x900.png	8127	web-screenshots	nasa-missions_dpr1_page2	1440	900	png	422301	nasa__missions__1440x900__dpr1_page2.png	various-web	PD	PD	dpr1|page2	us-gov-pd	https://www.nasa.gov/missions/
1440x900/8128_web-screenshots_nasa-news_dpr1_page1_1440x900.png	8128	web-screenshots	nasa-news_dpr1_page1	1440	900	png	1158074	nasa__news__1440x900__dpr1_page1.png	various-web	PD	PD	dpr1|page1	us-gov-pd	https://www.nasa.gov/news/
1440x900/8129_web-screenshots_nasa-news_dpr1_page2_1440x900.png	8129	web-screenshots	nasa-news_dpr1_page2	1440	900	png	764765	nasa__news__1440x900__dpr1_page2.png	various-web	PD	PD	dpr1|page2	us-gov-pd	https://www.nasa.gov/news/
1440x900/8130_web-screenshots_nih-recipes-keep-the-beat_dpr1_page1_1440x900.png	8130	web-screenshots	nih-recipes-keep-the-beat_dpr1_page1	1440	900	png	107656	nih-recipes__keep-the-beat__1440x900__dpr1_page1.png	various-web	PD	PD	dpr1|page1	howto-cc-pd	https://www.nhlbi.nih.gov/health/educational/lose_wt/eat/recipes.htm
1440x900/8131_web-screenshots_nih-home_dpr1_page1_1440x900.png	8131	web-screenshots	nih-home_dpr1_page1	1440	900	png	867604	nih__home__1440x900__dpr1_page1.png	various-web	PD	PD	dpr1|page1	us-gov-pd	https://www.nih.gov/
1440x900/8132_web-screenshots_nih-home_dpr1_page2_1440x900.png	8132	web-screenshots	nih-home_dpr1_page2	1440	900	png	907934	nih__home__1440x900__dpr1_page2.png	various-web	PD	PD	dpr1|page2	us-gov-pd	https://www.nih.gov/
1440x900/8133_web-screenshots_noaa-home_dpr1_page1_1440x900.png	8133	web-screenshots	noaa-home_dpr1_page1	1440	900	png	1555344	noaa__home__1440x900__dpr1_page1.png	various-web	PD	PD	dpr1|page1	us-gov-pd	https://www.noaa.gov/
1440x900/8134_web-screenshots_nps-grand-canyon_dpr1_page1_1440x900.png	8134	web-screenshots	nps-grand-canyon_dpr1_page1	1440	900	png	1228188	nps__grand-canyon__1440x900__dpr1_page1.png	various-web	PD	PD	dpr1|page1	us-gov-pd	https://www.nps.gov/grca/index.htm
1440x900/8135_web-screenshots_nps-grand-canyon_dpr1_page2_1440x900.png	8135	web-screenshots	nps-grand-canyon_dpr1_page2	1440	900	png	1237667	nps__grand-canyon__1440x900__dpr1_page2.png	various-web	PD	PD	dpr1|page2	us-gov-pd	https://www.nps.gov/grca/index.htm
1440x900/8136_web-screenshots_nps-grca_dpr1_page1_1440x900.png	8136	web-screenshots	nps-grca_dpr1_page1	1440	900	png	1228188	nps__grca__1440x900__dpr1_page1.png	various-web	PD	PD	dpr1|page1	us-gov-pd	https://www.nps.gov/grca/index.htm
1440x900/8137_web-screenshots_nps-grca_dpr1_page2_1440x900.png	8137	web-screenshots	nps-grca_dpr1_page2	1440	900	png	1237667	nps__grca__1440x900__dpr1_page2.png	various-web	PD	PD	dpr1|page2	us-gov-pd	https://www.nps.gov/grca/index.htm
1440x900/8138_web-screenshots_nps-yellowstone_dpr1_page1_1440x900.png	8138	web-screenshots	nps-yellowstone_dpr1_page1	1440	900	png	844755	nps__yellowstone__1440x900__dpr1_page1.png	various-web	PD	PD	dpr1|page1	us-gov-pd	https://www.nps.gov/yell/index.htm
1440x900/8139_web-screenshots_nps-yellowstone_dpr1_page2_1440x900.png	8139	web-screenshots	nps-yellowstone_dpr1_page2	1440	900	png	1869774	nps__yellowstone__1440x900__dpr1_page2.png	various-web	PD	PD	dpr1|page2	us-gov-pd	https://www.nps.gov/yell/index.htm
1440x900/8140_web-screenshots_nps-yosemite_dpr1_page1_1440x900.png	8140	web-screenshots	nps-yosemite_dpr1_page1	1440	900	png	909527	nps__yosemite__1440x900__dpr1_page1.png	various-web	PD	PD	dpr1|page1	us-gov-pd	https://www.nps.gov/yose/index.htm
1440x900/8141_web-screenshots_nps-yosemite_dpr1_page2_1440x900.png	8141	web-screenshots	nps-yosemite_dpr1_page2	1440	900	png	1762219	nps__yosemite__1440x900__dpr1_page2.png	various-web	PD	PD	dpr1|page2	us-gov-pd	https://www.nps.gov/yose/index.htm
1440x900/8142_web-screenshots_nps-zion_dpr1_page1_1440x900.png	8142	web-screenshots	nps-zion_dpr1_page1	1440	900	png	1259892	nps__zion__1440x900__dpr1_page1.png	various-web	PD	PD	dpr1|page1	us-gov-pd	https://www.nps.gov/zion/index.htm
1440x900/8143_web-screenshots_nps-zion_dpr1_page2_1440x900.png	8143	web-screenshots	nps-zion_dpr1_page2	1440	900	png	1581946	nps__zion__1440x900__dpr1_page2.png	various-web	PD	PD	dpr1|page2	us-gov-pd	https://www.nps.gov/zion/index.htm
1440x900/8144_web-screenshots_si-edu-exhibitions_dpr1_page1_1440x900.png	8144	web-screenshots	si-edu-exhibitions_dpr1_page1	1440	900	png	57392	si-edu__exhibitions__1440x900__dpr1_page1.png	various-web	PD	PD	dpr1|page1	us-gov-pd	https://www.si.edu/exhibitions
1440x900/8145_web-screenshots_si-edu-exhibitions_dpr1_page2_1440x900.png	8145	web-screenshots	si-edu-exhibitions_dpr1_page2	1440	900	png	899584	si-edu__exhibitions__1440x900__dpr1_page2.png	various-web	PD	PD	dpr1|page2	us-gov-pd	https://www.si.edu/exhibitions
1440x900/8146_web-screenshots_terminal-python-repl_dpr1_page1_1440x900.png	8146	web-screenshots	terminal-python-repl_dpr1_page1	1440	900	png	77699	terminal__python-repl__1440x900__dpr1_page1.png	various-web	PD-own	PD-own	dpr1|page1	terminal	local-capture
1440x900/8147_web-screenshots_usaspending-explorer_dpr1_page1_1440x900.png	8147	web-screenshots	usaspending-explorer_dpr1_page1	1440	900	png	65976	usaspending__explorer__1440x900__dpr1_page1.png	various-web	PD	PD	dpr1|page1	data-cc-or-gov	https://www.usaspending.gov/explorer
1440x900/8148_web-screenshots_usgs-main-home_dpr1_page1_1440x900.png	8148	web-screenshots	usgs-main-home_dpr1_page1	1440	900	png	975165	usgs-main__home__1440x900__dpr1_page1.png	various-web	PD	PD	dpr1|page1	us-gov-pd	https://www.usgs.gov/
1440x900/8149_web-screenshots_usgs-main-home_dpr1_page2_1440x900.png	8149	web-screenshots	usgs-main-home_dpr1_page2	1440	900	png	305886	usgs-main__home__1440x900__dpr1_page2.png	various-web	PD	PD	dpr1|page2	us-gov-pd	https://www.usgs.gov/
1440x900/8150_web-screenshots_usgs-news_dpr1_page1_1440x900.png	8150	web-screenshots	usgs-news_dpr1_page1	1440	900	png	967531	usgs__news__1440x900__dpr1_page1.png	various-web	PD	PD	dpr1|page1	us-gov-pd	https://www.usgs.gov/news
1440x900/8151_web-screenshots_usgs-news_dpr1_page2_1440x900.png	8151	web-screenshots	usgs-news_dpr1_page2	1440	900	png	206639	usgs__news__1440x900__dpr1_page2.png	various-web	PD	PD	dpr1|page2	us-gov-pd	https://www.usgs.gov/news
1440x900/8152_web-screenshots_usgs-topoview_dpr1_page1_1440x900.png	8152	web-screenshots	usgs-topoview_dpr1_page1	1440	900	png	620876	usgs__topoview__1440x900__dpr1_page1.png	various-web	PD	PD	dpr1|page1	map-cc-or-gov	https://ngmdb.usgs.gov/topoview/
1440x900/8153_web-screenshots_weather-forecast-nyc_dpr1_page1_1440x900.png	8153	web-screenshots	weather-forecast-nyc_dpr1_page1	1440	900	png	252066	weather__forecast-nyc__1440x900__dpr1_page1.png	various-web	PD	PD	dpr1|page1	map-cc-or-gov	https://forecast.weather.gov/MapClick.php?lat=40.7143&lon=-74.006
1440x900/8154_web-screenshots_weather-forecast-nyc_dpr1_page2_1440x900.png	8154	web-screenshots	weather-forecast-nyc_dpr1_page2	1440	900	png	369642	weather__forecast-nyc__1440x900__dpr1_page2.png	various-web	PD	PD	dpr1|page2	map-cc-or-gov	https://forecast.weather.gov/MapClick.php?lat=40.7143&lon=-74.006
1440x900/8155_web-screenshots_weather-satellites_dpr1_page1_1440x900.png	8155	web-screenshots	weather-satellites_dpr1_page1	1440	900	png	789400	weather__satellites__1440x900__dpr1_page1.png	various-web	PD	PD	dpr1|page1	us-gov-pd	https://www.weather.gov/satellite
1440x900/8156_web-screenshots_weatherportal-home_dpr1_page1_1440x900.png	8156	web-screenshots	weatherportal-home_dpr1_page1	1440	900	png	490883	weatherportal__home__1440x900__dpr1_page1.png	various-web	PD	PD	dpr1|page1	us-gov-pd	https://www.weather.gov/
1440x900/8157_web-screenshots_whitehouse-briefing_dpr1_page1_1440x900.png	8157	web-screenshots	whitehouse-briefing_dpr1_page1	1440	900	png	74781	whitehouse__briefing__1440x900__dpr1_page1.png	various-web	PD	PD	dpr1|page1	us-gov-pd	https://www.whitehouse.gov/briefing-room/
1440x900/8158_web-screenshots_whitehouse-briefing_dpr1_page2_1440x900.png	8158	web-screenshots	whitehouse-briefing_dpr1_page2	1440	900	png	109421	whitehouse__briefing__1440x900__dpr1_page2.png	various-web	PD	PD	dpr1|page2	us-gov-pd	https://www.whitehouse.gov/briefing-room/
1920x1080/8159_web-screenshots_archive-wayback-search_dpr1_page1_1920x1080.png	8159	web-screenshots	archive-wayback-search_dpr1_page1	1920	1080	png	283549	archive__wayback-search__1920x1080__dpr1_page1.png	various-web	PD-tool	PD-tool	dpr1|page1	archive-cc-or-pd	https://web.archive.org/web/20240101000000*/example.com
1920x1080/8160_web-screenshots_archives-exhibits_dpr1_page1_1920x1080.png	8160	web-screenshots	archives-exhibits_dpr1_page1	1920	1080	png	672063	archives__exhibits__1920x1080__dpr1_page1.png	various-web	PD	PD	dpr1|page1	us-gov-pd	https://www.archives.gov/exhibits
1920x1080/8161_web-screenshots_archives-exhibits_dpr1_page2_1920x1080.png	8161	web-screenshots	archives-exhibits_dpr1_page2	1920	1080	png	409845	archives__exhibits__1920x1080__dpr1_page2.png	various-web	PD	PD	dpr1|page2	us-gov-pd	https://www.archives.gov/exhibits
1920x1080/8162_web-screenshots_bls-employment-situation_dpr1_page1_1920x1080.png	8162	web-screenshots	bls-employment-situation_dpr1_page1	1920	1080	png	38059	bls__employment-situation__1920x1080__dpr1_page1.png	various-web	PD	PD	dpr1|page1	data-cc-or-gov	https://www.bls.gov/news.release/empsit.toc.htm
1920x1080/8163_web-screenshots_climate-gov-home_dpr1_page1_1920x1080.png	8163	web-screenshots	climate-gov-home_dpr1_page1	1920	1080	png	995273	climate-gov__home__1920x1080__dpr1_page1.png	various-web	PD	PD	dpr1|page1	us-gov-pd	https://www.climate.gov/
1920x1080/8164_web-screenshots_climate-gov-home_dpr1_page2_1920x1080.png	8164	web-screenshots	climate-gov-home_dpr1_page2	1920	1080	png	671867	climate-gov__home__1920x1080__dpr1_page2.png	various-web	PD	PD	dpr1|page2	us-gov-pd	https://www.climate.gov/
1920x1080/8165_web-screenshots_datagov-catalog_dpr1_page1_1920x1080.png	8165	web-screenshots	datagov-catalog_dpr1_page1	1920	1080	png	176815	datagov__catalog__1920x1080__dpr1_page1.png	various-web	PD	PD	dpr1|page1	data-cc-or-gov	https://catalog.data.gov/dataset?q=climate
1920x1080/8166_web-screenshots_datagov-catalog_dpr1_page2_1920x1080.png	8166	web-screenshots	datagov-catalog_dpr1_page2	1920	1080	png	217160	datagov__catalog__1920x1080__dpr1_page2.png	various-web	PD	PD	dpr1|page2	data-cc-or-gov	https://catalog.data.gov/dataset?q=climate
1920x1080/8167_web-screenshots_federalreserve-data_dpr1_page1_1920x1080.png	8167	web-screenshots	federalreserve-data_dpr1_page1	1920	1080	png	340544	federalreserve__data__1920x1080__dpr1_page1.png	various-web	PD	PD	dpr1|page1	data-cc-or-gov	https://www.federalreserve.gov/data.htm
1920x1080/8168_web-screenshots_federalreserve-data_dpr1_page2_1920x1080.png	8168	web-screenshots	federalreserve-data_dpr1_page2	1920	1080	png	250918	federalreserve__data__1920x1080__dpr1_page2.png	various-web	PD	PD	dpr1|page2	data-cc-or-gov	https://www.federalreserve.gov/data.htm
1920x1080/8169_web-screenshots_gutenberg-top_dpr1_page1_1920x1080.png	8169	web-screenshots	gutenberg-top_dpr1_page1	1920	1080	png	276441	gutenberg__top__1920x1080__dpr1_page1.png	various-web	PD	PD	dpr1|page1	archive-cc-or-pd	https://www.gutenberg.org/browse/scores/top
1920x1080/8170_web-screenshots_gutenberg-top_dpr1_page2_1920x1080.png	8170	web-screenshots	gutenberg-top_dpr1_page2	1920	1080	png	316586	gutenberg__top__1920x1080__dpr1_page2.png	various-web	PD	PD	dpr1|page2	archive-cc-or-pd	https://www.gutenberg.org/browse/scores/top
1920x1080/8171_web-screenshots_lkml-lists-index_dpr1_page1_1920x1080.png	8171	web-screenshots	lkml-lists-index_dpr1_page1	1920	1080	png	253589	lkml__lists-index__1920x1080__dpr1_page1.png	various-web	Mailing-list-PD	Mailing-list-PD	dpr1|page1	forum-pd	https://lkml.org/lkml/2024/12/1
1920x1080/8172_web-screenshots_lkml-lists-index_dpr1_page2_1920x1080.png	8172	web-screenshots	lkml-lists-index_dpr1_page2	1920	1080	png	289236	lkml__lists-index__1920x1080__dpr1_page2.png	various-web	Mailing-list-PD	Mailing-list-PD	dpr1|page2	forum-pd	https://lkml.org/lkml/2024/12/1
1920x1080/8173_web-screenshots_loc-exhibits_dpr1_page1_1920x1080.png	8173	web-screenshots	loc-exhibits_dpr1_page1	1920	1080	png	538508	loc__exhibits__1920x1080__dpr1_page1.png	various-web	PD	PD	dpr1|page1	us-gov-pd	https://www.loc.gov/exhibits/
1920x1080/8174_web-screenshots_loc-free-to-use_dpr1_page1_1920x1080.png	8174	web-screenshots	loc-free-to-use_dpr1_page1	1920	1080	png	1166153	loc__free-to-use__1920x1080__dpr1_page1.png	various-web	PD	PD	dpr1|page1	us-gov-pd	https://www.loc.gov/free-to-use/
1920x1080/8175_web-screenshots_loc-free-to-use_dpr1_page2_1920x1080.png	8175	web-screenshots	loc-free-to-use_dpr1_page2	1920	1080	png	1478382	loc__free-to-use__1920x1080__dpr1_page2.png	various-web	PD	PD	dpr1|page2	us-gov-pd	https://www.loc.gov/free-to-use/
1920x1080/8176_web-screenshots_loc-pictures_dpr1_page1_1920x1080.png	8176	web-screenshots	loc-pictures_dpr1_page1	1920	1080	png	375969	loc__pictures__1920x1080__dpr1_page1.png	various-web	PD	PD	dpr1|page1	us-gov-pd	https://www.loc.gov/pictures/
1920x1080/8177_web-screenshots_loc-pictures_dpr1_page2_1920x1080.png	8177	web-screenshots	loc-pictures_dpr1_page2	1920	1080	png	357937	loc__pictures__1920x1080__dpr1_page2.png	various-web	PD	PD	dpr1|page2	us-gov-pd	https://www.loc.gov/pictures/
1920x1080/8178_web-screenshots_nasa-artemis_dpr1_page1_1920x1080.png	8178	web-screenshots	nasa-artemis_dpr1_page1	1920	1080	png	150366	nasa__artemis__1920x1080__dpr1_page1.png	various-web	PD	PD	dpr1|page1	us-gov-pd	https://www.nasa.gov/humans-in-space/artemis/
1920x1080/8179_web-screenshots_nasa-artemis_dpr1_page2_1920x1080.png	8179	web-screenshots	nasa-artemis_dpr1_page2	1920	1080	png	591071	nasa__artemis__1920x1080__dpr1_page2.png	various-web	PD	PD	dpr1|page2	us-gov-pd	https://www.nasa.gov/humans-in-space/artemis/
1920x1080/8180_web-screenshots_nasa-home_dpr1_page1_1920x1080.png	8180	web-screenshots	nasa-home_dpr1_page1	1920	1080	png	1269707	nasa__home__1920x1080__dpr1_page1.png	various-web	PD	PD	dpr1|page1	us-gov-pd	https://www.nasa.gov/
1920x1080/8181_web-screenshots_nasa-home_dpr1_page2_1920x1080.png	8181	web-screenshots	nasa-home_dpr1_page2	1920	1080	png	1332598	nasa__home__1920x1080__dpr1_page2.png	various-web	PD	PD	dpr1|page2	us-gov-pd	https://www.nasa.gov/
1920x1080/8182_web-screenshots_nasa-image-of-day_dpr1_page1_1920x1080.png	8182	web-screenshots	nasa-image-of-day_dpr1_page1	1920	1080	png	2359365	nasa__image-of-day__1920x1080__dpr1_page1.png	various-web	PD	PD	dpr1|page1	us-gov-pd	https://www.nasa.gov/image-of-the-day/
1920x1080/8183_web-screenshots_nasa-image-of-day_dpr1_page2_1920x1080.png	8183	web-screenshots	nasa-image-of-day_dpr1_page2	1920	1080	png	2463223	nasa__image-of-day__1920x1080__dpr1_page2.png	various-web	PD	PD	dpr1|page2	us-gov-pd	https://www.nasa.gov/image-of-the-day/
1920x1080/8184_web-screenshots_nasa-missions_dpr1_page1_1920x1080.png	8184	web-screenshots	nasa-missions_dpr1_page1	1920	1080	png	652129	nasa__missions__1920x1080__dpr1_page1.png	various-web	PD	PD	dpr1|page1	us-gov-pd	https://www.nasa.gov/missions/
1920x1080/8185_web-screenshots_nasa-missions_dpr1_page2_1920x1080.png	8185	web-screenshots	nasa-missions_dpr1_page2	1920	1080	png	344587	nasa__missions__1920x1080__dpr1_page2.png	various-web	PD	PD	dpr1|page2	us-gov-pd	https://www.nasa.gov/missions/
1920x1080/8186_web-screenshots_nasa-news_dpr1_page1_1920x1080.png	8186	web-screenshots	nasa-news_dpr1_page1	1920	1080	png	1597610	nasa__news__1920x1080__dpr1_page1.png	various-web	PD	PD	dpr1|page1	us-gov-pd	https://www.nasa.gov/news/
1920x1080/8187_web-screenshots_nasa-news_dpr1_page2_1920x1080.png	8187	web-screenshots	nasa-news_dpr1_page2	1920	1080	png	611657	nasa__news__1920x1080__dpr1_page2.png	various-web	PD	PD	dpr1|page2	us-gov-pd	https://www.nasa.gov/news/
1920x1080/8188_web-screenshots_nasa-perseverance_dpr1_page1_1920x1080.png	8188	web-screenshots	nasa-perseverance_dpr1_page1	1920	1080	png	1849478	nasa__perseverance__1920x1080__dpr1_page1.png	various-web	PD	PD	dpr1|page1	us-gov-pd	https://science.nasa.gov/mission/mars-2020-perseverance/
1920x1080/8189_web-screenshots_nasa-perseverance_dpr1_page2_1920x1080.png	8189	web-screenshots	nasa-perseverance_dpr1_page2	1920	1080	png	572336	nasa__perseverance__1920x1080__dpr1_page2.png	various-web	PD	PD	dpr1|page2	us-gov-pd	https://science.nasa.gov/mission/mars-2020-perseverance/
1920x1080/8190_web-screenshots_nih-recipes-keep-the-beat_dpr1_page1_1920x1080.png	8190	web-screenshots	nih-recipes-keep-the-beat_dpr1_page1	1920	1080	png	127828	nih-recipes__keep-the-beat__1920x1080__dpr1_page1.png	various-web	PD	PD	dpr1|page1	howto-cc-pd	https://www.nhlbi.nih.gov/health/educational/lose_wt/eat/recipes.htm
1920x1080/8191_web-screenshots_nih-home_dpr1_page1_1920x1080.png	8191	web-screenshots	nih-home_dpr1_page1	1920	1080	png	1210193	nih__home__1920x1080__dpr1_page1.png	various-web	PD	PD	dpr1|page1	us-gov-pd	https://www.nih.gov/
1920x1080/8192_web-screenshots_nih-home_dpr1_page2_1920x1080.png	8192	web-screenshots	nih-home_dpr1_page2	1920	1080	png	954332	nih__home__1920x1080__dpr1_page2.png	various-web	PD	PD	dpr1|page2	us-gov-pd	https://www.nih.gov/
1920x1080/8193_web-screenshots_noaa-home_dpr1_page1_1920x1080.png	8193	web-screenshots	noaa-home_dpr1_page1	1920	1080	png	1924787	noaa__home__1920x1080__dpr1_page1.png	various-web	PD	PD	dpr1|page1	us-gov-pd	https://www.noaa.gov/
1920x1080/8194_web-screenshots_noaa-ocean_dpr1_page1_1920x1080.png	8194	web-screenshots	noaa-ocean_dpr1_page1	1920	1080	png	1506322	noaa__ocean__1920x1080__dpr1_page1.png	various-web	PD	PD	dpr1|page1	us-gov-pd	https://oceanservice.noaa.gov/
1920x1080/8195_web-screenshots_noaa-ocean_dpr1_page2_1920x1080.png	8195	web-screenshots	noaa-ocean_dpr1_page2	1920	1080	png	700830	noaa__ocean__1920x1080__dpr1_page2.png	various-web	PD	PD	dpr1|page2	us-gov-pd	https://oceanservice.noaa.gov/
1920x1080/8196_web-screenshots_nps-grand-canyon_dpr1_page1_1920x1080.png	8196	web-screenshots	nps-grand-canyon_dpr1_page1	1920	1080	png	1686186	nps__grand-canyon__1920x1080__dpr1_page1.png	various-web	PD	PD	dpr1|page1	us-gov-pd	https://www.nps.gov/grca/index.htm
1920x1080/8197_web-screenshots_nps-grand-canyon_dpr1_page2_1920x1080.png	8197	web-screenshots	nps-grand-canyon_dpr1_page2	1920	1080	png	1369744	nps__grand-canyon__1920x1080__dpr1_page2.png	various-web	PD	PD	dpr1|page2	us-gov-pd	https://www.nps.gov/grca/index.htm
1920x1080/8198_web-screenshots_nps-grca_dpr1_page1_1920x1080.png	8198	web-screenshots	nps-grca_dpr1_page1	1920	1080	png	1696472	nps__grca__1920x1080__dpr1_page1.png	various-web	PD	PD	dpr1|page1	us-gov-pd	https://www.nps.gov/grca/index.htm
1920x1080/8199_web-screenshots_nps-grca_dpr1_page2_1920x1080.png	8199	web-screenshots	nps-grca_dpr1_page2	1920	1080	png	1360859	nps__grca__1920x1080__dpr1_page2.png	various-web	PD	PD	dpr1|page2	us-gov-pd	https://www.nps.gov/grca/index.htm
1920x1080/8200_web-screenshots_nps-yellowstone_dpr1_page1_1920x1080.png	8200	web-screenshots	nps-yellowstone_dpr1_page1	1920	1080	png	1449771	nps__yellowstone__1920x1080__dpr1_page1.png	various-web	PD	PD	dpr1|page1	us-gov-pd	https://www.nps.gov/yell/index.htm
1920x1080/8201_web-screenshots_nps-yellowstone_dpr1_page2_1920x1080.png	8201	web-screenshots	nps-yellowstone_dpr1_page2	1920	1080	png	1909340	nps__yellowstone__1920x1080__dpr1_page2.png	various-web	PD	PD	dpr1|page2	us-gov-pd	https://www.nps.gov/yell/index.htm
1920x1080/8202_web-screenshots_nps-yosemite_dpr1_page1_1920x1080.png	8202	web-screenshots	nps-yosemite_dpr1_page1	1920	1080	png	1502427	nps__yosemite__1920x1080__dpr1_page1.png	various-web	PD	PD	dpr1|page1	us-gov-pd	https://www.nps.gov/yose/index.htm
1920x1080/8203_web-screenshots_nps-yosemite_dpr1_page2_1920x1080.png	8203	web-screenshots	nps-yosemite_dpr1_page2	1920	1080	png	1921251	nps__yosemite__1920x1080__dpr1_page2.png	various-web	PD	PD	dpr1|page2	us-gov-pd	https://www.nps.gov/yose/index.htm
1920x1080/8204_web-screenshots_nps-zion_dpr1_page1_1920x1080.png	8204	web-screenshots	nps-zion_dpr1_page1	1920	1080	png	1900321	nps__zion__1920x1080__dpr1_page1.png	various-web	PD	PD	dpr1|page1	us-gov-pd	https://www.nps.gov/zion/index.htm
1920x1080/8205_web-screenshots_nps-zion_dpr1_page2_1920x1080.png	8205	web-screenshots	nps-zion_dpr1_page2	1920	1080	png	1689866	nps__zion__1920x1080__dpr1_page2.png	various-web	PD	PD	dpr1|page2	us-gov-pd	https://www.nps.gov/zion/index.htm
1920x1080/8206_web-screenshots_si-edu-exhibitions_dpr1_page1_1920x1080.png	8206	web-screenshots	si-edu-exhibitions_dpr1_page1	1920	1080	png	150768	si-edu__exhibitions__1920x1080__dpr1_page1.png	various-web	PD	PD	dpr1|page1	us-gov-pd	https://www.si.edu/exhibitions
1920x1080/8207_web-screenshots_si-edu-exhibitions_dpr1_page2_1920x1080.png	8207	web-screenshots	si-edu-exhibitions_dpr1_page2	1920	1080	png	396771	si-edu__exhibitions__1920x1080__dpr1_page2.png	various-web	PD	PD	dpr1|page2	us-gov-pd	https://www.si.edu/exhibitions
1920x1080/8208_web-screenshots_usaspending-explorer_dpr1_page1_1920x1080.png	8208	web-screenshots	usaspending-explorer_dpr1_page1	1920	1080	png	77262	usaspending__explorer__1920x1080__dpr1_page1.png	various-web	PD	PD	dpr1|page1	data-cc-or-gov	https://www.usaspending.gov/explorer
1920x1080/8209_web-screenshots_usgs-main-home_dpr1_page1_1920x1080.png	8209	web-screenshots	usgs-main-home_dpr1_page1	1920	1080	png	1210311	usgs-main__home__1920x1080__dpr1_page1.png	various-web	PD	PD	dpr1|page1	us-gov-pd	https://www.usgs.gov/
1920x1080/8210_web-screenshots_usgs-main-home_dpr1_page2_1920x1080.png	8210	web-screenshots	usgs-main-home_dpr1_page2	1920	1080	png	988549	usgs-main__home__1920x1080__dpr1_page2.png	various-web	PD	PD	dpr1|page2	us-gov-pd	https://www.usgs.gov/
1920x1080/8211_web-screenshots_usgs-home_dpr1_page1_1920x1080.png	8211	web-screenshots	usgs-home_dpr1_page1	1920	1080	png	1210311	usgs__home__1920x1080__dpr1_page1.png	various-web	PD	PD	dpr1|page1	us-gov-pd	https://www.usgs.gov/
1920x1080/8212_web-screenshots_usgs-home_dpr1_page2_1920x1080.png	8212	web-screenshots	usgs-home_dpr1_page2	1920	1080	png	988549	usgs__home__1920x1080__dpr1_page2.png	various-web	PD	PD	dpr1|page2	us-gov-pd	https://www.usgs.gov/
1920x1080/8213_web-screenshots_usgs-topoview_dpr1_page1_1920x1080.png	8213	web-screenshots	usgs-topoview_dpr1_page1	1920	1080	png	816248	usgs__topoview__1920x1080__dpr1_page1.png	various-web	PD	PD	dpr1|page1	map-cc-or-gov	https://ngmdb.usgs.gov/topoview/
1920x1080/8214_web-screenshots_weather-forecast-nyc_dpr1_page1_1920x1080.png	8214	web-screenshots	weather-forecast-nyc_dpr1_page1	1920	1080	png	397565	weather__forecast-nyc__1920x1080__dpr1_page1.png	various-web	PD	PD	dpr1|page1	map-cc-or-gov	https://forecast.weather.gov/MapClick.php?lat=40.7143&lon=-74.006
1920x1080/8215_web-screenshots_weather-forecast-nyc_dpr1_page2_1920x1080.png	8215	web-screenshots	weather-forecast-nyc_dpr1_page2	1920	1080	png	303762	weather__forecast-nyc__1920x1080__dpr1_page2.png	various-web	PD	PD	dpr1|page2	map-cc-or-gov	https://forecast.weather.gov/MapClick.php?lat=40.7143&lon=-74.006
1920x1080/8216_web-screenshots_weatherportal-home_dpr1_page1_1920x1080.png	8216	web-screenshots	weatherportal-home_dpr1_page1	1920	1080	png	566337	weatherportal__home__1920x1080__dpr1_page1.png	various-web	PD	PD	dpr1|page1	us-gov-pd	https://www.weather.gov/
1920x1080/8217_web-screenshots_whitehouse-briefing_dpr1_page1_1920x1080.png	8217	web-screenshots	whitehouse-briefing_dpr1_page1	1920	1080	png	102122	whitehouse__briefing__1920x1080__dpr1_page1.png	various-web	PD	PD	dpr1|page1	us-gov-pd	https://www.whitehouse.gov/briefing-room/
1920x1080/8218_web-screenshots_whitehouse-briefing_dpr1_page2_1920x1080.png	8218	web-screenshots	whitehouse-briefing_dpr1_page2	1920	1080	png	123494	whitehouse__briefing__1920x1080__dpr1_page2.png	various-web	PD	PD	dpr1|page2	us-gov-pd	https://www.whitehouse.gov/briefing-room/
2880x1800/8219_web-screenshots_archive-wayback-search_dpr2_page1_2880x1800.png	8219	web-screenshots	archive-wayback-search_dpr2_page1	2880	1800	png	410078	archive__wayback-search__1440x900__dpr2_page1.png	various-web	PD-tool	PD-tool	dpr2|page1	archive-cc-or-pd	https://web.archive.org/web/20240101000000*/example.com
2880x1800/8220_web-screenshots_archives-exhibits_dpr2_page1_2880x1800.png	8220	web-screenshots	archives-exhibits_dpr2_page1	2880	1800	png	1769586	archives__exhibits__1440x900__dpr2_page1.png	various-web	PD	PD	dpr2|page1	us-gov-pd	https://www.archives.gov/exhibits
2880x1800/8221_web-screenshots_archives-exhibits_dpr2_page2_2880x1800.png	8221	web-screenshots	archives-exhibits_dpr2_page2	2880	1800	png	1045828	archives__exhibits__1440x900__dpr2_page2.png	various-web	PD	PD	dpr2|page2	us-gov-pd	https://www.archives.gov/exhibits
2880x1800/8222_web-screenshots_bls-employment-situation_dpr2_page1_2880x1800.png	8222	web-screenshots	bls-employment-situation_dpr2_page1	2880	1800	png	76096	bls__employment-situation__1440x900__dpr2_page1.png	various-web	PD	PD	dpr2|page1	data-cc-or-gov	https://www.bls.gov/news.release/empsit.toc.htm
2880x1800/8223_web-screenshots_climate-gov-home_dpr2_page1_2880x1800.png	8223	web-screenshots	climate-gov-home_dpr2_page1	2880	1800	png	1967108	climate-gov__home__1440x900__dpr2_page1.png	various-web	PD	PD	dpr2|page1	us-gov-pd	https://www.climate.gov/
2880x1800/8224_web-screenshots_climate-gov-home_dpr2_page2_2880x1800.png	8224	web-screenshots	climate-gov-home_dpr2_page2	2880	1800	png	2063751	climate-gov__home__1440x900__dpr2_page2.png	various-web	PD	PD	dpr2|page2	us-gov-pd	https://www.climate.gov/
2880x1800/8225_web-screenshots_datagov-catalog_dpr2_page1_2880x1800.png	8225	web-screenshots	datagov-catalog_dpr2_page1	2880	1800	png	341316	datagov__catalog__1440x900__dpr2_page1.png	various-web	PD	PD	dpr2|page1	data-cc-or-gov	https://catalog.data.gov/dataset?q=climate
2880x1800/8226_web-screenshots_datagov-catalog_dpr2_page2_2880x1800.png	8226	web-screenshots	datagov-catalog_dpr2_page2	2880	1800	png	387712	datagov__catalog__1440x900__dpr2_page2.png	various-web	PD	PD	dpr2|page2	data-cc-or-gov	https://catalog.data.gov/dataset?q=climate
2880x1800/8227_web-screenshots_federalreserve-data_dpr2_page1_2880x1800.png	8227	web-screenshots	federalreserve-data_dpr2_page1	2880	1800	png	727277	federalreserve__data__1440x900__dpr2_page1.png	various-web	PD	PD	dpr2|page1	data-cc-or-gov	https://www.federalreserve.gov/data.htm
2880x1800/8228_web-screenshots_gutenberg-top_dpr2_page1_2880x1800.png	8228	web-screenshots	gutenberg-top_dpr2_page1	2880	1800	png	556796	gutenberg__top__1440x900__dpr2_page1.png	various-web	PD	PD	dpr2|page1	archive-cc-or-pd	https://www.gutenberg.org/browse/scores/top
2880x1800/8229_web-screenshots_gutenberg-top_dpr2_page2_2880x1800.png	8229	web-screenshots	gutenberg-top_dpr2_page2	2880	1800	png	638620	gutenberg__top__1440x900__dpr2_page2.png	various-web	PD	PD	dpr2|page2	archive-cc-or-pd	https://www.gutenberg.org/browse/scores/top
2880x1800/8230_web-screenshots_lkml-lists-index_dpr2_page1_2880x1800.png	8230	web-screenshots	lkml-lists-index_dpr2_page1	2880	1800	png	478931	lkml__lists-index__1440x900__dpr2_page1.png	various-web	Mailing-list-PD	Mailing-list-PD	dpr2|page1	forum-pd	https://lkml.org/lkml/2024/12/1
2880x1800/8231_web-screenshots_lkml-lists-index_dpr2_page2_2880x1800.png	8231	web-screenshots	lkml-lists-index_dpr2_page2	2880	1800	png	559578	lkml__lists-index__1440x900__dpr2_page2.png	various-web	Mailing-list-PD	Mailing-list-PD	dpr2|page2	forum-pd	https://lkml.org/lkml/2024/12/1
2880x1800/8232_web-screenshots_loc-exhibitions_dpr2_page1_2880x1800.png	8232	web-screenshots	loc-exhibitions_dpr2_page1	2880	1800	png	1333621	loc__exhibitions__1440x900__dpr2_page1.png	various-web	PD	PD	dpr2|page1	us-gov-pd	https://www.loc.gov/exhibits/
2880x1800/8233_web-screenshots_loc-exhibits_dpr2_page1_2880x1800.png	8233	web-screenshots	loc-exhibits_dpr2_page1	2880	1800	png	1333621	loc__exhibits__1440x900__dpr2_page1.png	various-web	PD	PD	dpr2|page1	us-gov-pd	https://www.loc.gov/exhibits/
2880x1800/8234_web-screenshots_loc-pictures_dpr2_page1_2880x1800.png	8234	web-screenshots	loc-pictures_dpr2_page1	2880	1800	png	901466	loc__pictures__1440x900__dpr2_page1.png	various-web	PD	PD	dpr2|page1	us-gov-pd	https://www.loc.gov/pictures/
2880x1800/8235_web-screenshots_loc-pictures_dpr2_page2_2880x1800.png	8235	web-screenshots	loc-pictures_dpr2_page2	2880	1800	png	839903	loc__pictures__1440x900__dpr2_page2.png	various-web	PD	PD	dpr2|page2	us-gov-pd	https://www.loc.gov/pictures/
2880x1800/8236_web-screenshots_nasa-artemis_dpr2_page1_2880x1800.png	8236	web-screenshots	nasa-artemis_dpr2_page1	2880	1800	png	2032360	nasa__artemis__1440x900__dpr2_page1.png	various-web	PD	PD	dpr2|page1	us-gov-pd	https://www.nasa.gov/humans-in-space/artemis/
2880x1800/8237_web-screenshots_nasa-artemis_dpr2_page2_2880x1800.png	8237	web-screenshots	nasa-artemis_dpr2_page2	2880	1800	png	4247540	nasa__artemis__1440x900__dpr2_page2.png	various-web	PD	PD	dpr2|page2	us-gov-pd	https://www.nasa.gov/humans-in-space/artemis/
2880x1800/8238_web-screenshots_nasa-home_dpr2_page1_2880x1800.png	8238	web-screenshots	nasa-home_dpr2_page1	2880	1800	png	2525372	nasa__home__1440x900__dpr2_page1.png	various-web	PD	PD	dpr2|page1	us-gov-pd	https://www.nasa.gov/
2880x1800/8239_web-screenshots_nasa-home_dpr2_page2_2880x1800.png	8239	web-screenshots	nasa-home_dpr2_page2	2880	1800	png	2818908	nasa__home__1440x900__dpr2_page2.png	various-web	PD	PD	dpr2|page2	us-gov-pd	https://www.nasa.gov/
2880x1800/8240_web-screenshots_nasa-image-of-day_dpr2_page1_2880x1800.png	8240	web-screenshots	nasa-image-of-day_dpr2_page1	2880	1800	png	5013142	nasa__image-of-day__1440x900__dpr2_page1.png	various-web	PD	PD	dpr2|page1	us-gov-pd	https://www.nasa.gov/image-of-the-day/
2880x1800/8241_web-screenshots_nasa-image-of-day_dpr2_page2_2880x1800.png	8241	web-screenshots	nasa-image-of-day_dpr2_page2	2880	1800	png	6723426	nasa__image-of-day__1440x900__dpr2_page2.png	various-web	PD	PD	dpr2|page2	us-gov-pd	https://www.nasa.gov/image-of-the-day/
2880x1800/8242_web-screenshots_nasa-missions_dpr2_page1_2880x1800.png	8242	web-screenshots	nasa-missions_dpr2_page1	2880	1800	png	1699935	nasa__missions__1440x900__dpr2_page1.png	various-web	PD	PD	dpr2|page1	us-gov-pd	https://www.nasa.gov/missions/
2880x1800/8243_web-screenshots_nasa-missions_dpr2_page2_2880x1800.png	8243	web-screenshots	nasa-missions_dpr2_page2	2880	1800	png	1308424	nasa__missions__1440x900__dpr2_page2.png	various-web	PD	PD	dpr2|page2	us-gov-pd	https://www.nasa.gov/missions/
2880x1800/8244_web-screenshots_nasa-news_dpr2_page1_2880x1800.png	8244	web-screenshots	nasa-news_dpr2_page1	2880	1800	png	3588496	nasa__news__1440x900__dpr2_page1.png	various-web	PD	PD	dpr2|page1	us-gov-pd	https://www.nasa.gov/news/
2880x1800/8245_web-screenshots_nasa-news_dpr2_page2_2880x1800.png	8245	web-screenshots	nasa-news_dpr2_page2	2880	1800	png	2497361	nasa__news__1440x900__dpr2_page2.png	various-web	PD	PD	dpr2|page2	us-gov-pd	https://www.nasa.gov/news/
2880x1800/8246_web-screenshots_nasa-webb_dpr2_page1_2880x1800.png	8246	web-screenshots	nasa-webb_dpr2_page1	2880	1800	png	2940632	nasa__webb__1440x900__dpr2_page1.png	various-web	PD	PD	dpr2|page1	us-gov-pd	https://science.nasa.gov/mission/webb/
2880x1800/8247_web-screenshots_nasa-webb_dpr2_page2_2880x1800.png	8247	web-screenshots	nasa-webb_dpr2_page2	2880	1800	png	960839	nasa__webb__1440x900__dpr2_page2.png	various-web	PD	PD	dpr2|page2	us-gov-pd	https://science.nasa.gov/mission/webb/
2880x1800/8248_web-screenshots_nih-recipes-keep-the-beat_dpr2_page1_2880x1800.png	8248	web-screenshots	nih-recipes-keep-the-beat_dpr2_page1	2880	1800	png	256231	nih-recipes__keep-the-beat__1440x900__dpr2_page1.png	various-web	PD	PD	dpr2|page1	howto-cc-pd	https://www.nhlbi.nih.gov/health/educational/lose_wt/eat/recipes.htm
2880x1800/8249_web-screenshots_nih-home_dpr2_page1_2880x1800.png	8249	web-screenshots	nih-home_dpr2_page1	2880	1800	png	2440286	nih__home__1440x900__dpr2_page1.png	various-web	PD	PD	dpr2|page1	us-gov-pd	https://www.nih.gov/
2880x1800/8250_web-screenshots_nih-home_dpr2_page2_2880x1800.png	8250	web-screenshots	nih-home_dpr2_page2	2880	1800	png	2801478	nih__home__1440x900__dpr2_page2.png	various-web	PD	PD	dpr2|page2	us-gov-pd	https://www.nih.gov/
2880x1800/8251_web-screenshots_noaa-home_dpr2_page1_2880x1800.png	8251	web-screenshots	noaa-home_dpr2_page1	2880	1800	png	4007286	noaa__home__1440x900__dpr2_page1.png	various-web	PD	PD	dpr2|page1	us-gov-pd	https://www.noaa.gov/
2880x1800/8252_web-screenshots_nps-grand-canyon_dpr2_page1_2880x1800.png	8252	web-screenshots	nps-grand-canyon_dpr2_page1	2880	1800	png	3845979	nps__grand-canyon__1440x900__dpr2_page1.png	various-web	PD	PD	dpr2|page1	us-gov-pd	https://www.nps.gov/grca/index.htm
2880x1800/8253_web-screenshots_nps-grand-canyon_dpr2_page2_2880x1800.png	8253	web-screenshots	nps-grand-canyon_dpr2_page2	2880	1800	png	3878821	nps__grand-canyon__1440x900__dpr2_page2.png	various-web	PD	PD	dpr2|page2	us-gov-pd	https://www.nps.gov/grca/index.htm
2880x1800/8254_web-screenshots_nps-yellowstone_dpr2_page1_2880x1800.png	8254	web-screenshots	nps-yellowstone_dpr2_page1	2880	1800	png	2457600	nps__yellowstone__1440x900__dpr2_page1.png	various-web	PD	PD	dpr2|page1	us-gov-pd	https://www.nps.gov/yell/index.htm
2880x1800/8255_web-screenshots_nps-yellowstone_dpr2_page2_2880x1800.png	8255	web-screenshots	nps-yellowstone_dpr2_page2	2880	1800	png	5701082	nps__yellowstone__1440x900__dpr2_page2.png	various-web	PD	PD	dpr2|page2	us-gov-pd	https://www.nps.gov/yell/index.htm
2880x1800/8256_web-screenshots_nps-yose_dpr2_page1_2880x1800.png	8256	web-screenshots	nps-yose_dpr2_page1	2880	1800	png	2608390	nps__yose__1440x900__dpr2_page1.png	various-web	PD	PD	dpr2|page1	us-gov-pd	https://www.nps.gov/yose/index.htm
2880x1800/8257_web-screenshots_nps-yose_dpr2_page2_2880x1800.png	8257	web-screenshots	nps-yose_dpr2_page2	2880	1800	png	5118121	nps__yose__1440x900__dpr2_page2.png	various-web	PD	PD	dpr2|page2	us-gov-pd	https://www.nps.gov/yose/index.htm
2880x1800/8258_web-screenshots_nps-yosemite_dpr2_page1_2880x1800.png	8258	web-screenshots	nps-yosemite_dpr2_page1	2880	1800	png	2603374	nps__yosemite__1440x900__dpr2_page1.png	various-web	PD	PD	dpr2|page1	us-gov-pd	https://www.nps.gov/yose/index.htm
2880x1800/8259_web-screenshots_nps-yosemite_dpr2_page2_2880x1800.png	8259	web-screenshots	nps-yosemite_dpr2_page2	2880	1800	png	5118242	nps__yosemite__1440x900__dpr2_page2.png	various-web	PD	PD	dpr2|page2	us-gov-pd	https://www.nps.gov/yose/index.htm
2880x1800/8260_web-screenshots_nps-zion_dpr2_page1_2880x1800.png	8260	web-screenshots	nps-zion_dpr2_page1	2880	1800	png	3818627	nps__zion__1440x900__dpr2_page1.png	various-web	PD	PD	dpr2|page1	us-gov-pd	https://www.nps.gov/zion/index.htm
2880x1800/8261_web-screenshots_nps-zion_dpr2_page2_2880x1800.png	8261	web-screenshots	nps-zion_dpr2_page2	2880	1800	png	4917639	nps__zion__1440x900__dpr2_page2.png	various-web	PD	PD	dpr2|page2	us-gov-pd	https://www.nps.gov/zion/index.htm
2880x1800/8262_web-screenshots_si-edu-exhibitions_dpr2_page1_2880x1800.png	8262	web-screenshots	si-edu-exhibitions_dpr2_page1	2880	1800	png	129587	si-edu__exhibitions__1440x900__dpr2_page1.png	various-web	PD	PD	dpr2|page1	us-gov-pd	https://www.si.edu/exhibitions
2880x1800/8263_web-screenshots_si-edu-exhibitions_dpr2_page2_2880x1800.png	8263	web-screenshots	si-edu-exhibitions_dpr2_page2	2880	1800	png	2863399	si-edu__exhibitions__1440x900__dpr2_page2.png	various-web	PD	PD	dpr2|page2	us-gov-pd	https://www.si.edu/exhibitions
2880x1800/8264_web-screenshots_usaspending-explorer_dpr2_page1_2880x1800.png	8264	web-screenshots	usaspending-explorer_dpr2_page1	2880	1800	png	150289	usaspending__explorer__1440x900__dpr2_page1.png	various-web	PD	PD	dpr2|page1	data-cc-or-gov	https://www.usaspending.gov/explorer
2880x1800/8265_web-screenshots_usgs-main-home_dpr2_page1_2880x1800.png	8265	web-screenshots	usgs-main-home_dpr2_page1	2880	1800	png	2832824	usgs-main__home__1440x900__dpr2_page1.png	various-web	PD	PD	dpr2|page1	us-gov-pd	https://www.usgs.gov/
2880x1800/8266_web-screenshots_usgs-main-home_dpr2_page2_2880x1800.png	8266	web-screenshots	usgs-main-home_dpr2_page2	2880	1800	png	915728	usgs-main__home__1440x900__dpr2_page2.png	various-web	PD	PD	dpr2|page2	us-gov-pd	https://www.usgs.gov/
2880x1800/8267_web-screenshots_usgs-topoview_dpr2_page1_2880x1800.png	8267	web-screenshots	usgs-topoview_dpr2_page1	2880	1800	png	1578295	usgs__topoview__1440x900__dpr2_page1.png	various-web	PD	PD	dpr2|page1	map-cc-or-gov	https://ngmdb.usgs.gov/topoview/
2880x1800/8268_web-screenshots_weather-forecast-nyc_dpr2_page1_2880x1800.png	8268	web-screenshots	weather-forecast-nyc_dpr2_page1	2880	1800	png	691926	weather__forecast-nyc__1440x900__dpr2_page1.png	various-web	PD	PD	dpr2|page1	map-cc-or-gov	https://forecast.weather.gov/MapClick.php?lat=40.7143&lon=-74.006
2880x1800/8269_web-screenshots_weather-forecast-nyc_dpr2_page2_2880x1800.png	8269	web-screenshots	weather-forecast-nyc_dpr2_page2	2880	1800	png	1040462	weather__forecast-nyc__1440x900__dpr2_page2.png	various-web	PD	PD	dpr2|page2	map-cc-or-gov	https://forecast.weather.gov/MapClick.php?lat=40.7143&lon=-74.006
2880x1800/8270_web-screenshots_weatherportal-home_dpr2_page1_2880x1800.png	8270	web-screenshots	weatherportal-home_dpr2_page1	2880	1800	png	1364896	weatherportal__home__1440x900__dpr2_page1.png	various-web	PD	PD	dpr2|page1	us-gov-pd	https://www.weather.gov/
375x667/8271_web-screenshots_archive-wayback-search_dpr1_page1_375x667.png	8271	web-screenshots	archive-wayback-search_dpr1_page1	375	667	png	43761	archive__wayback-search__375x667__dpr1_page1.png	various-web	PD-tool	PD-tool	dpr1|page1	archive-cc-or-pd	https://web.archive.org/web/20240101000000*/example.com
375x667/8272_web-screenshots_archives-exhibits_dpr1_page1_375x667.png	8272	web-screenshots	archives-exhibits_dpr1_page1	375	667	png	136188	archives__exhibits__375x667__dpr1_page1.png	various-web	PD	PD	dpr1|page1	us-gov-pd	https://www.archives.gov/exhibits
375x667/8273_web-screenshots_archives-exhibits_dpr1_page2_375x667.png	8273	web-screenshots	archives-exhibits_dpr1_page2	375	667	png	150829	archives__exhibits__375x667__dpr1_page2.png	various-web	PD	PD	dpr1|page2	us-gov-pd	https://www.archives.gov/exhibits
375x667/8274_web-screenshots_bls-employment-situation_dpr1_page1_375x667.png	8274	web-screenshots	bls-employment-situation_dpr1_page1	375	667	png	15077	bls__employment-situation__375x667__dpr1_page1.png	various-web	PD	PD	dpr1|page1	data-cc-or-gov	https://www.bls.gov/news.release/empsit.toc.htm
375x667/8275_web-screenshots_climate-gov-home_dpr1_page1_375x667.png	8275	web-screenshots	climate-gov-home_dpr1_page1	375	667	png	132434	climate-gov__home__375x667__dpr1_page1.png	various-web	PD	PD	dpr1|page1	us-gov-pd	https://www.climate.gov/
375x667/8276_web-screenshots_climate-gov-home_dpr1_page2_375x667.png	8276	web-screenshots	climate-gov-home_dpr1_page2	375	667	png	65817	climate-gov__home__375x667__dpr1_page2.png	various-web	PD	PD	dpr1|page2	us-gov-pd	https://www.climate.gov/
375x667/8277_web-screenshots_datagov-catalog_dpr1_page1_375x667.png	8277	web-screenshots	datagov-catalog_dpr1_page1	375	667	png	47559	datagov__catalog__375x667__dpr1_page1.png	various-web	PD	PD	dpr1|page1	data-cc-or-gov	https://catalog.data.gov/dataset?q=climate
375x667/8278_web-screenshots_datagov-catalog_dpr1_page2_375x667.png	8278	web-screenshots	datagov-catalog_dpr1_page2	375	667	png	53202	datagov__catalog__375x667__dpr1_page2.png	various-web	PD	PD	dpr1|page2	data-cc-or-gov	https://catalog.data.gov/dataset?q=climate
375x667/8279_web-screenshots_federalreserve-data_dpr1_page1_375x667.png	8279	web-screenshots	federalreserve-data_dpr1_page1	375	667	png	60605	federalreserve__data__375x667__dpr1_page1.png	various-web	PD	PD	dpr1|page1	data-cc-or-gov	https://www.federalreserve.gov/data.htm
375x667/8280_web-screenshots_gutenberg-top_dpr1_page1_375x667.png	8280	web-screenshots	gutenberg-top_dpr1_page1	375	667	png	59160	gutenberg__top__375x667__dpr1_page1.png	various-web	PD	PD	dpr1|page1	archive-cc-or-pd	https://www.gutenberg.org/browse/scores/top
375x667/8281_web-screenshots_gutenberg-top_dpr1_page2_375x667.png	8281	web-screenshots	gutenberg-top_dpr1_page2	375	667	png	73777	gutenberg__top__375x667__dpr1_page2.png	various-web	PD	PD	dpr1|page2	archive-cc-or-pd	https://www.gutenberg.org/browse/scores/top
375x667/8282_web-screenshots_lkml-lists-index_dpr1_page1_375x667.png	8282	web-screenshots	lkml-lists-index_dpr1_page1	375	667	png	39603	lkml__lists-index__375x667__dpr1_page1.png	various-web	Mailing-list-PD	Mailing-list-PD	dpr1|page1	forum-pd	https://lkml.org/lkml/2024/12/1
375x667/8283_web-screenshots_lkml-lists-index_dpr1_page2_375x667.png	8283	web-screenshots	lkml-lists-index_dpr1_page2	375	667	png	54805	lkml__lists-index__375x667__dpr1_page2.png	various-web	Mailing-list-PD	Mailing-list-PD	dpr1|page2	forum-pd	https://lkml.org/lkml/2024/12/1
375x667/8284_web-screenshots_loc-exhibits_dpr1_page1_375x667.png	8284	web-screenshots	loc-exhibits_dpr1_page1	375	667	png	113570	loc__exhibits__375x667__dpr1_page1.png	various-web	PD	PD	dpr1|page1	us-gov-pd	https://www.loc.gov/exhibits/
375x667/8285_web-screenshots_loc-exhibits_dpr1_page2_375x667.png	8285	web-screenshots	loc-exhibits_dpr1_page2	375	667	png	49107	loc__exhibits__375x667__dpr1_page2.png	various-web	PD	PD	dpr1|page2	us-gov-pd	https://www.loc.gov/exhibits/
375x667/8286_web-screenshots_loc-free-to-use_dpr1_page1_375x667.png	8286	web-screenshots	loc-free-to-use_dpr1_page1	375	667	png	73248	loc__free-to-use__375x667__dpr1_page1.png	various-web	PD	PD	dpr1|page1	us-gov-pd	https://www.loc.gov/free-to-use/
375x667/8287_web-screenshots_loc-free-to-use_dpr1_page2_375x667.png	8287	web-screenshots	loc-free-to-use_dpr1_page2	375	667	png	337386	loc__free-to-use__375x667__dpr1_page2.png	various-web	PD	PD	dpr1|page2	us-gov-pd	https://www.loc.gov/free-to-use/
375x667/8288_web-screenshots_loc-pictures_dpr1_page1_375x667.png	8288	web-screenshots	loc-pictures_dpr1_page1	375	667	png	109317	loc__pictures__375x667__dpr1_page1.png	various-web	PD	PD	dpr1|page1	us-gov-pd	https://www.loc.gov/pictures/
375x667/8289_web-screenshots_loc-pictures_dpr1_page2_375x667.png	8289	web-screenshots	loc-pictures_dpr1_page2	375	667	png	92729	loc__pictures__375x667__dpr1_page2.png	various-web	PD	PD	dpr1|page2	us-gov-pd	https://www.loc.gov/pictures/
375x667/8290_web-screenshots_nasa-artemis_dpr1_page1_375x667.png	8290	web-screenshots	nasa-artemis_dpr1_page1	375	667	png	34721	nasa__artemis__375x667__dpr1_page1.png	various-web	PD	PD	dpr1|page1	us-gov-pd	https://www.nasa.gov/humans-in-space/artemis/
375x667/8291_web-screenshots_nasa-artemis_dpr1_page2_375x667.png	8291	web-screenshots	nasa-artemis_dpr1_page2	375	667	png	181506	nasa__artemis__375x667__dpr1_page2.png	various-web	PD	PD	dpr1|page2	us-gov-pd	https://www.nasa.gov/humans-in-space/artemis/
375x667/8292_web-screenshots_nasa-home_dpr1_page1_375x667.png	8292	web-screenshots	nasa-home_dpr1_page1	375	667	png	123733	nasa__home__375x667__dpr1_page1.png	various-web	PD	PD	dpr1|page1	us-gov-pd	https://www.nasa.gov/
375x667/8293_web-screenshots_nasa-home_dpr1_page2_375x667.png	8293	web-screenshots	nasa-home_dpr1_page2	375	667	png	154376	nasa__home__375x667__dpr1_page2.png	various-web	PD	PD	dpr1|page2	us-gov-pd	https://www.nasa.gov/
375x667/8294_web-screenshots_nasa-image-of-day_dpr1_page1_375x667.png	8294	web-screenshots	nasa-image-of-day_dpr1_page1	375	667	png	228501	nasa__image-of-day__375x667__dpr1_page1.png	various-web	PD	PD	dpr1|page1	us-gov-pd	https://www.nasa.gov/image-of-the-day/
375x667/8295_web-screenshots_nasa-image-of-day_dpr1_page2_375x667.png	8295	web-screenshots	nasa-image-of-day_dpr1_page2	375	667	png	269932	nasa__image-of-day__375x667__dpr1_page2.png	various-web	PD	PD	dpr1|page2	us-gov-pd	https://www.nasa.gov/image-of-the-day/
375x667/8296_web-screenshots_nasa-missions_dpr1_page1_375x667.png	8296	web-screenshots	nasa-missions_dpr1_page1	375	667	png	118474	nasa__missions__375x667__dpr1_page1.png	various-web	PD	PD	dpr1|page1	us-gov-pd	https://www.nasa.gov/missions/
375x667/8297_web-screenshots_nasa-missions_dpr1_page2_375x667.png	8297	web-screenshots	nasa-missions_dpr1_page2	375	667	png	171135	nasa__missions__375x667__dpr1_page2.png	various-web	PD	PD	dpr1|page2	us-gov-pd	https://www.nasa.gov/missions/
375x667/8298_web-screenshots_nasa-news_dpr1_page1_375x667.png	8298	web-screenshots	nasa-news_dpr1_page1	375	667	png	286037	nasa__news__375x667__dpr1_page1.png	various-web	PD	PD	dpr1|page1	us-gov-pd	https://www.nasa.gov/news/
375x667/8299_web-screenshots_nasa-news_dpr1_page2_375x667.png	8299	web-screenshots	nasa-news_dpr1_page2	375	667	png	172131	nasa__news__375x667__dpr1_page2.png	various-web	PD	PD	dpr1|page2	us-gov-pd	https://www.nasa.gov/news/
375x667/8300_web-screenshots_nasa-webb_dpr1_page1_375x667.png	8300	web-screenshots	nasa-webb_dpr1_page1	375	667	png	147774	nasa__webb__375x667__dpr1_page1.png	various-web	PD	PD	dpr1|page1	us-gov-pd	https://science.nasa.gov/mission/webb/
375x667/8301_web-screenshots_nasa-webb_dpr1_page2_375x667.png	8301	web-screenshots	nasa-webb_dpr1_page2	375	667	png	28445	nasa__webb__375x667__dpr1_page2.png	various-web	PD	PD	dpr1|page2	us-gov-pd	https://science.nasa.gov/mission/webb/
375x667/8302_web-screenshots_nih-recipes-keep-the-beat_dpr1_page1_375x667.png	8302	web-screenshots	nih-recipes-keep-the-beat_dpr1_page1	375	667	png	44746	nih-recipes__keep-the-beat__375x667__dpr1_page1.png	various-web	PD	PD	dpr1|page1	howto-cc-pd	https://www.nhlbi.nih.gov/health/educational/lose_wt/eat/recipes.htm
375x667/8303_web-screenshots_nih-home_dpr1_page1_375x667.png	8303	web-screenshots	nih-home_dpr1_page1	375	667	png	104516	nih__home__375x667__dpr1_page1.png	various-web	PD	PD	dpr1|page1	us-gov-pd	https://www.nih.gov/
375x667/8304_web-screenshots_nih-home_dpr1_page2_375x667.png	8304	web-screenshots	nih-home_dpr1_page2	375	667	png	39690	nih__home__375x667__dpr1_page2.png	various-web	PD	PD	dpr1|page2	us-gov-pd	https://www.nih.gov/
375x667/8305_web-screenshots_noaa-home_dpr1_page1_375x667.png	8305	web-screenshots	noaa-home_dpr1_page1	375	667	png	191569	noaa__home__375x667__dpr1_page1.png	various-web	PD	PD	dpr1|page1	us-gov-pd	https://www.noaa.gov/
375x667/8306_web-screenshots_noaa-home_dpr1_page2_375x667.png	8306	web-screenshots	noaa-home_dpr1_page2	375	667	png	192576	noaa__home__375x667__dpr1_page2.png	various-web	PD	PD	dpr1|page2	us-gov-pd	https://www.noaa.gov/
375x667/8307_web-screenshots_nps-grand-canyon_dpr1_page1_375x667.png	8307	web-screenshots	nps-grand-canyon_dpr1_page1	375	667	png	220593	nps__grand-canyon__375x667__dpr1_page1.png	various-web	PD	PD	dpr1|page1	us-gov-pd	https://www.nps.gov/grca/index.htm
375x667/8308_web-screenshots_nps-grand-canyon_dpr1_page2_375x667.png	8308	web-screenshots	nps-grand-canyon_dpr1_page2	375	667	png	137710	nps__grand-canyon__375x667__dpr1_page2.png	various-web	PD	PD	dpr1|page2	us-gov-pd	https://www.nps.gov/grca/index.htm
375x667/8309_web-screenshots_nps-yellowstone_dpr1_page1_375x667.png	8309	web-screenshots	nps-yellowstone_dpr1_page1	375	667	png	149359	nps__yellowstone__375x667__dpr1_page1.png	various-web	PD	PD	dpr1|page1	us-gov-pd	https://www.nps.gov/yell/index.htm
375x667/8310_web-screenshots_nps-yellowstone_dpr1_page2_375x667.png	8310	web-screenshots	nps-yellowstone_dpr1_page2	375	667	png	284926	nps__yellowstone__375x667__dpr1_page2.png	various-web	PD	PD	dpr1|page2	us-gov-pd	https://www.nps.gov/yell/index.htm
375x667/8311_web-screenshots_nps-yose_dpr1_page1_375x667.png	8311	web-screenshots	nps-yose_dpr1_page1	375	667	png	155940	nps__yose__375x667__dpr1_page1.png	various-web	PD	PD	dpr1|page1	us-gov-pd	https://www.nps.gov/yose/index.htm
375x667/8312_web-screenshots_nps-yose_dpr1_page2_375x667.png	8312	web-screenshots	nps-yose_dpr1_page2	375	667	png	239367	nps__yose__375x667__dpr1_page2.png	various-web	PD	PD	dpr1|page2	us-gov-pd	https://www.nps.gov/yose/index.htm
375x667/8313_web-screenshots_nps-yosemite_dpr1_page1_375x667.png	8313	web-screenshots	nps-yosemite_dpr1_page1	375	667	png	155940	nps__yosemite__375x667__dpr1_page1.png	various-web	PD	PD	dpr1|page1	us-gov-pd	https://www.nps.gov/yose/index.htm
375x667/8314_web-screenshots_nps-yosemite_dpr1_page2_375x667.png	8314	web-screenshots	nps-yosemite_dpr1_page2	375	667	png	239367	nps__yosemite__375x667__dpr1_page2.png	various-web	PD	PD	dpr1|page2	us-gov-pd	https://www.nps.gov/yose/index.htm
375x667/8315_web-screenshots_nps-zion_dpr1_page1_375x667.png	8315	web-screenshots	nps-zion_dpr1_page1	375	667	png	237340	nps__zion__375x667__dpr1_page1.png	various-web	PD	PD	dpr1|page1	us-gov-pd	https://www.nps.gov/zion/index.htm
375x667/8316_web-screenshots_nps-zion_dpr1_page2_375x667.png	8316	web-screenshots	nps-zion_dpr1_page2	375	667	png	171656	nps__zion__375x667__dpr1_page2.png	various-web	PD	PD	dpr1|page2	us-gov-pd	https://www.nps.gov/zion/index.htm
375x667/8317_web-screenshots_si-edu-exhibitions_dpr1_page1_375x667.png	8317	web-screenshots	si-edu-exhibitions_dpr1_page1	375	667	png	27940	si-edu__exhibitions__375x667__dpr1_page1.png	various-web	PD	PD	dpr1|page1	us-gov-pd	https://www.si.edu/exhibitions
375x667/8318_web-screenshots_si-edu-exhibitions_dpr1_page2_375x667.png	8318	web-screenshots	si-edu-exhibitions_dpr1_page2	375	667	png	268946	si-edu__exhibitions__375x667__dpr1_page2.png	various-web	PD	PD	dpr1|page2	us-gov-pd	https://www.si.edu/exhibitions
375x667/8319_web-screenshots_usaspending-explorer_dpr1_page1_375x667.png	8319	web-screenshots	usaspending-explorer_dpr1_page1	375	667	png	40104	usaspending__explorer__375x667__dpr1_page1.png	various-web	PD	PD	dpr1|page1	data-cc-or-gov	https://www.usaspending.gov/explorer
375x667/8320_web-screenshots_usaspending-explorer_dpr1_page2_375x667.png	8320	web-screenshots	usaspending-explorer_dpr1_page2	375	667	png	19931	usaspending__explorer__375x667__dpr1_page2.png	various-web	PD	PD	dpr1|page2	data-cc-or-gov	https://www.usaspending.gov/explorer
375x667/8321_web-screenshots_usgs-main-home_dpr1_page1_375x667.png	8321	web-screenshots	usgs-main-home_dpr1_page1	375	667	png	264917	usgs-main__home__375x667__dpr1_page1.png	various-web	PD	PD	dpr1|page1	us-gov-pd	https://www.usgs.gov/
375x667/8322_web-screenshots_usgs-main-home_dpr1_page2_375x667.png	8322	web-screenshots	usgs-main-home_dpr1_page2	375	667	png	69981	usgs-main__home__375x667__dpr1_page2.png	various-web	PD	PD	dpr1|page2	us-gov-pd	https://www.usgs.gov/
375x667/8323_web-screenshots_usgs-topoview_dpr1_page1_375x667.png	8323	web-screenshots	usgs-topoview_dpr1_page1	375	667	png	53361	usgs__topoview__375x667__dpr1_page1.png	various-web	PD	PD	dpr1|page1	map-cc-or-gov	https://ngmdb.usgs.gov/topoview/
375x667/8324_web-screenshots_weather-forecast-nyc_dpr1_page1_375x667.png	8324	web-screenshots	weather-forecast-nyc_dpr1_page1	375	667	png	75886	weather__forecast-nyc__375x667__dpr1_page1.png	various-web	PD	PD	dpr1|page1	map-cc-or-gov	https://forecast.weather.gov/MapClick.php?lat=40.7143&lon=-74.006
375x667/8325_web-screenshots_weather-forecast-nyc_dpr1_page2_375x667.png	8325	web-screenshots	weather-forecast-nyc_dpr1_page2	375	667	png	75645	weather__forecast-nyc__375x667__dpr1_page2.png	various-web	PD	PD	dpr1|page2	map-cc-or-gov	https://forecast.weather.gov/MapClick.php?lat=40.7143&lon=-74.006
375x667/8326_web-screenshots_weatherportal-home_dpr1_page1_375x667.png	8326	web-screenshots	weatherportal-home_dpr1_page1	375	667	png	133591	weatherportal__home__375x667__dpr1_page1.png	various-web	PD	PD	dpr1|page1	us-gov-pd	https://www.weather.gov/
375x667/8327_web-screenshots_weatherportal-home_dpr1_page2_375x667.png	8327	web-screenshots	weatherportal-home_dpr1_page2	375	667	png	130565	weatherportal__home__375x667__dpr1_page2.png	various-web	PD	PD	dpr1|page2	us-gov-pd	https://www.weather.gov/
375x667/8328_web-screenshots_whitehouse-briefing_dpr1_page1_375x667.png	8328	web-screenshots	whitehouse-briefing_dpr1_page1	375	667	png	54232	whitehouse__briefing__375x667__dpr1_page1.png	various-web	PD	PD	dpr1|page1	us-gov-pd	https://www.whitehouse.gov/briefing-room/
375x667/8329_web-screenshots_whitehouse-briefing_dpr1_page2_375x667.png	8329	web-screenshots	whitehouse-briefing_dpr1_page2	375	667	png	56883	whitehouse__briefing__375x667__dpr1_page2.png	various-web	PD	PD	dpr1|page2	us-gov-pd	https://www.whitehouse.gov/briefing-room/
768x1024/8330_web-screenshots_archive-wayback-search_dpr1_page1_768x1024.png	8330	web-screenshots	archive-wayback-search_dpr1_page1	768	1024	png	149300	archive__wayback-search__768x1024__dpr1_page1.png	various-web	PD-tool	PD-tool	dpr1|page1	archive-cc-or-pd	https://web.archive.org/web/20240101000000*/example.com
768x1024/8331_web-screenshots_archives-exhibits_dpr1_page1_768x1024.png	8331	web-screenshots	archives-exhibits_dpr1_page1	768	1024	png	318334	archives__exhibits__768x1024__dpr1_page1.png	various-web	PD	PD	dpr1|page1	us-gov-pd	https://www.archives.gov/exhibits
768x1024/8332_web-screenshots_archives-exhibits_dpr1_page2_768x1024.png	8332	web-screenshots	archives-exhibits_dpr1_page2	768	1024	png	307313	archives__exhibits__768x1024__dpr1_page2.png	various-web	PD	PD	dpr1|page2	us-gov-pd	https://www.archives.gov/exhibits
768x1024/8333_web-screenshots_bls-employment-situation_dpr1_page1_768x1024.png	8333	web-screenshots	bls-employment-situation_dpr1_page1	768	1024	png	24173	bls__employment-situation__768x1024__dpr1_page1.png	various-web	PD	PD	dpr1|page1	data-cc-or-gov	https://www.bls.gov/news.release/empsit.toc.htm
768x1024/8334_web-screenshots_climate-gov-home_dpr1_page1_768x1024.png	8334	web-screenshots	climate-gov-home_dpr1_page1	768	1024	png	328774	climate-gov__home__768x1024__dpr1_page1.png	various-web	PD	PD	dpr1|page1	us-gov-pd	https://www.climate.gov/
768x1024/8335_web-screenshots_climate-gov-home_dpr1_page2_768x1024.png	8335	web-screenshots	climate-gov-home_dpr1_page2	768	1024	png	331437	climate-gov__home__768x1024__dpr1_page2.png	various-web	PD	PD	dpr1|page2	us-gov-pd	https://www.climate.gov/
768x1024/8336_web-screenshots_datagov-catalog_dpr1_page1_768x1024.png	8336	web-screenshots	datagov-catalog_dpr1_page1	768	1024	png	112332	datagov__catalog__768x1024__dpr1_page1.png	various-web	PD	PD	dpr1|page1	data-cc-or-gov	https://catalog.data.gov/dataset?q=climate
768x1024/8337_web-screenshots_datagov-catalog_dpr1_page2_768x1024.png	8337	web-screenshots	datagov-catalog_dpr1_page2	768	1024	png	116038	datagov__catalog__768x1024__dpr1_page2.png	various-web	PD	PD	dpr1|page2	data-cc-or-gov	https://catalog.data.gov/dataset?q=climate
768x1024/8338_web-screenshots_federalreserve-data_dpr1_page1_768x1024.png	8338	web-screenshots	federalreserve-data_dpr1_page1	768	1024	png	241216	federalreserve__data__768x1024__dpr1_page1.png	various-web	PD	PD	dpr1|page1	data-cc-or-gov	https://www.federalreserve.gov/data.htm
768x1024/8339_web-screenshots_gutenberg-top_dpr1_page1_768x1024.png	8339	web-screenshots	gutenberg-top_dpr1_page1	768	1024	png	186654	gutenberg__top__768x1024__dpr1_page1.png	various-web	PD	PD	dpr1|page1	archive-cc-or-pd	https://www.gutenberg.org/browse/scores/top
768x1024/8340_web-screenshots_gutenberg-top_dpr1_page2_768x1024.png	8340	web-screenshots	gutenberg-top_dpr1_page2	768	1024	png	249672	gutenberg__top__768x1024__dpr1_page2.png	various-web	PD	PD	dpr1|page2	archive-cc-or-pd	https://www.gutenberg.org/browse/scores/top
768x1024/8341_web-screenshots_lkml-lists-index_dpr1_page1_768x1024.png	8341	web-screenshots	lkml-lists-index_dpr1_page1	768	1024	png	132668	lkml__lists-index__768x1024__dpr1_page1.png	various-web	Mailing-list-PD	Mailing-list-PD	dpr1|page1	forum-pd	https://lkml.org/lkml/2024/12/1
768x1024/8342_web-screenshots_lkml-lists-index_dpr1_page2_768x1024.png	8342	web-screenshots	lkml-lists-index_dpr1_page2	768	1024	png	140461	lkml__lists-index__768x1024__dpr1_page2.png	various-web	Mailing-list-PD	Mailing-list-PD	dpr1|page2	forum-pd	https://lkml.org/lkml/2024/12/1
768x1024/8343_web-screenshots_loc-exhibitions_dpr1_page1_768x1024.png	8343	web-screenshots	loc-exhibitions_dpr1_page1	768	1024	png	397861	loc__exhibitions__768x1024__dpr1_page1.png	various-web	PD	PD	dpr1|page1	us-gov-pd	https://www.loc.gov/exhibits/
768x1024/8344_web-screenshots_loc-exhibits_dpr1_page1_768x1024.png	8344	web-screenshots	loc-exhibits_dpr1_page1	768	1024	png	397861	loc__exhibits__768x1024__dpr1_page1.png	various-web	PD	PD	dpr1|page1	us-gov-pd	https://www.loc.gov/exhibits/
768x1024/8345_web-screenshots_loc-pictures_dpr1_page1_768x1024.png	8345	web-screenshots	loc-pictures_dpr1_page1	768	1024	png	316889	loc__pictures__768x1024__dpr1_page1.png	various-web	PD	PD	dpr1|page1	us-gov-pd	https://www.loc.gov/pictures/
768x1024/8346_web-screenshots_loc-pictures_dpr1_page2_768x1024.png	8346	web-screenshots	loc-pictures_dpr1_page2	768	1024	png	300742	loc__pictures__768x1024__dpr1_page2.png	various-web	PD	PD	dpr1|page2	us-gov-pd	https://www.loc.gov/pictures/
768x1024/8347_web-screenshots_nasa-artemis_dpr1_page1_768x1024.png	8347	web-screenshots	nasa-artemis_dpr1_page1	768	1024	png	233616	nasa__artemis__768x1024__dpr1_page1.png	various-web	PD	PD	dpr1|page1	us-gov-pd	https://www.nasa.gov/humans-in-space/artemis/
768x1024/8348_web-screenshots_nasa-artemis_dpr1_page2_768x1024.png	8348	web-screenshots	nasa-artemis_dpr1_page2	768	1024	png	602239	nasa__artemis__768x1024__dpr1_page2.png	various-web	PD	PD	dpr1|page2	us-gov-pd	https://www.nasa.gov/humans-in-space/artemis/
768x1024/8349_web-screenshots_nasa-home_dpr1_page1_768x1024.png	8349	web-screenshots	nasa-home_dpr1_page1	768	1024	png	425001	nasa__home__768x1024__dpr1_page1.png	various-web	PD	PD	dpr1|page1	us-gov-pd	https://www.nasa.gov/
768x1024/8350_web-screenshots_nasa-home_dpr1_page2_768x1024.png	8350	web-screenshots	nasa-home_dpr1_page2	768	1024	png	603454	nasa__home__768x1024__dpr1_page2.png	various-web	PD	PD	dpr1|page2	us-gov-pd	https://www.nasa.gov/
768x1024/8351_web-screenshots_nasa-image-of-day_dpr1_page1_768x1024.png	8351	web-screenshots	nasa-image-of-day_dpr1_page1	768	1024	png	817488	nasa__image-of-day__768x1024__dpr1_page1.png	various-web	PD	PD	dpr1|page1	us-gov-pd	https://www.nasa.gov/image-of-the-day/
768x1024/8352_web-screenshots_nasa-image-of-day_dpr1_page2_768x1024.png	8352	web-screenshots	nasa-image-of-day_dpr1_page2	768	1024	png	944510	nasa__image-of-day__768x1024__dpr1_page2.png	various-web	PD	PD	dpr1|page2	us-gov-pd	https://www.nasa.gov/image-of-the-day/
768x1024/8353_web-screenshots_nasa-missions_dpr1_page1_768x1024.png	8353	web-screenshots	nasa-missions_dpr1_page1	768	1024	png	51443	nasa__missions__768x1024__dpr1_page1.png	various-web	PD	PD	dpr1|page1	us-gov-pd	https://www.nasa.gov/missions/
768x1024/8354_web-screenshots_nasa-missions_dpr1_page2_768x1024.png	8354	web-screenshots	nasa-missions_dpr1_page2	768	1024	png	62968	nasa__missions__768x1024__dpr1_page2.png	various-web	PD	PD	dpr1|page2	us-gov-pd	https://www.nasa.gov/missions/
768x1024/8355_web-screenshots_nasa-news_dpr1_page1_768x1024.png	8355	web-screenshots	nasa-news_dpr1_page1	768	1024	png	688803	nasa__news__768x1024__dpr1_page1.png	various-web	PD	PD	dpr1|page1	us-gov-pd	https://www.nasa.gov/news/
768x1024/8356_web-screenshots_nasa-news_dpr1_page2_768x1024.png	8356	web-screenshots	nasa-news_dpr1_page2	768	1024	png	727541	nasa__news__768x1024__dpr1_page2.png	various-web	PD	PD	dpr1|page2	us-gov-pd	https://www.nasa.gov/news/
768x1024/8357_web-screenshots_nasa-perseverance_dpr1_page1_768x1024.png	8357	web-screenshots	nasa-perseverance_dpr1_page1	768	1024	png	326741	nasa__perseverance__768x1024__dpr1_page1.png	various-web	PD	PD	dpr1|page1	us-gov-pd	https://science.nasa.gov/mission/mars-2020-perseverance/
768x1024/8358_web-screenshots_nasa-perseverance_dpr1_page2_768x1024.png	8358	web-screenshots	nasa-perseverance_dpr1_page2	768	1024	png	92486	nasa__perseverance__768x1024__dpr1_page2.png	various-web	PD	PD	dpr1|page2	us-gov-pd	https://science.nasa.gov/mission/mars-2020-perseverance/
768x1024/8359_web-screenshots_nih-recipes-keep-the-beat_dpr1_page1_768x1024.png	8359	web-screenshots	nih-recipes-keep-the-beat_dpr1_page1	768	1024	png	73226	nih-recipes__keep-the-beat__768x1024__dpr1_page1.png	various-web	PD	PD	dpr1|page1	howto-cc-pd	https://www.nhlbi.nih.gov/health/educational/lose_wt/eat/recipes.htm
768x1024/8360_web-screenshots_nih-home_dpr1_page1_768x1024.png	8360	web-screenshots	nih-home_dpr1_page1	768	1024	png	660300	nih__home__768x1024__dpr1_page1.png	various-web	PD	PD	dpr1|page1	us-gov-pd	https://www.nih.gov/
768x1024/8361_web-screenshots_nih-home_dpr1_page2_768x1024.png	8361	web-screenshots	nih-home_dpr1_page2	768	1024	png	328398	nih__home__768x1024__dpr1_page2.png	various-web	PD	PD	dpr1|page2	us-gov-pd	https://www.nih.gov/
768x1024/8362_web-screenshots_noaa-home_dpr1_page1_768x1024.png	8362	web-screenshots	noaa-home_dpr1_page1	768	1024	png	660425	noaa__home__768x1024__dpr1_page1.png	various-web	PD	PD	dpr1|page1	us-gov-pd	https://www.noaa.gov/
768x1024/8363_web-screenshots_noaa-ocean_dpr1_page1_768x1024.png	8363	web-screenshots	noaa-ocean_dpr1_page1	768	1024	png	635061	noaa__ocean__768x1024__dpr1_page1.png	various-web	PD	PD	dpr1|page1	us-gov-pd	https://oceanservice.noaa.gov/
768x1024/8364_web-screenshots_noaa-ocean_dpr1_page2_768x1024.png	8364	web-screenshots	noaa-ocean_dpr1_page2	768	1024	png	300603	noaa__ocean__768x1024__dpr1_page2.png	various-web	PD	PD	dpr1|page2	us-gov-pd	https://oceanservice.noaa.gov/
768x1024/8365_web-screenshots_nps-grand-canyon_dpr1_page1_768x1024.png	8365	web-screenshots	nps-grand-canyon_dpr1_page1	768	1024	png	749305	nps__grand-canyon__768x1024__dpr1_page1.png	various-web	PD	PD	dpr1|page1	us-gov-pd	https://www.nps.gov/grca/index.htm
768x1024/8366_web-screenshots_nps-grand-canyon_dpr1_page2_768x1024.png	8366	web-screenshots	nps-grand-canyon_dpr1_page2	768	1024	png	679168	nps__grand-canyon__768x1024__dpr1_page2.png	various-web	PD	PD	dpr1|page2	us-gov-pd	https://www.nps.gov/grca/index.htm
768x1024/8367_web-screenshots_nps-yellowstone_dpr1_page1_768x1024.png	8367	web-screenshots	nps-yellowstone_dpr1_page1	768	1024	png	678637	nps__yellowstone__768x1024__dpr1_page1.png	various-web	PD	PD	dpr1|page1	us-gov-pd	https://www.nps.gov/yell/index.htm
768x1024/8368_web-screenshots_nps-yellowstone_dpr1_page2_768x1024.png	8368	web-screenshots	nps-yellowstone_dpr1_page2	768	1024	png	834484	nps__yellowstone__768x1024__dpr1_page2.png	various-web	PD	PD	dpr1|page2	us-gov-pd	https://www.nps.gov/yell/index.htm
768x1024/8369_web-screenshots_nps-yose_dpr1_page1_768x1024.png	8369	web-screenshots	nps-yose_dpr1_page1	768	1024	png	621611	nps__yose__768x1024__dpr1_page1.png	various-web	PD	PD	dpr1|page1	us-gov-pd	https://www.nps.gov/yose/index.htm
768x1024/8370_web-screenshots_nps-yose_dpr1_page2_768x1024.png	8370	web-screenshots	nps-yose_dpr1_page2	768	1024	png	892806	nps__yose__768x1024__dpr1_page2.png	various-web	PD	PD	dpr1|page2	us-gov-pd	https://www.nps.gov/yose/index.htm
768x1024/8371_web-screenshots_nps-yosemite_dpr1_page1_768x1024.png	8371	web-screenshots	nps-yosemite_dpr1_page1	768	1024	png	686396	nps__yosemite__768x1024__dpr1_page1.png	various-web	PD	PD	dpr1|page1	us-gov-pd	https://www.nps.gov/yose/index.htm
768x1024/8372_web-screenshots_nps-yosemite_dpr1_page2_768x1024.png	8372	web-screenshots	nps-yosemite_dpr1_page2	768	1024	png	838243	nps__yosemite__768x1024__dpr1_page2.png	various-web	PD	PD	dpr1|page2	us-gov-pd	https://www.nps.gov/yose/index.htm
768x1024/8373_web-screenshots_nps-zion_dpr1_page1_768x1024.png	8373	web-screenshots	nps-zion_dpr1_page1	768	1024	png	806717	nps__zion__768x1024__dpr1_page1.png	various-web	PD	PD	dpr1|page1	us-gov-pd	https://www.nps.gov/zion/index.htm
768x1024/8374_web-screenshots_nps-zion_dpr1_page2_768x1024.png	8374	web-screenshots	nps-zion_dpr1_page2	768	1024	png	715094	nps__zion__768x1024__dpr1_page2.png	various-web	PD	PD	dpr1|page2	us-gov-pd	https://www.nps.gov/zion/index.htm
768x1024/8375_web-screenshots_si-edu-exhibitions_dpr1_page1_768x1024.png	8375	web-screenshots	si-edu-exhibitions_dpr1_page1	768	1024	png	265799	si-edu__exhibitions__768x1024__dpr1_page1.png	various-web	PD	PD	dpr1|page1	us-gov-pd	https://www.si.edu/exhibitions
768x1024/8376_web-screenshots_si-edu-exhibitions_dpr1_page2_768x1024.png	8376	web-screenshots	si-edu-exhibitions_dpr1_page2	768	1024	png	691557	si-edu__exhibitions__768x1024__dpr1_page2.png	various-web	PD	PD	dpr1|page2	us-gov-pd	https://www.si.edu/exhibitions
768x1024/8377_web-screenshots_usaspending-explorer_dpr1_page1_768x1024.png	8377	web-screenshots	usaspending-explorer_dpr1_page1	768	1024	png	53581	usaspending__explorer__768x1024__dpr1_page1.png	various-web	PD	PD	dpr1|page1	data-cc-or-gov	https://www.usaspending.gov/explorer
768x1024/8378_web-screenshots_usaspending-explorer_dpr1_page2_768x1024.png	8378	web-screenshots	usaspending-explorer_dpr1_page2	768	1024	png	37061	usaspending__explorer__768x1024__dpr1_page2.png	various-web	PD	PD	dpr1|page2	data-cc-or-gov	https://www.usaspending.gov/explorer
768x1024/8379_web-screenshots_usgs-main-home_dpr1_page1_768x1024.png	8379	web-screenshots	usgs-main-home_dpr1_page1	768	1024	png	565255	usgs-main__home__768x1024__dpr1_page1.png	various-web	PD	PD	dpr1|page1	us-gov-pd	https://www.usgs.gov/
768x1024/8380_web-screenshots_usgs-main-home_dpr1_page2_768x1024.png	8380	web-screenshots	usgs-main-home_dpr1_page2	768	1024	png	128790	usgs-main__home__768x1024__dpr1_page2.png	various-web	PD	PD	dpr1|page2	us-gov-pd	https://www.usgs.gov/
768x1024/8381_web-screenshots_usgs-home_dpr1_page1_768x1024.png	8381	web-screenshots	usgs-home_dpr1_page1	768	1024	png	565255	usgs__home__768x1024__dpr1_page1.png	various-web	PD	PD	dpr1|page1	us-gov-pd	https://www.usgs.gov/
768x1024/8382_web-screenshots_usgs-home_dpr1_page2_768x1024.png	8382	web-screenshots	usgs-home_dpr1_page2	768	1024	png	128790	usgs__home__768x1024__dpr1_page2.png	various-web	PD	PD	dpr1|page2	us-gov-pd	https://www.usgs.gov/
768x1024/8383_web-screenshots_usgs-topoview_dpr1_page1_768x1024.png	8383	web-screenshots	usgs-topoview_dpr1_page1	768	1024	png	157743	usgs__topoview__768x1024__dpr1_page1.png	various-web	PD	PD	dpr1|page1	map-cc-or-gov	https://ngmdb.usgs.gov/topoview/
768x1024/8384_web-screenshots_usgs-topoview_dpr1_page2_768x1024.png	8384	web-screenshots	usgs-topoview_dpr1_page2	768	1024	png	113069	usgs__topoview__768x1024__dpr1_page2.png	various-web	PD	PD	dpr1|page2	map-cc-or-gov	https://ngmdb.usgs.gov/topoview/
768x1024/8385_web-screenshots_weather-forecast-nyc_dpr1_page1_768x1024.png	8385	web-screenshots	weather-forecast-nyc_dpr1_page1	768	1024	png	205084	weather__forecast-nyc__768x1024__dpr1_page1.png	various-web	PD	PD	dpr1|page1	map-cc-or-gov	https://forecast.weather.gov/MapClick.php?lat=40.7143&lon=-74.006
768x1024/8386_web-screenshots_weather-forecast-nyc_dpr1_page2_768x1024.png	8386	web-screenshots	weather-forecast-nyc_dpr1_page2	768	1024	png	413978	weather__forecast-nyc__768x1024__dpr1_page2.png	various-web	PD	PD	dpr1|page2	map-cc-or-gov	https://forecast.weather.gov/MapClick.php?lat=40.7143&lon=-74.006
768x1024/8387_web-screenshots_weather-home_dpr1_page1_768x1024.png	8387	web-screenshots	weather-home_dpr1_page1	768	1024	png	387296	weather__home__768x1024__dpr1_page1.png	various-web	PD	PD	dpr1|page1	us-gov-pd	https://www.weather.gov/
768x1024/8388_web-screenshots_weatherportal-home_dpr1_page1_768x1024.png	8388	web-screenshots	weatherportal-home_dpr1_page1	768	1024	png	382232	weatherportal__home__768x1024__dpr1_page1.png	various-web	PD	PD	dpr1|page1	us-gov-pd	https://www.weather.gov/
other/8389_web-screenshots_archives-exhibits_dpr1_page1_1280x800.png	8389	web-screenshots	archives-exhibits_dpr1_page1	1280	800	png	470156	archives__exhibits__1280x800__dpr1_page1.png	various-web	PD	PD	dpr1|page1	us-gov-pd	https://www.archives.gov/exhibits
other/8390_web-screenshots_archives-exhibits_dpr1_page2_1280x800.png	8390	web-screenshots	archives-exhibits_dpr1_page2	1280	800	png	336297	archives__exhibits__1280x800__dpr1_page2.png	various-web	PD	PD	dpr1|page2	us-gov-pd	https://www.archives.gov/exhibits
other/8391_web-screenshots_archives-exhibits_dpr1_page1_667x375.png	8391	web-screenshots	archives-exhibits_dpr1_page1	667	375	png	37044	archives__exhibits__667x375__dpr1_page1.png	various-web	PD	PD	dpr1|page1	us-gov-pd	https://www.archives.gov/exhibits
other/8392_web-screenshots_archives-exhibits_dpr1_page2_667x375.png	8392	web-screenshots	archives-exhibits_dpr1_page2	667	375	png	258320	archives__exhibits__667x375__dpr1_page2.png	various-web	PD	PD	dpr1|page2	us-gov-pd	https://www.archives.gov/exhibits
other/8393_web-screenshots_archives-home_dpr1_page1_1280x800.png	8393	web-screenshots	archives-home_dpr1_page1	1280	800	png	808330	archives__home__1280x800__dpr1_page1.png	various-web	PD	PD	dpr1|page1	us-gov-pd	https://www.archives.gov/
other/8394_web-screenshots_archives-home_dpr1_page1_414x896.png	8394	web-screenshots	archives-home_dpr1_page1	414	896	png	128099	archives__home__414x896__dpr1_page1.png	various-web	PD	PD	dpr1|page1	us-gov-pd	https://www.archives.gov/
other/8395_web-screenshots_archives-home_dpr1_page2_414x896.png	8395	web-screenshots	archives-home_dpr1_page2	414	896	png	76546	archives__home__414x896__dpr1_page2.png	various-web	PD	PD	dpr1|page2	us-gov-pd	https://www.archives.gov/
other/8396_web-screenshots_bls-employment-situation_dpr1_page1_1280x800.png	8396	web-screenshots	bls-employment-situation_dpr1_page1	1280	800	png	41901	bls__employment-situation__1280x800__dpr1_page1.png	various-web	PD	PD	dpr1|page1	data-cc-or-gov	https://www.bls.gov/news.release/empsit.toc.htm
other/8397_web-screenshots_bls-employment-situation_dpr1_page1_414x896.png	8397	web-screenshots	bls-employment-situation_dpr1_page1	414	896	png	42732	bls__employment-situation__414x896__dpr1_page1.png	various-web	PD	PD	dpr1|page1	data-cc-or-gov	https://www.bls.gov/news.release/empsit.toc.htm
other/8398_web-screenshots_cdc-home_dpr1_page1_1280x800.png	8398	web-screenshots	cdc-home_dpr1_page1	1280	800	png	915684	cdc__home__1280x800__dpr1_page1.png	various-web	PD	PD	dpr1|page1	us-gov-pd	https://www.cdc.gov/
other/8399_web-screenshots_cdc-home_dpr1_page2_1280x800.png	8399	web-screenshots	cdc-home_dpr1_page2	1280	800	png	228424	cdc__home__1280x800__dpr1_page2.png	various-web	PD	PD	dpr1|page2	us-gov-pd	https://www.cdc.gov/
other/8400_web-screenshots_cdc-home_dpr1_page1_2560x1440.png	8400	web-screenshots	cdc-home_dpr1_page1	2560	1440	png	2725155	cdc__home__2560x1440__dpr1_page1.png	various-web	PD	PD	dpr1|page1	us-gov-pd	https://www.cdc.gov/
other/8401_web-screenshots_cdc-home_dpr1_page2_2560x1440.png	8401	web-screenshots	cdc-home_dpr1_page2	2560	1440	png	295085	cdc__home__2560x1440__dpr1_page2.png	various-web	PD	PD	dpr1|page2	us-gov-pd	https://www.cdc.gov/
other/8402_web-screenshots_cdc-home_dpr1_page1_414x896.png	8402	web-screenshots	cdc-home_dpr1_page1	414	896	png	349047	cdc__home__414x896__dpr1_page1.png	various-web	PD	PD	dpr1|page1	us-gov-pd	https://www.cdc.gov/
other/8403_web-screenshots_cdc-home_dpr1_page2_414x896.png	8403	web-screenshots	cdc-home_dpr1_page2	414	896	png	36305	cdc__home__414x896__dpr1_page2.png	various-web	PD	PD	dpr1|page2	us-gov-pd	https://www.cdc.gov/
other/8404_web-screenshots_climate-gov-home_dpr1_page1_1280x800.png	8404	web-screenshots	climate-gov-home_dpr1_page1	1280	800	png	701265	climate-gov__home__1280x800__dpr1_page1.png	various-web	PD	PD	dpr1|page1	us-gov-pd	https://www.climate.gov/
other/8405_web-screenshots_climate-gov-home_dpr1_page2_1280x800.png	8405	web-screenshots	climate-gov-home_dpr1_page2	1280	800	png	342812	climate-gov__home__1280x800__dpr1_page2.png	various-web	PD	PD	dpr1|page2	us-gov-pd	https://www.climate.gov/
other/8406_web-screenshots_climate-news_dpr1_page1_667x375.png	8406	web-screenshots	climate-news_dpr1_page1	667	375	png	143217	climate__news__667x375__dpr1_page1.png	various-web	PD	PD	dpr1|page1	us-gov-pd	https://www.climate.gov/news-features
other/8407_web-screenshots_climate-news_dpr1_page2_667x375.png	8407	web-screenshots	climate-news_dpr1_page2	667	375	png	48231	climate__news__667x375__dpr1_page2.png	various-web	PD	PD	dpr1|page2	us-gov-pd	https://www.climate.gov/news-features
other/8408_web-screenshots_datagov-catalog_dpr1_page1_1280x800.png	8408	web-screenshots	datagov-catalog_dpr1_page1	1280	800	png	124611	datagov__catalog__1280x800__dpr1_page1.png	various-web	PD	PD	dpr1|page1	data-cc-or-gov	https://catalog.data.gov/dataset?q=climate
other/8409_web-screenshots_datagov-catalog_dpr1_page2_1280x800.png	8409	web-screenshots	datagov-catalog_dpr1_page2	1280	800	png	146668	datagov__catalog__1280x800__dpr1_page2.png	various-web	PD	PD	dpr1|page2	data-cc-or-gov	https://catalog.data.gov/dataset?q=climate
other/8410_web-screenshots_gutenberg-top_dpr1_page1_1280x800.png	8410	web-screenshots	gutenberg-top_dpr1_page1	1280	800	png	185171	gutenberg__top__1280x800__dpr1_page1.png	various-web	PD	PD	dpr1|page1	archive-cc-or-pd	https://www.gutenberg.org/browse/scores/top
other/8411_web-screenshots_gutenberg-top_dpr1_page2_1280x800.png	8411	web-screenshots	gutenberg-top_dpr1_page2	1280	800	png	228820	gutenberg__top__1280x800__dpr1_page2.png	various-web	PD	PD	dpr1|page2	archive-cc-or-pd	https://www.gutenberg.org/browse/scores/top
other/8412_web-screenshots_gutenberg-top_dpr2_page1_750x1334.png	8412	web-screenshots	gutenberg-top_dpr2_page1	750	1334	png	143850	gutenberg__top__375x667__dpr2_page1.png	various-web	PD	PD	dpr2|page1	archive-cc-or-pd	https://www.gutenberg.org/browse/scores/top
other/8413_web-screenshots_gutenberg-top_dpr2_page2_750x1334.png	8413	web-screenshots	gutenberg-top_dpr2_page2	750	1334	png	195530	gutenberg__top__375x667__dpr2_page2.png	various-web	PD	PD	dpr2|page2	archive-cc-or-pd	https://www.gutenberg.org/browse/scores/top
other/8414_web-screenshots_lkml-lists-index_dpr1_page1_1280x800.png	8414	web-screenshots	lkml-lists-index_dpr1_page1	1280	800	png	171848	lkml__lists-index__1280x800__dpr1_page1.png	various-web	Mailing-list-PD	Mailing-list-PD	dpr1|page1	forum-pd	https://lkml.org/lkml/2024/12/1
other/8415_web-screenshots_lkml-lists-index_dpr1_page2_1280x800.png	8415	web-screenshots	lkml-lists-index_dpr1_page2	1280	800	png	208681	lkml__lists-index__1280x800__dpr1_page2.png	various-web	Mailing-list-PD	Mailing-list-PD	dpr1|page2	forum-pd	https://lkml.org/lkml/2024/12/1
other/8416_web-screenshots_loc-pictures_dpr1_page1_360x640.png	8416	web-screenshots	loc-pictures_dpr1_page1	360	640	png	101364	loc__pictures__360x640__dpr1_page1.png	various-web	PD	PD	dpr1|page1	us-gov-pd	https://www.loc.gov/pictures/
other/8417_web-screenshots_loc-pictures_dpr1_page2_360x640.png	8417	web-screenshots	loc-pictures_dpr1_page2	360	640	png	84505	loc__pictures__360x640__dpr1_page2.png	various-web	PD	PD	dpr1|page2	us-gov-pd	https://www.loc.gov/pictures/
other/8418_web-screenshots_nasa-artemis_dpr1_page1_1280x800.png	8418	web-screenshots	nasa-artemis_dpr1_page1	1280	800	png	356326	nasa__artemis__1280x800__dpr1_page1.png	various-web	PD	PD	dpr1|page1	us-gov-pd	https://www.nasa.gov/humans-in-space/artemis/
other/8419_web-screenshots_nasa-artemis_dpr1_page2_1280x800.png	8419	web-screenshots	nasa-artemis_dpr1_page2	1280	800	png	967971	nasa__artemis__1280x800__dpr1_page2.png	various-web	PD	PD	dpr1|page2	us-gov-pd	https://www.nasa.gov/humans-in-space/artemis/
other/8420_web-screenshots_nasa-missions_dpr1_page1_1024x768.png	8420	web-screenshots	nasa-missions_dpr1_page1	1024	768	png	307961	nasa__missions__1024x768__dpr1_page1.png	various-web	PD	PD	dpr1|page1	us-gov-pd	https://www.nasa.gov/missions/
other/8421_web-screenshots_nasa-missions_dpr1_page2_1024x768.png	8421	web-screenshots	nasa-missions_dpr1_page2	1024	768	png	506209	nasa__missions__1024x768__dpr1_page2.png	various-web	PD	PD	dpr1|page2	us-gov-pd	https://www.nasa.gov/missions/
other/8422_web-screenshots_nasa-missions_dpr1_page1_2560x1440.png	8422	web-screenshots	nasa-missions_dpr1_page1	2560	1440	png	901894	nasa__missions__2560x1440__dpr1_page1.png	various-web	PD	PD	dpr1|page1	us-gov-pd	https://www.nasa.gov/missions/
other/8423_web-screenshots_nasa-missions_dpr1_page2_2560x1440.png	8423	web-screenshots	nasa-missions_dpr1_page2	2560	1440	png	160521	nasa__missions__2560x1440__dpr1_page2.png	various-web	PD	PD	dpr1|page2	us-gov-pd	https://www.nasa.gov/missions/
other/8424_web-screenshots_nasa-missions_dpr1_page1_667x375.png	8424	web-screenshots	nasa-missions_dpr1_page1	667	375	png	11699	nasa__missions__667x375__dpr1_page1.png	various-web	PD	PD	dpr1|page1	us-gov-pd	https://www.nasa.gov/missions/
other/8425_web-screenshots_nasa-missions_dpr1_page2_667x375.png	8425	web-screenshots	nasa-missions_dpr1_page2	667	375	png	22353	nasa__missions__667x375__dpr1_page2.png	various-web	PD	PD	dpr1|page2	us-gov-pd	https://www.nasa.gov/missions/
other/8426_web-screenshots_nasa-news_dpr1_page1_414x896.png	8426	web-screenshots	nasa-news_dpr1_page1	414	896	png	370269	nasa__news__414x896__dpr1_page1.png	various-web	PD	PD	dpr1|page1	us-gov-pd	https://www.nasa.gov/news/
other/8427_web-screenshots_nasa-news_dpr1_page2_414x896.png	8427	web-screenshots	nasa-news_dpr1_page2	414	896	png	370684	nasa__news__414x896__dpr1_page2.png	various-web	PD	PD	dpr1|page2	us-gov-pd	https://www.nasa.gov/news/
other/8428_web-screenshots_nasa-voyager_dpr1_page1_1280x800.png	8428	web-screenshots	nasa-voyager_dpr1_page1	1280	800	png	304831	nasa__voyager__1280x800__dpr1_page1.png	various-web	PD	PD	dpr1|page1	us-gov-pd	https://science.nasa.gov/mission/voyager/
other/8429_web-screenshots_nasa-voyager_dpr1_page2_1280x800.png	8429	web-screenshots	nasa-voyager_dpr1_page2	1280	800	png	403265	nasa__voyager__1280x800__dpr1_page2.png	various-web	PD	PD	dpr1|page2	us-gov-pd	https://science.nasa.gov/mission/voyager/
other/8430_web-screenshots_nasa-voyager_dpr1_page1_667x375.png	8430	web-screenshots	nasa-voyager_dpr1_page1	667	375	png	74565	nasa__voyager__667x375__dpr1_page1.png	various-web	PD	PD	dpr1|page1	us-gov-pd	https://science.nasa.gov/mission/voyager/
other/8431_web-screenshots_nasa-voyager_dpr1_page2_667x375.png	8431	web-screenshots	nasa-voyager_dpr1_page2	667	375	png	29327	nasa__voyager__667x375__dpr1_page2.png	various-web	PD	PD	dpr1|page2	us-gov-pd	https://science.nasa.gov/mission/voyager/
other/8432_web-screenshots_nih-recipes-keep-the-beat_dpr1_page1_1280x800.png	8432	web-screenshots	nih-recipes-keep-the-beat_dpr1_page1	1280	800	png	91451	nih-recipes__keep-the-beat__1280x800__dpr1_page1.png	various-web	PD	PD	dpr1|page1	howto-cc-pd	https://www.nhlbi.nih.gov/health/educational/lose_wt/eat/recipes.htm
other/8433_web-screenshots_nih-recipes-keep-the-beat_dpr1_page2_1280x800.png	8433	web-screenshots	nih-recipes-keep-the-beat_dpr1_page2	1280	800	png	53761	nih-recipes__keep-the-beat__1280x800__dpr1_page2.png	various-web	PD	PD	dpr1|page2	howto-cc-pd	https://www.nhlbi.nih.gov/health/educational/lose_wt/eat/recipes.htm
other/8434_web-screenshots_nih-home_dpr1_page1_414x896.png	8434	web-screenshots	nih-home_dpr1_page1	414	896	png	135027	nih__home__414x896__dpr1_page1.png	various-web	PD	PD	dpr1|page1	us-gov-pd	https://www.nih.gov/
other/8435_web-screenshots_nih-home_dpr1_page2_414x896.png	8435	web-screenshots	nih-home_dpr1_page2	414	896	png	50365	nih__home__414x896__dpr1_page2.png	various-web	PD	PD	dpr1|page2	us-gov-pd	https://www.nih.gov/
other/8436_web-screenshots_noaa-home_dpr2_page1_750x1334.png	8436	web-screenshots	noaa-home_dpr2_page1	750	1334	png	644244	noaa__home__375x667__dpr2_page1.png	various-web	PD	PD	dpr2|page1	us-gov-pd	https://www.noaa.gov/
other/8437_web-screenshots_noaa-home_dpr2_page2_750x1334.png	8437	web-screenshots	noaa-home_dpr2_page2	750	1334	png	638258	noaa__home__375x667__dpr2_page2.png	various-web	PD	PD	dpr2|page2	us-gov-pd	https://www.noaa.gov/
other/8438_web-screenshots_nps-acad_dpr1_page1_1280x800.png	8438	web-screenshots	nps-acad_dpr1_page1	1280	800	png	729066	nps__acad__1280x800__dpr1_page1.png	various-web	PD	PD	dpr1|page1	us-gov-pd	https://www.nps.gov/acad/index.htm
other/8439_web-screenshots_nps-acad_dpr1_page2_1280x800.png	8439	web-screenshots	nps-acad_dpr1_page2	1280	800	png	1313066	nps__acad__1280x800__dpr1_page2.png	various-web	PD	PD	dpr1|page2	us-gov-pd	https://www.nps.gov/acad/index.htm
other/8440_web-screenshots_nps-acad_dpr1_page1_667x375.png	8440	web-screenshots	nps-acad_dpr1_page1	667	375	png	239815	nps__acad__667x375__dpr1_page1.png	various-web	PD	PD	dpr1|page1	us-gov-pd	https://www.nps.gov/acad/index.htm
other/8441_web-screenshots_nps-acad_dpr1_page2_667x375.png	8441	web-screenshots	nps-acad_dpr1_page2	667	375	png	86102	nps__acad__667x375__dpr1_page2.png	various-web	PD	PD	dpr1|page2	us-gov-pd	https://www.nps.gov/acad/index.htm
other/8442_web-screenshots_nps-grca_dpr1_page1_414x896.png	8442	web-screenshots	nps-grca_dpr1_page1	414	896	png	269938	nps__grca__414x896__dpr1_page1.png	various-web	PD	PD	dpr1|page1	us-gov-pd	https://www.nps.gov/grca/index.htm
other/8443_web-screenshots_nps-grca_dpr1_page2_414x896.png	8443	web-screenshots	nps-grca_dpr1_page2	414	896	png	456424	nps__grca__414x896__dpr1_page2.png	various-web	PD	PD	dpr1|page2	us-gov-pd	https://www.nps.gov/grca/index.htm
other/8444_web-screenshots_nps-yell_dpr1_page1_1024x768.png	8444	web-screenshots	nps-yell_dpr1_page1	1024	768	png	407496	nps__yell__1024x768__dpr1_page1.png	various-web	PD	PD	dpr1|page1	us-gov-pd	https://www.nps.gov/yell/index.htm
other/8445_web-screenshots_nps-yell_dpr1_page2_1024x768.png	8445	web-screenshots	nps-yell_dpr1_page2	1024	768	png	1329838	nps__yell__1024x768__dpr1_page2.png	various-web	PD	PD	dpr1|page2	us-gov-pd	https://www.nps.gov/yell/index.htm
other/8446_web-screenshots_nps-yell_dpr1_page1_2560x1440.png	8446	web-screenshots	nps-yell_dpr1_page1	2560	1440	png	2412255	nps__yell__2560x1440__dpr1_page1.png	various-web	PD	PD	dpr1|page1	us-gov-pd	https://www.nps.gov/yell/index.htm
other/8447_web-screenshots_nps-yell_dpr1_page2_2560x1440.png	8447	web-screenshots	nps-yell_dpr1_page2	2560	1440	png	2168729	nps__yell__2560x1440__dpr1_page2.png	various-web	PD	PD	dpr1|page2	us-gov-pd	https://www.nps.gov/yell/index.htm
other/8448_web-screenshots_nps-yellowstone_dpr1_page1_1280x800.png	8448	web-screenshots	nps-yellowstone_dpr1_page1	1280	800	png	513360	nps__yellowstone__1280x800__dpr1_page1.png	various-web	PD	PD	dpr1|page1	us-gov-pd	https://www.nps.gov/yell/index.htm
other/8449_web-screenshots_nps-yellowstone_dpr1_page2_1280x800.png	8449	web-screenshots	nps-yellowstone_dpr1_page2	1280	800	png	1526611	nps__yellowstone__1280x800__dpr1_page2.png	various-web	PD	PD	dpr1|page2	us-gov-pd	https://www.nps.gov/yell/index.htm
other/8450_web-screenshots_nps-yellowstone_dpr1_page1_414x896.png	8450	web-screenshots	nps-yellowstone_dpr1_page1	414	896	png	209566	nps__yellowstone__414x896__dpr1_page1.png	various-web	PD	PD	dpr1|page1	us-gov-pd	https://www.nps.gov/yell/index.htm
other/8451_web-screenshots_nps-yellowstone_dpr1_page2_414x896.png	8451	web-screenshots	nps-yellowstone_dpr1_page2	414	896	png	414447	nps__yellowstone__414x896__dpr1_page2.png	various-web	PD	PD	dpr1|page2	us-gov-pd	https://www.nps.gov/yell/index.htm
other/8452_web-screenshots_si-edu-exhibitions_dpr1_page1_1280x800.png	8452	web-screenshots	si-edu-exhibitions_dpr1_page1	1280	800	png	54602	si-edu__exhibitions__1280x800__dpr1_page1.png	various-web	PD	PD	dpr1|page1	us-gov-pd	https://www.si.edu/exhibitions
other/8453_web-screenshots_si-edu-exhibitions_dpr1_page2_1280x800.png	8453	web-screenshots	si-edu-exhibitions_dpr1_page2	1280	800	png	743027	si-edu__exhibitions__1280x800__dpr1_page2.png	various-web	PD	PD	dpr1|page2	us-gov-pd	https://www.si.edu/exhibitions
other/8454_web-screenshots_terminal-cargo-build_dpr1_page1_1280x1100.png	8454	web-screenshots	terminal-cargo-build_dpr1_page1	1280	1100	png	109236	terminal__cargo-build__1280x1100__dpr1_page1.png	various-web	PD-own	PD-own	dpr1|page1	terminal	local-capture
other/8455_web-screenshots_terminal-htop_dpr1_page1_1280x800.png	8455	web-screenshots	terminal-htop_dpr1_page1	1280	800	png	70378	terminal__htop__1280x800__dpr1_page1.png	various-web	PD-own	PD-own	dpr1|page1	terminal	local-capture
other/8456_web-screenshots_terminal-ls-git-log_dpr1_page1_1280x900.png	8456	web-screenshots	terminal-ls-git-log_dpr1_page1	1280	900	png	115235	terminal__ls-git-log__1280x900__dpr1_page1.png	various-web	PD-own	PD-own	dpr1|page1	terminal	local-capture
other/8457_web-screenshots_terminal-nvim-edit_dpr1_page1_1440x800.png	8457	web-screenshots	terminal-nvim-edit_dpr1_page1	1440	800	png	86189	terminal__nvim-edit__1440x800__dpr1_page1.png	various-web	PD-own	PD-own	dpr1|page1	terminal	local-capture
other/8458_web-screenshots_usgs-home_dpr1_page1_667x375.png	8458	web-screenshots	usgs-home_dpr1_page1	667	375	png	286236	usgs__home__667x375__dpr1_page1.png	various-web	PD	PD	dpr1|page1	us-gov-pd	https://www.usgs.gov/
other/8459_web-screenshots_usgs-home_dpr1_page2_667x375.png	8459	web-screenshots	usgs-home_dpr1_page2	667	375	png	263910	usgs__home__667x375__dpr1_page2.png	various-web	PD	PD	dpr1|page2	us-gov-pd	https://www.usgs.gov/
other/8460_web-screenshots_usgs-news_dpr2_page1_750x1334.png	8460	web-screenshots	usgs-news_dpr2_page1	750	1334	png	752561	usgs__news__375x667__dpr2_page1.png	various-web	PD	PD	dpr2|page1	us-gov-pd	https://www.usgs.gov/news
other/8461_web-screenshots_usgs-news_dpr2_page2_750x1334.png	8461	web-screenshots	usgs-news_dpr2_page2	750	1334	png	148937	usgs__news__375x667__dpr2_page2.png	various-web	PD	PD	dpr2|page2	us-gov-pd	https://www.usgs.gov/news
other/8462_web-screenshots_usgs-topoview_dpr1_page1_1280x800.png	8462	web-screenshots	usgs-topoview_dpr1_page1	1280	800	png	542194	usgs__topoview__1280x800__dpr1_page1.png	various-web	PD	PD	dpr1|page1	map-cc-or-gov	https://ngmdb.usgs.gov/topoview/
other/8463_web-screenshots_usgs-topoview_dpr1_page2_1280x800.png	8463	web-screenshots	usgs-topoview_dpr1_page2	1280	800	png	140569	usgs__topoview__1280x800__dpr1_page2.png	various-web	PD	PD	dpr1|page2	map-cc-or-gov	https://ngmdb.usgs.gov/topoview/
other/8464_web-screenshots_weather-forecast-nyc_dpr1_page1_667x375.png	8464	web-screenshots	weather-forecast-nyc_dpr1_page1	667	375	png	62401	weather__forecast-nyc__667x375__dpr1_page1.png	various-web	PD	PD	dpr1|page1	map-cc-or-gov	https://forecast.weather.gov/MapClick.php?lat=40.7143&lon=-74.006
other/8465_web-screenshots_weather-forecast-nyc_dpr1_page2_667x375.png	8465	web-screenshots	weather-forecast-nyc_dpr1_page2	667	375	png	92760	weather__forecast-nyc__667x375__dpr1_page2.png	various-web	PD	PD	dpr1|page2	map-cc-or-gov	https://forecast.weather.gov/MapClick.php?lat=40.7143&lon=-74.006
other/8466_web-screenshots_weather-home_dpr1_page1_1280x800.png	8466	web-screenshots	weather-home_dpr1_page1	1280	800	png	459624	weather__home__1280x800__dpr1_page1.png	various-web	PD	PD	dpr1|page1	us-gov-pd	https://www.weather.gov/
other/8467_web-screenshots_weather-home_dpr1_page1_414x896.png	8467	web-screenshots	weather-home_dpr1_page1	414	896	png	177075	weather__home__414x896__dpr1_page1.png	various-web	PD	PD	dpr1|page1	us-gov-pd	https://www.weather.gov/
other/8468_web-screenshots_weather-satellites_dpr1_page1_414x896.png	8468	web-screenshots	weather-satellites_dpr1_page1	414	896	png	89320	weather__satellites__414x896__dpr1_page1.png	various-web	PD	PD	dpr1|page1	us-gov-pd	https://www.weather.gov/satellite
other/8469_web-screenshots_weather-satellites_dpr1_page2_414x896.png	8469	web-screenshots	weather-satellites_dpr1_page2	414	896	png	132729	weather__satellites__414x896__dpr1_page2.png	various-web	PD	PD	dpr1|page2	us-gov-pd	https://www.weather.gov/satellite
