filename	number	category	descriptor	width	height	format	bytes	original_filename	source	license	keyinfo	pd_basis	sha256	source_class	source_description	source_url
5300_noaa_nhc-verification-report-2024_page1_p01_2550x3300.png	5300	noaa	nhc-verification-report-2024_page1_p01	2550	3300	png	1490493	noaa-nhc-2024_verification-report_p01_page1.png	noaa	PD-USGov	page1|p01	PD: 17 USC §105 — NOAA NHC staff work product. NWS/NHC reports are by NOAA federal employees; no contractor-mix concern (unlike many NASA TMs).	3ab005540010a066f77f20458cb0f54cf012d49f19f74cc3ec41677b8bc64c02	NOAA	NOAA NHC tropical cyclone reports + verification reports (NWS / National Hurricane Center)	https://www.nhc.noaa.gov/data/tcr/
5301_noaa_nhc-verification-report-2024_charts_p05_2550x3300.png	5301	noaa	nhc-verification-report-2024_charts_p05	2550	3300	png	960121	noaa-nhc-2024_verification-report_p05_charts.png	noaa	PD-USGov	charts|p05	PD: 17 USC §105 — NOAA NHC staff work product. NWS/NHC reports are by NOAA federal employees; no contractor-mix concern (unlike many NASA TMs).	35cd19b2cd2ad451d66f8cbee756acb90b482e0a8615050c7970c69fdc9ef11c	NOAA	NOAA NHC tropical cyclone reports + verification reports (NWS / National Hurricane Center)	https://www.nhc.noaa.gov/data/tcr/
5302_noaa_nhc-helene-al092024_cover_p01_2550x3300.png	5302	noaa	nhc-helene-al092024_cover_p01	2550	3300	png	1885818	noaa-nhc-AL092024_Helene_p01_cover.png	noaa	PD-USGov	cover|p01	PD: 17 USC §105 — NOAA NHC staff work product. NWS/NHC reports are by NOAA federal employees; no contractor-mix concern (unlike many NASA TMs).	4f107517246cedf5354544e33d02c90d468be773594c6d5f987d6b8bf9b61b9b	NOAA	NOAA NHC tropical cyclone reports + verification reports (NWS / National Hurricane Center)	https://www.nhc.noaa.gov/data/tcr/
5303_noaa_nhc-helene-al092024_map_p09_2550x3300.png	5303	noaa	nhc-helene-al092024_map_p09	2550	3300	png	554295	noaa-nhc-AL092024_Helene_p09_map.png	noaa	PD-USGov	map|p09	PD: 17 USC §105 — NOAA NHC staff work product. NWS/NHC reports are by NOAA federal employees; no contractor-mix concern (unlike many NASA TMs).	bb546ab221b820336b4c2ffec3a54ea87c75937376736e3d391470a543265ab2	NOAA	NOAA NHC tropical cyclone reports + verification reports (NWS / National Hurricane Center)	https://www.nhc.noaa.gov/data/tcr/
5304_noaa_nhc-helene-al092024_text-body_p25_2550x3300.png	5304	noaa	nhc-helene-al092024_text-body_p25	2550	3300	png	770313	noaa-nhc-AL092024_Helene_p25_text-body.png	noaa	PD-USGov	text-body|p25	PD: 17 USC §105 — NOAA NHC staff work product. NWS/NHC reports are by NOAA federal employees; no contractor-mix concern (unlike many NASA TMs).	f0ca887458dcca21f1e7ba2af31116a67d8cef1cd57fcefb7546e553f166b980	NOAA	NOAA NHC tropical cyclone reports + verification reports (NWS / National Hurricane Center)	https://www.nhc.noaa.gov/data/tcr/
5305_noaa_nhc-milton-al142024_cover_p01_2550x3300.png	5305	noaa	nhc-milton-al142024_cover_p01	2550	3300	png	3867364	noaa-nhc-AL142024_Milton_p01_cover.png	noaa	PD-USGov	cover|p01	PD: 17 USC §105 — NOAA NHC staff work product. NWS/NHC reports are by NOAA federal employees; no contractor-mix concern (unlike many NASA TMs).	41bbb2d6b59b451f50bf2ed870e8e2e42535e09201d8f33ff1be56b0a7f8ad71	NOAA	NOAA NHC tropical cyclone reports + verification reports (NWS / National Hurricane Center)	https://www.nhc.noaa.gov/data/tcr/
5306_noaa_nhc-milton-al142024_map_p07_2550x3300.png	5306	noaa	nhc-milton-al142024_map_p07	2550	3300	png	841132	noaa-nhc-AL142024_Milton_p07_map.png	noaa	PD-USGov	map|p07	PD: 17 USC §105 — NOAA NHC staff work product. NWS/NHC reports are by NOAA federal employees; no contractor-mix concern (unlike many NASA TMs).	11a34f05ea0a3cdf491f4c5ea03e8a6ebc00c0a49e6f7464dea1f224d605ab24	NOAA	NOAA NHC tropical cyclone reports + verification reports (NWS / National Hurricane Center)	https://www.nhc.noaa.gov/data/tcr/
5307_noaa_nhc-milton-al142024_text-body_p19_2550x3300.png	5307	noaa	nhc-milton-al142024_text-body_p19	2550	3300	png	527023	noaa-nhc-AL142024_Milton_p19_text-body.png	noaa	PD-USGov	text-body|p19	PD: 17 USC §105 — NOAA NHC staff work product. NWS/NHC reports are by NOAA federal employees; no contractor-mix concern (unlike many NASA TMs).	b2f65d3acfb9e0f69589ad3fccae74cc1c3673cca247e957291a8d789f98394c	NOAA	NOAA NHC tropical cyclone reports + verification reports (NWS / National Hurricane Center)	https://www.nhc.noaa.gov/data/tcr/
5308_noaa_nhc-al022024-beryl_p01_2550x3300.png	5308	noaa	nhc-al022024-beryl_p01	2550	3300	png	2180774	noaa_noaa-nhc-AL022024_Beryl_p01.png	noaa	PD-USGov	p01	PD: 17 USC §105 — NOAA NHC staff work product. NWS/NHC reports are by NOAA federal employees; no contractor-mix concern (unlike many NASA TMs).	ff4cd87728467925a9ec9013d9b71b6fc5458acee2692ce3087fc7d3b20b1373	NOAA	NOAA NHC tropical cyclone reports + verification reports (NWS / National Hurricane Center)	https://www.nhc.noaa.gov/data/tcr/
5309_noaa_nhc-al022024-beryl_p26_2550x3300.png	5309	noaa	nhc-al022024-beryl_p26	2550	3300	png	545710	noaa_noaa-nhc-AL022024_Beryl_p26.png	noaa	PD-USGov	p26	PD: 17 USC §105 — NOAA NHC staff work product. NWS/NHC reports are by NOAA federal employees; no contractor-mix concern (unlike many NASA TMs).	11f88fa292d6531d89e8617af194db5743cdb71290c3f365a1d07a160e34c7dd	NOAA	NOAA NHC tropical cyclone reports + verification reports (NWS / National Hurricane Center)	https://www.nhc.noaa.gov/data/tcr/
5310_noaa_nhc-al022024-beryl_p51_2550x3300.png	5310	noaa	nhc-al022024-beryl_p51	2550	3300	png	226778	noaa_noaa-nhc-AL022024_Beryl_p51.png	noaa	PD-USGov	p51	PD: 17 USC §105 — NOAA NHC staff work product. NWS/NHC reports are by NOAA federal employees; no contractor-mix concern (unlike many NASA TMs).	348e4805c25ee1408e8fe8f08e046722be52ce55d689c0412a918ee35fe4d465	NOAA	NOAA NHC tropical cyclone reports + verification reports (NWS / National Hurricane Center)	https://www.nhc.noaa.gov/data/tcr/
5311_noaa_nhc-al042024-debby_p01_2550x3300.png	5311	noaa	nhc-al042024-debby_p01	2550	3300	png	2386420	noaa_noaa-nhc-AL042024_Debby_p01.png	noaa	PD-USGov	p01	PD: 17 USC §105 — NOAA NHC staff work product. NWS/NHC reports are by NOAA federal employees; no contractor-mix concern (unlike many NASA TMs).	487a1b929e2fcc2194ce248f42fad48057c8e4a90d87abede841dae6e9390dae	NOAA	NOAA NHC tropical cyclone reports + verification reports (NWS / National Hurricane Center)	https://www.nhc.noaa.gov/data/tcr/
5312_noaa_nhc-al042024-debby_p19_2550x3300.png	5312	noaa	nhc-al042024-debby_p19	2550	3300	png	528193	noaa_noaa-nhc-AL042024_Debby_p19.png	noaa	PD-USGov	p19	PD: 17 USC §105 — NOAA NHC staff work product. NWS/NHC reports are by NOAA federal employees; no contractor-mix concern (unlike many NASA TMs).	e19c5b5b1595f7df79fc8fcd254c1d5355b6c68f4c349e3030c2ff70062ffcd6	NOAA	NOAA NHC tropical cyclone reports + verification reports (NWS / National Hurricane Center)	https://www.nhc.noaa.gov/data/tcr/
5313_noaa_nhc-al042024-debby_p37_3300x2550.png	5313	noaa	nhc-al042024-debby_p37	3300	2550	png	544401	noaa_noaa-nhc-AL042024_Debby_p37.png	noaa	PD-USGov	p37	PD: 17 USC §105 — NOAA NHC staff work product. NWS/NHC reports are by NOAA federal employees; no contractor-mix concern (unlike many NASA TMs).	e05f1fe04506ae9f84190c9a5e3bdb6b715d8b3a5e0714a74f83f2ea9762a9ab	NOAA	NOAA NHC tropical cyclone reports + verification reports (NWS / National Hurricane Center)	https://www.nhc.noaa.gov/data/tcr/
5314_noaa_nhc-al062024-francine_p01_2550x3300.png	5314	noaa	nhc-al062024-francine_p01	2550	3300	png	1937400	noaa_noaa-nhc-AL062024_Francine_p01.png	noaa	PD-USGov	p01	PD: 17 USC §105 — NOAA NHC staff work product. NWS/NHC reports are by NOAA federal employees; no contractor-mix concern (unlike many NASA TMs).	7d552aedcfffb6514e9efdabe21ba1960ec608a6140f6a1dc5c33b899cf38c01	NOAA	NOAA NHC tropical cyclone reports + verification reports (NWS / National Hurricane Center)	https://www.nhc.noaa.gov/data/tcr/
5315_noaa_nhc-al062024-francine_p12_2550x3300.png	5315	noaa	nhc-al062024-francine_p12	2550	3300	png	377542	noaa_noaa-nhc-AL062024_Francine_p12.png	noaa	PD-USGov	p12	PD: 17 USC §105 — NOAA NHC staff work product. NWS/NHC reports are by NOAA federal employees; no contractor-mix concern (unlike many NASA TMs).	fdbbff67251f020cec5c2e461aa14b883a8d0af0465f867888dd4c62539c6581	NOAA	NOAA NHC tropical cyclone reports + verification reports (NWS / National Hurricane Center)	https://www.nhc.noaa.gov/data/tcr/
5316_noaa_nhc-al062024-francine_p24_3300x2550.png	5316	noaa	nhc-al062024-francine_p24	3300	2550	png	582977	noaa_noaa-nhc-AL062024_Francine_p24.png	noaa	PD-USGov	p24	PD: 17 USC §105 — NOAA NHC staff work product. NWS/NHC reports are by NOAA federal employees; no contractor-mix concern (unlike many NASA TMs).	e2576eac096d478e5fc22adb8d83de9628174b0b8674d4ee4c008a9537389d11	NOAA	NOAA NHC tropical cyclone reports + verification reports (NWS / National Hurricane Center)	https://www.nhc.noaa.gov/data/tcr/
5317_noaa_nhc-al072022-fiona_p01_2550x3300.png	5317	noaa	nhc-al072022-fiona_p01	2550	3300	png	3761413	noaa_noaa-nhc-AL072022_Fiona_p01.png	noaa	PD-USGov	p01	PD: 17 USC §105 — NOAA NHC staff work product. NWS/NHC reports are by NOAA federal employees; no contractor-mix concern (unlike many NASA TMs).	bf0b0bbb6f8dd3fe208b01050f9b305a7e55645cef7cb20732881d5c430b49bb	NOAA	NOAA NHC tropical cyclone reports + verification reports (NWS / National Hurricane Center)	https://www.nhc.noaa.gov/data/tcr/
5318_noaa_nhc-al072022-fiona_p21_2550x3300.png	5318	noaa	nhc-al072022-fiona_p21	2550	3300	png	532611	noaa_noaa-nhc-AL072022_Fiona_p21.png	noaa	PD-USGov	p21	PD: 17 USC §105 — NOAA NHC staff work product. NWS/NHC reports are by NOAA federal employees; no contractor-mix concern (unlike many NASA TMs).	7200f7126729b7448f11d6a68ea03ec003097a697292201d6f68d42590b40bf6	NOAA	NOAA NHC tropical cyclone reports + verification reports (NWS / National Hurricane Center)	https://www.nhc.noaa.gov/data/tcr/
5319_noaa_nhc-al072022-fiona_p41_2550x3300.png	5319	noaa	nhc-al072022-fiona_p41	2550	3300	png	512078	noaa_noaa-nhc-AL072022_Fiona_p41.png	noaa	PD-USGov	p41	PD: 17 USC §105 — NOAA NHC staff work product. NWS/NHC reports are by NOAA federal employees; no contractor-mix concern (unlike many NASA TMs).	07131365fa16c166fe8ee22dcb09ca1530f27890e2dd65fd1368534786acff26	NOAA	NOAA NHC tropical cyclone reports + verification reports (NWS / National Hurricane Center)	https://www.nhc.noaa.gov/data/tcr/
5320_noaa_nhc-al082023-franklin_p01_2550x3300.png	5320	noaa	nhc-al082023-franklin_p01	2550	3300	png	2581434	noaa_noaa-nhc-AL082023_Franklin_p01.png	noaa	PD-USGov	p01	PD: 17 USC §105 — NOAA NHC staff work product. NWS/NHC reports are by NOAA federal employees; no contractor-mix concern (unlike many NASA TMs).	954b1264a3c5d35ef96c0636da2fa6689f18f8f801d9851132e4122c3a743d2a	NOAA	NOAA NHC tropical cyclone reports + verification reports (NWS / National Hurricane Center)	https://www.nhc.noaa.gov/data/tcr/
5321_noaa_nhc-al082023-franklin_p10_2550x3300.png	5321	noaa	nhc-al082023-franklin_p10	2550	3300	png	411984	noaa_noaa-nhc-AL082023_Franklin_p10.png	noaa	PD-USGov	p10	PD: 17 USC §105 — NOAA NHC staff work product. NWS/NHC reports are by NOAA federal employees; no contractor-mix concern (unlike many NASA TMs).	32f9a1c7ebb93931cb56aaf6b94800414bd00a399c3dcbad96103654c0088906	NOAA	NOAA NHC tropical cyclone reports + verification reports (NWS / National Hurricane Center)	https://www.nhc.noaa.gov/data/tcr/
5322_noaa_nhc-al082023-franklin_p20_2550x3300.png	5322	noaa	nhc-al082023-franklin_p20	2550	3300	png	519456	noaa_noaa-nhc-AL082023_Franklin_p20.png	noaa	PD-USGov	p20	PD: 17 USC §105 — NOAA NHC staff work product. NWS/NHC reports are by NOAA federal employees; no contractor-mix concern (unlike many NASA TMs).	4168390447fc6f37a3ea09fbc628552d2ca4ed2b81cc2b858112aaca469977e6	NOAA	NOAA NHC tropical cyclone reports + verification reports (NWS / National Hurricane Center)	https://www.nhc.noaa.gov/data/tcr/
5323_noaa_nhc-al092022-ian_p01_2550x3300.png	5323	noaa	nhc-al092022-ian_p01	2550	3300	png	2111972	noaa_noaa-nhc-AL092022_Ian_p01.png	noaa	PD-USGov	p01	PD: 17 USC §105 — NOAA NHC staff work product. NWS/NHC reports are by NOAA federal employees; no contractor-mix concern (unlike many NASA TMs).	20d5bcbe481d84671b6a2acde30be95c9d9a6a78eae66ce46b093492695db13b	NOAA	NOAA NHC tropical cyclone reports + verification reports (NWS / National Hurricane Center)	https://www.nhc.noaa.gov/data/tcr/
5324_noaa_nhc-al092022-ian_p25_2550x3300.png	5324	noaa	nhc-al092022-ian_p25	2550	3300	png	358671	noaa_noaa-nhc-AL092022_Ian_p25.png	noaa	PD-USGov	p25	PD: 17 USC §105 — NOAA NHC staff work product. NWS/NHC reports are by NOAA federal employees; no contractor-mix concern (unlike many NASA TMs).	878a6db7159ffe96b5432c5f65986421747d33e32347005379cd601ede53ddb3	NOAA	NOAA NHC tropical cyclone reports + verification reports (NWS / National Hurricane Center)	https://www.nhc.noaa.gov/data/tcr/
5325_noaa_nhc-al092022-ian_p49_3300x2550.png	5325	noaa	nhc-al092022-ian_p49	3300	2550	png	636183	noaa_noaa-nhc-AL092022_Ian_p49.png	noaa	PD-USGov	p49	PD: 17 USC §105 — NOAA NHC staff work product. NWS/NHC reports are by NOAA federal employees; no contractor-mix concern (unlike many NASA TMs).	0ab130acfd37912f4a633af08a44defed8a999937bdba1a3f37c24074ed78b70	NOAA	NOAA NHC tropical cyclone reports + verification reports (NWS / National Hurricane Center)	https://www.nhc.noaa.gov/data/tcr/
5326_noaa_nhc-al102023-idalia_p01_2550x3300.png	5326	noaa	nhc-al102023-idalia_p01	2550	3300	png	3304300	noaa_noaa-nhc-AL102023_Idalia_p01.png	noaa	PD-USGov	p01	PD: 17 USC §105 — NOAA NHC staff work product. NWS/NHC reports are by NOAA federal employees; no contractor-mix concern (unlike many NASA TMs).	cf577fe165132d0a045bf4f78bb3566329f0336e7247629b58349a64b45aedd3	NOAA	NOAA NHC tropical cyclone reports + verification reports (NWS / National Hurricane Center)	https://www.nhc.noaa.gov/data/tcr/
5327_noaa_nhc-al102023-idalia_p16_2550x3300.png	5327	noaa	nhc-al102023-idalia_p16	2550	3300	png	388365	noaa_noaa-nhc-AL102023_Idalia_p16.png	noaa	PD-USGov	p16	PD: 17 USC §105 — NOAA NHC staff work product. NWS/NHC reports are by NOAA federal employees; no contractor-mix concern (unlike many NASA TMs).	8cd798df599a276308e2e4b22e74c961df2cdd593dc3c1c04831d622e9b6ec81	NOAA	NOAA NHC tropical cyclone reports + verification reports (NWS / National Hurricane Center)	https://www.nhc.noaa.gov/data/tcr/
5328_noaa_nhc-al102023-idalia_p32_3300x2550.png	5328	noaa	nhc-al102023-idalia_p32	3300	2550	png	5262788	noaa_noaa-nhc-AL102023_Idalia_p32.png	noaa	PD-USGov	p32	PD: 17 USC §105 — NOAA NHC staff work product. NWS/NHC reports are by NOAA federal employees; no contractor-mix concern (unlike many NASA TMs).	950211cb79ba5dbefb4ffd38c0a307718ac27659228bd00006bb13a37f463d05	NOAA	NOAA NHC tropical cyclone reports + verification reports (NWS / National Hurricane Center)	https://www.nhc.noaa.gov/data/tcr/
5329_noaa_nhc-al122024-kirk_p01_2550x3300.png	5329	noaa	nhc-al122024-kirk_p01	2550	3300	png	2291879	noaa_noaa-nhc-AL122024_Kirk_p01.png	noaa	PD-USGov	p01	PD: 17 USC §105 — NOAA NHC staff work product. NWS/NHC reports are by NOAA federal employees; no contractor-mix concern (unlike many NASA TMs).	c2a7c1e61429f8fc38e7358cce6916a4b0310a5d8a5d62b3bf8ae932cec96e12	NOAA	NOAA NHC tropical cyclone reports + verification reports (NWS / National Hurricane Center)	https://www.nhc.noaa.gov/data/tcr/
5330_noaa_nhc-al122024-kirk_p05_2550x3300.png	5330	noaa	nhc-al122024-kirk_p05	2550	3300	png	361255	noaa_noaa-nhc-AL122024_Kirk_p05.png	noaa	PD-USGov	p05	PD: 17 USC §105 — NOAA NHC staff work product. NWS/NHC reports are by NOAA federal employees; no contractor-mix concern (unlike many NASA TMs).	f3a9ef37dfc4c8a2ff2e765f640d45519d4e54372c808052a5df609866c0cfb6	NOAA	NOAA NHC tropical cyclone reports + verification reports (NWS / National Hurricane Center)	https://www.nhc.noaa.gov/data/tcr/
5331_noaa_nhc-al122024-kirk_p10_2550x3300.png	5331	noaa	nhc-al122024-kirk_p10	2550	3300	png	337596	noaa_noaa-nhc-AL122024_Kirk_p10.png	noaa	PD-USGov	p10	PD: 17 USC §105 — NOAA NHC staff work product. NWS/NHC reports are by NOAA federal employees; no contractor-mix concern (unlike many NASA TMs).	a0ff186a6075b99f2c1d742821483295464a822e5e18e92ed3a6a598b04e5049	NOAA	NOAA NHC tropical cyclone reports + verification reports (NWS / National Hurricane Center)	https://www.nhc.noaa.gov/data/tcr/
5332_noaa_nhc-al132023-lee_p01_2550x3300.png	5332	noaa	nhc-al132023-lee_p01	2550	3300	png	2084958	noaa_noaa-nhc-AL132023_Lee_p01.png	noaa	PD-USGov	p01	PD: 17 USC §105 — NOAA NHC staff work product. NWS/NHC reports are by NOAA federal employees; no contractor-mix concern (unlike many NASA TMs).	12f30bb4d88ae62880f3ce8af3d7680de9f9553b740aa2df8fce019a2c2cfda0	NOAA	NOAA NHC tropical cyclone reports + verification reports (NWS / National Hurricane Center)	https://www.nhc.noaa.gov/data/tcr/
5333_noaa_nhc-al132023-lee_p11_2550x3300.png	5333	noaa	nhc-al132023-lee_p11	2550	3300	png	208223	noaa_noaa-nhc-AL132023_Lee_p11.png	noaa	PD-USGov	p11	PD: 17 USC §105 — NOAA NHC staff work product. NWS/NHC reports are by NOAA federal employees; no contractor-mix concern (unlike many NASA TMs).	3925d9e0e3b472437008312be7991e7939f9d5d2bab12010324deb5fa92579c9	NOAA	NOAA NHC tropical cyclone reports + verification reports (NWS / National Hurricane Center)	https://www.nhc.noaa.gov/data/tcr/
5334_noaa_nhc-al132023-lee_p21_2550x3300.png	5334	noaa	nhc-al132023-lee_p21	2550	3300	png	460973	noaa_noaa-nhc-AL132023_Lee_p21.png	noaa	PD-USGov	p21	PD: 17 USC §105 — NOAA NHC staff work product. NWS/NHC reports are by NOAA federal employees; no contractor-mix concern (unlike many NASA TMs).	65b3abf7839bc7f8f881305f4401647d207cf5b9771f7936e3b7b487b191e12c	NOAA	NOAA NHC tropical cyclone reports + verification reports (NWS / National Hurricane Center)	https://www.nhc.noaa.gov/data/tcr/
5335_noaa_nhc-al132024-leslie_p01_2550x3300.png	5335	noaa	nhc-al132024-leslie_p01	2550	3300	png	1701372	noaa_noaa-nhc-AL132024_Leslie_p01.png	noaa	PD-USGov	p01	PD: 17 USC §105 — NOAA NHC staff work product. NWS/NHC reports are by NOAA federal employees; no contractor-mix concern (unlike many NASA TMs).	a8ed3f245b3e70c2970bc4b37c6adf05c72475e3d792e32a86919a44c5b8244f	NOAA	NOAA NHC tropical cyclone reports + verification reports (NWS / National Hurricane Center)	https://www.nhc.noaa.gov/data/tcr/
5336_noaa_nhc-al132024-leslie_p05_2550x3300.png	5336	noaa	nhc-al132024-leslie_p05	2550	3300	png	341768	noaa_noaa-nhc-AL132024_Leslie_p05.png	noaa	PD-USGov	p05	PD: 17 USC §105 — NOAA NHC staff work product. NWS/NHC reports are by NOAA federal employees; no contractor-mix concern (unlike many NASA TMs).	f9761552b3bbf39d3c607d641556455c0138abaf444d0abe2d6243f2abebd45d	NOAA	NOAA NHC tropical cyclone reports + verification reports (NWS / National Hurricane Center)	https://www.nhc.noaa.gov/data/tcr/
5337_noaa_nhc-al132024-leslie_p09_2550x3300.png	5337	noaa	nhc-al132024-leslie_p09	2550	3300	png	373874	noaa_noaa-nhc-AL132024_Leslie_p09.png	noaa	PD-USGov	p09	PD: 17 USC §105 — NOAA NHC staff work product. NWS/NHC reports are by NOAA federal employees; no contractor-mix concern (unlike many NASA TMs).	8abb23dcf34844be7e0d102e8e7534307d9ceeeabd85ee6c2844f9b37f830550	NOAA	NOAA NHC tropical cyclone reports + verification reports (NWS / National Hurricane Center)	https://www.nhc.noaa.gov/data/tcr/
5338_noaa_nhc-al172022-nicole_p01_2550x3300.png	5338	noaa	nhc-al172022-nicole_p01	2550	3300	png	2281076	noaa_noaa-nhc-AL172022_Nicole_p01.png	noaa	PD-USGov	p01	PD: 17 USC §105 — NOAA NHC staff work product. NWS/NHC reports are by NOAA federal employees; no contractor-mix concern (unlike many NASA TMs).	e0c211b227d12be56b05e44e9a522717307b815949470ddcd261b826cf4e7756	NOAA	NOAA NHC tropical cyclone reports + verification reports (NWS / National Hurricane Center)	https://www.nhc.noaa.gov/data/tcr/
5339_noaa_nhc-al172022-nicole_p20_2550x3300.png	5339	noaa	nhc-al172022-nicole_p20	2550	3300	png	548240	noaa_noaa-nhc-AL172022_Nicole_p20.png	noaa	PD-USGov	p20	PD: 17 USC §105 — NOAA NHC staff work product. NWS/NHC reports are by NOAA federal employees; no contractor-mix concern (unlike many NASA TMs).	843020295ba965bd76a980bff5a29afb47e0785f97a2babb51ed12a3cca53518	NOAA	NOAA NHC tropical cyclone reports + verification reports (NWS / National Hurricane Center)	https://www.nhc.noaa.gov/data/tcr/
5340_noaa_nhc-al172022-nicole_p40_2550x3300.png	5340	noaa	nhc-al172022-nicole_p40	2550	3300	png	164468	noaa_noaa-nhc-AL172022_Nicole_p40.png	noaa	PD-USGov	p40	PD: 17 USC §105 — NOAA NHC staff work product. NWS/NHC reports are by NOAA federal employees; no contractor-mix concern (unlike many NASA TMs).	80cd6ad301f9d7f70cdf170e6db71975750abdb070b42d1d3512f3a673b450e5	NOAA	NOAA NHC tropical cyclone reports + verification reports (NWS / National Hurricane Center)	https://www.nhc.noaa.gov/data/tcr/
5341_noaa_nhc-al182024-rafael_p01_2550x3300.png	5341	noaa	nhc-al182024-rafael_p01	2550	3300	png	3417165	noaa_noaa-nhc-AL182024_Rafael_p01.png	noaa	PD-USGov	p01	PD: 17 USC §105 — NOAA NHC staff work product. NWS/NHC reports are by NOAA federal employees; no contractor-mix concern (unlike many NASA TMs).	65f8a3c79b10750ea63a84d28ac2be99da4ba841d4b518b2786c13eab05362bc	NOAA	NOAA NHC tropical cyclone reports + verification reports (NWS / National Hurricane Center)	https://www.nhc.noaa.gov/data/tcr/
5342_noaa_nhc-al182024-rafael_p10_2550x3300.png	5342	noaa	nhc-al182024-rafael_p10	2550	3300	png	242275	noaa_noaa-nhc-AL182024_Rafael_p10.png	noaa	PD-USGov	p10	PD: 17 USC §105 — NOAA NHC staff work product. NWS/NHC reports are by NOAA federal employees; no contractor-mix concern (unlike many NASA TMs).	200d38da1d746bc3b8fe929a9e270a0ca51b2cd87901ec4311e2b6401d711602	NOAA	NOAA NHC tropical cyclone reports + verification reports (NWS / National Hurricane Center)	https://www.nhc.noaa.gov/data/tcr/
5343_noaa_nhc-al182024-rafael_p19_2550x3300.png	5343	noaa	nhc-al182024-rafael_p19	2550	3300	png	148651	noaa_noaa-nhc-AL182024_Rafael_p19.png	noaa	PD-USGov	p19	PD: 17 USC §105 — NOAA NHC staff work product. NWS/NHC reports are by NOAA federal employees; no contractor-mix concern (unlike many NASA TMs).	cdcea62b82144d12940b6b436aa397b17301db01b36a2942615961cab41899cb	NOAA	NOAA NHC tropical cyclone reports + verification reports (NWS / National Hurricane Center)	https://www.nhc.noaa.gov/data/tcr/
