filename	number	category	descriptor	width	height	format	bytes	original_filename	source	license	inventor	page	patent	variant
lynn_conway_us5046022_1bitoriginal/6000_scans-patents_lynn-conway-us5046022-1bit_p001_2320x3408.png	6000	scans-patents	lynn-conway-us5046022-1bit_p001	2320	3408	png	129218	page_001.png	uspto	PD	lynn-conway	1	us5046022	1bit
lynn_conway_us5046022_1bitoriginal/6001_scans-patents_lynn-conway-us5046022-1bit_p002_2320x3408.png	6001	scans-patents	lynn-conway-us5046022-1bit_p002	2320	3408	png	62637	page_002.png	uspto	PD	lynn-conway	2	us5046022	1bit
lynn_conway_us5046022_1bitoriginal/6002_scans-patents_lynn-conway-us5046022-1bit_p003_2320x3408.png	6002	scans-patents	lynn-conway-us5046022-1bit_p003	2320	3408	png	66468	page_003.png	uspto	PD	lynn-conway	3	us5046022	1bit
lynn_conway_us5046022_1bitoriginal/6003_scans-patents_lynn-conway-us5046022-1bit_p004_2320x3408.png	6003	scans-patents	lynn-conway-us5046022-1bit_p004	2320	3408	png	62699	page_004.png	uspto	PD	lynn-conway	4	us5046022	1bit
lynn_conway_us5046022_1bitoriginal/6004_scans-patents_lynn-conway-us5046022-1bit_p005_2320x3408.png	6004	scans-patents	lynn-conway-us5046022-1bit_p005	2320	3408	png	80573	page_005.png	uspto	PD	lynn-conway	5	us5046022	1bit
lynn_conway_us5046022_1bitoriginal/6005_scans-patents_lynn-conway-us5046022-1bit_p006_2320x3408.png	6005	scans-patents	lynn-conway-us5046022-1bit_p006	2320	3408	png	51068	page_006.png	uspto	PD	lynn-conway	6	us5046022	1bit
lynn_conway_us5046022_1bitoriginal/6006_scans-patents_lynn-conway-us5046022-1bit_p007_2320x3408.png	6006	scans-patents	lynn-conway-us5046022-1bit_p007	2320	3408	png	68578	page_007.png	uspto	PD	lynn-conway	7	us5046022	1bit
lynn_conway_us5046022_1bitoriginal/6007_scans-patents_lynn-conway-us5046022-1bit_p008_2320x3408.png	6007	scans-patents	lynn-conway-us5046022-1bit_p008	2320	3408	png	57864	page_008.png	uspto	PD	lynn-conway	8	us5046022	1bit
lynn_conway_us5046022_1bitoriginal/6008_scans-patents_lynn-conway-us5046022-1bit_p009_2320x3408.png	6008	scans-patents	lynn-conway-us5046022-1bit_p009	2320	3408	png	185627	page_009.png	uspto	PD	lynn-conway	9	us5046022	1bit
lynn_conway_us5046022_1bitoriginal/6009_scans-patents_lynn-conway-us5046022-1bit_p010_2320x3408.png	6009	scans-patents	lynn-conway-us5046022-1bit_p010	2320	3408	png	181075	page_010.png	uspto	PD	lynn-conway	10	us5046022	1bit
lynn_conway_us5046022_1bitoriginal/6010_scans-patents_lynn-conway-us5046022-1bit_p011_2320x3408.png	6010	scans-patents	lynn-conway-us5046022-1bit_p011	2320	3408	png	188422	page_011.png	uspto	PD	lynn-conway	11	us5046022	1bit
lynn_conway_us5046022_1bitoriginal/6011_scans-patents_lynn-conway-us5046022-1bit_p012_2320x3408.png	6011	scans-patents	lynn-conway-us5046022-1bit_p012	2320	3408	png	188070	page_012.png	uspto	PD	lynn-conway	12	us5046022	1bit
lynn_conway_us5046022_1bitoriginal/6012_scans-patents_lynn-conway-us5046022-1bit_p013_2320x3408.png	6012	scans-patents	lynn-conway-us5046022-1bit_p013	2320	3408	png	180097	page_013.png	uspto	PD	lynn-conway	13	us5046022	1bit
lynn_conway_us5046022_1bitoriginal/6013_scans-patents_lynn-conway-us5046022-1bit_p014_2320x3408.png	6013	scans-patents	lynn-conway-us5046022-1bit_p014	2320	3408	png	184538	page_014.png	uspto	PD	lynn-conway	14	us5046022	1bit
lynn_conway_us5046022_1bitoriginal/6014_scans-patents_lynn-conway-us5046022-1bit_p015_2320x3408.png	6014	scans-patents	lynn-conway-us5046022-1bit_p015	2320	3408	png	186953	page_015.png	uspto	PD	lynn-conway	15	us5046022	1bit
lynn_conway_us5046022_1bitoriginal/6015_scans-patents_lynn-conway-us5046022-1bit_p016_2320x3408.png	6015	scans-patents	lynn-conway-us5046022-1bit_p016	2320	3408	png	184965	page_016.png	uspto	PD	lynn-conway	16	us5046022	1bit
lynn_conway_us5046022_1bitoriginal/6016_scans-patents_lynn-conway-us5046022-1bit_p017_2320x3408.png	6016	scans-patents	lynn-conway-us5046022-1bit_p017	2320	3408	png	184326	page_017.png	uspto	PD	lynn-conway	17	us5046022	1bit
lynn_conway_us5046022_1bitoriginal/6017_scans-patents_lynn-conway-us5046022-1bit_p018_2320x3408.png	6017	scans-patents	lynn-conway-us5046022-1bit_p018	2320	3408	png	172521	page_018.png	uspto	PD	lynn-conway	18	us5046022	1bit
lynn_conway_us5046022_1bitoriginal/6018_scans-patents_lynn-conway-us5046022-1bit_p019_2320x3408.png	6018	scans-patents	lynn-conway-us5046022-1bit_p019	2320	3408	png	189244	page_019.png	uspto	PD	lynn-conway	19	us5046022	1bit
lynn_conway_us5046022_1bitoriginal/6019_scans-patents_lynn-conway-us5046022-1bit_p020_2320x3408.png	6019	scans-patents	lynn-conway-us5046022-1bit_p020	2320	3408	png	188638	page_020.png	uspto	PD	lynn-conway	20	us5046022	1bit
lynn_conway_us5046022_1bitoriginal/6020_scans-patents_lynn-conway-us5046022-1bit_p021_2320x3408.png	6020	scans-patents	lynn-conway-us5046022-1bit_p021	2320	3408	png	188577	page_021.png	uspto	PD	lynn-conway	21	us5046022	1bit
lynn_conway_us5046022_1bitoriginal/6021_scans-patents_lynn-conway-us5046022-1bit_p022_2320x3408.png	6021	scans-patents	lynn-conway-us5046022-1bit_p022	2320	3408	png	176595	page_022.png	uspto	PD	lynn-conway	22	us5046022	1bit
lynn_conway_us5046022_1bitoriginal/6022_scans-patents_lynn-conway-us5046022-1bit_p023_2320x3408.png	6022	scans-patents	lynn-conway-us5046022-1bit_p023	2320	3408	png	176736	page_023.png	uspto	PD	lynn-conway	23	us5046022	1bit
lynn_conway_us5046022_1bitoriginal/6023_scans-patents_lynn-conway-us5046022-1bit_p024_2320x3408.png	6023	scans-patents	lynn-conway-us5046022-1bit_p024	2320	3408	png	166191	page_024.png	uspto	PD	lynn-conway	24	us5046022	1bit
lynn_conway_us5046022_1bitoriginal/6024_scans-patents_lynn-conway-us5046022-1bit_p025_2320x3408.png	6024	scans-patents	lynn-conway-us5046022-1bit_p025	2320	3408	png	168139	page_025.png	uspto	PD	lynn-conway	25	us5046022	1bit
lynn_conway_us5046022_1bitoriginal/6025_scans-patents_lynn-conway-us5046022-1bit_p026_2320x3408.png	6025	scans-patents	lynn-conway-us5046022-1bit_p026	2320	3408	png	165224	page_026.png	uspto	PD	lynn-conway	26	us5046022	1bit
lynn_conway_us5046022_1bitoriginal/6026_scans-patents_lynn-conway-us5046022-1bit_p027_2320x3408.png	6026	scans-patents	lynn-conway-us5046022-1bit_p027	2320	3408	png	80839	page_027.png	uspto	PD	lynn-conway	27	us5046022	1bit
lynn_conway_us5046022_1bitoriginal/6027_scans-patents_lynn-conway-us5046022-1bit_p028_2320x3408.png	6027	scans-patents	lynn-conway-us5046022-1bit_p028	2320	3408	png	60210	page_028.png	uspto	PD	lynn-conway	28	us5046022	1bit
lynn_conway_us5046022_1bitoriginal/6028_scans-patents_lynn-conway-us5046022-1bit_p029_2320x3408.png	6028	scans-patents	lynn-conway-us5046022-1bit_p029	2320	3408	png	37018	page_029.png	uspto	PD	lynn-conway	29	us5046022	1bit
lynn_conway_us5046022_printrescancolor300/6029_scans-patents_lynn-conway-us5046022-rescan-color_p001_2479x3230.jpg	6029	scans-patents	lynn-conway-us5046022-rescan-color_p001	2479	3230	jpg	1057021	page_001.jpg	uspto	PD	lynn-conway	1	us5046022	rescan-color
lynn_conway_us5046022_printrescancolor300/6030_scans-patents_lynn-conway-us5046022-rescan-color_p002_2479x3230.jpg	6030	scans-patents	lynn-conway-us5046022-rescan-color_p002	2479	3230	jpg	715352	page_002.jpg	uspto	PD	lynn-conway	2	us5046022	rescan-color
lynn_conway_us5046022_printrescancolor300/6031_scans-patents_lynn-conway-us5046022-rescan-color_p003_2479x3230.jpg	6031	scans-patents	lynn-conway-us5046022-rescan-color_p003	2479	3230	jpg	556020	page_003.jpg	uspto	PD	lynn-conway	3	us5046022	rescan-color
lynn_conway_us5046022_printrescancolor300/6032_scans-patents_lynn-conway-us5046022-rescan-color_p004_2479x3230.jpg	6032	scans-patents	lynn-conway-us5046022-rescan-color_p004	2479	3230	jpg	768080	page_004.jpg	uspto	PD	lynn-conway	4	us5046022	rescan-color
lynn_conway_us5046022_printrescancolor300/6033_scans-patents_lynn-conway-us5046022-rescan-color_p005_2479x3230.jpg	6033	scans-patents	lynn-conway-us5046022-rescan-color_p005	2479	3230	jpg	656805	page_005.jpg	uspto	PD	lynn-conway	5	us5046022	rescan-color
lynn_conway_us5046022_printrescancolor300/6034_scans-patents_lynn-conway-us5046022-rescan-color_p006_2479x3230.jpg	6034	scans-patents	lynn-conway-us5046022-rescan-color_p006	2479	3230	jpg	726678	page_006.jpg	uspto	PD	lynn-conway	6	us5046022	rescan-color
lynn_conway_us5046022_printrescancolor300/6035_scans-patents_lynn-conway-us5046022-rescan-color_p007_2479x3230.jpg	6035	scans-patents	lynn-conway-us5046022-rescan-color_p007	2479	3230	jpg	577680	page_007.jpg	uspto	PD	lynn-conway	7	us5046022	rescan-color
lynn_conway_us5046022_printrescancolor300/6036_scans-patents_lynn-conway-us5046022-rescan-color_p008_2479x3230.jpg	6036	scans-patents	lynn-conway-us5046022-rescan-color_p008	2479	3230	jpg	798514	page_008.jpg	uspto	PD	lynn-conway	8	us5046022	rescan-color
lynn_conway_us5046022_printrescancolor300/6037_scans-patents_lynn-conway-us5046022-rescan-color_p009_2479x3230.jpg	6037	scans-patents	lynn-conway-us5046022-rescan-color_p009	2479	3230	jpg	1511597	page_009.jpg	uspto	PD	lynn-conway	9	us5046022	rescan-color
lynn_conway_us5046022_printrescancolor300/6038_scans-patents_lynn-conway-us5046022-rescan-color_p010_2479x3230.jpg	6038	scans-patents	lynn-conway-us5046022-rescan-color_p010	2479	3230	jpg	1648801	page_010.jpg	uspto	PD	lynn-conway	10	us5046022	rescan-color
lynn_conway_us5046022_printrescancolor300/6039_scans-patents_lynn-conway-us5046022-rescan-color_p011_2479x3230.jpg	6039	scans-patents	lynn-conway-us5046022-rescan-color_p011	2479	3230	jpg	1542764	page_011.jpg	uspto	PD	lynn-conway	11	us5046022	rescan-color
lynn_conway_us5046022_printrescancolor300/6040_scans-patents_lynn-conway-us5046022-rescan-color_p012_2479x3230.jpg	6040	scans-patents	lynn-conway-us5046022-rescan-color_p012	2479	3230	jpg	1708468	page_012.jpg	uspto	PD	lynn-conway	12	us5046022	rescan-color
lynn_conway_us5046022_printrescancolor300/6041_scans-patents_lynn-conway-us5046022-rescan-color_p013_2479x3230.jpg	6041	scans-patents	lynn-conway-us5046022-rescan-color_p013	2479	3230	jpg	1452212	page_013.jpg	uspto	PD	lynn-conway	13	us5046022	rescan-color
lynn_conway_us5046022_printrescancolor300/6042_scans-patents_lynn-conway-us5046022-rescan-color_p014_2479x3230.jpg	6042	scans-patents	lynn-conway-us5046022-rescan-color_p014	2479	3230	jpg	1729204	page_014.jpg	uspto	PD	lynn-conway	14	us5046022	rescan-color
lynn_conway_us5046022_printrescancolor300/6043_scans-patents_lynn-conway-us5046022-rescan-color_p015_2479x3230.jpg	6043	scans-patents	lynn-conway-us5046022-rescan-color_p015	2479	3230	jpg	1543676	page_015.jpg	uspto	PD	lynn-conway	15	us5046022	rescan-color
lynn_conway_us5046022_printrescancolor300/6044_scans-patents_lynn-conway-us5046022-rescan-color_p016_2479x3230.jpg	6044	scans-patents	lynn-conway-us5046022-rescan-color_p016	2479	3230	jpg	1716786	page_016.jpg	uspto	PD	lynn-conway	16	us5046022	rescan-color
lynn_conway_us5046022_printrescancolor300/6045_scans-patents_lynn-conway-us5046022-rescan-color_p017_2479x3230.jpg	6045	scans-patents	lynn-conway-us5046022-rescan-color_p017	2479	3230	jpg	1504001	page_017.jpg	uspto	PD	lynn-conway	17	us5046022	rescan-color
lynn_conway_us5046022_printrescancolor300/6046_scans-patents_lynn-conway-us5046022-rescan-color_p018_2479x3230.jpg	6046	scans-patents	lynn-conway-us5046022-rescan-color_p018	2479	3230	jpg	1629916	page_018.jpg	uspto	PD	lynn-conway	18	us5046022	rescan-color
lynn_conway_us5046022_printrescancolor300/6047_scans-patents_lynn-conway-us5046022-rescan-color_p019_2479x3230.jpg	6047	scans-patents	lynn-conway-us5046022-rescan-color_p019	2479	3230	jpg	1555037	page_019.jpg	uspto	PD	lynn-conway	19	us5046022	rescan-color
lynn_conway_us5046022_printrescancolor300/6048_scans-patents_lynn-conway-us5046022-rescan-color_p020_2479x3230.jpg	6048	scans-patents	lynn-conway-us5046022-rescan-color_p020	2479	3230	jpg	1692638	page_020.jpg	uspto	PD	lynn-conway	20	us5046022	rescan-color
lynn_conway_us5046022_printrescancolor300/6049_scans-patents_lynn-conway-us5046022-rescan-color_p021_2479x3230.jpg	6049	scans-patents	lynn-conway-us5046022-rescan-color_p021	2479	3230	jpg	1548011	page_021.jpg	uspto	PD	lynn-conway	21	us5046022	rescan-color
lynn_conway_us5046022_printrescancolor300/6050_scans-patents_lynn-conway-us5046022-rescan-color_p022_2479x3230.jpg	6050	scans-patents	lynn-conway-us5046022-rescan-color_p022	2479	3230	jpg	1603388	page_022.jpg	uspto	PD	lynn-conway	22	us5046022	rescan-color
lynn_conway_us5046022_printrescancolor300/6051_scans-patents_lynn-conway-us5046022-rescan-color_p023_2479x3230.jpg	6051	scans-patents	lynn-conway-us5046022-rescan-color_p023	2479	3230	jpg	1445483	page_023.jpg	uspto	PD	lynn-conway	23	us5046022	rescan-color
lynn_conway_us5046022_printrescancolor300/6052_scans-patents_lynn-conway-us5046022-rescan-color_p024_2479x3230.jpg	6052	scans-patents	lynn-conway-us5046022-rescan-color_p024	2479	3230	jpg	1546580	page_024.jpg	uspto	PD	lynn-conway	24	us5046022	rescan-color
lynn_conway_us5046022_printrescancolor300/6053_scans-patents_lynn-conway-us5046022-rescan-color_p025_2479x3230.jpg	6053	scans-patents	lynn-conway-us5046022-rescan-color_p025	2479	3230	jpg	1335212	page_025.jpg	uspto	PD	lynn-conway	25	us5046022	rescan-color
lynn_conway_us5046022_printrescancolor300/6054_scans-patents_lynn-conway-us5046022-rescan-color_p026_2479x3230.jpg	6054	scans-patents	lynn-conway-us5046022-rescan-color_p026	2479	3230	jpg	1573043	page_026.jpg	uspto	PD	lynn-conway	26	us5046022	rescan-color
lynn_conway_us5046022_printrescancolor300/6055_scans-patents_lynn-conway-us5046022-rescan-color_p027_2479x3230.jpg	6055	scans-patents	lynn-conway-us5046022-rescan-color_p027	2479	3230	jpg	698567	page_027.jpg	uspto	PD	lynn-conway	27	us5046022	rescan-color
lynn_conway_us5046022_printrescancolor300/6056_scans-patents_lynn-conway-us5046022-rescan-color_p028_2479x3230.jpg	6056	scans-patents	lynn-conway-us5046022-rescan-color_p028	2479	3230	jpg	868914	page_028.jpg	uspto	PD	lynn-conway	28	us5046022	rescan-color
lynn_conway_us5046022_printrescancolor300/6057_scans-patents_lynn-conway-us5046022-rescan-color_p029_2479x3230.jpg	6057	scans-patents	lynn-conway-us5046022-rescan-color_p029	2479	3230	jpg	443403	page_029.jpg	uspto	PD	lynn-conway	29	us5046022	rescan-color
lynn_conway_us5046022_printrescancolor300/6058_scans-patents_lynn-conway-us5046022-rescan-color_p030_2479x3230.jpg	6058	scans-patents	lynn-conway-us5046022-rescan-color_p030	2479	3230	jpg	422835	page_030.jpg	uspto	PD	lynn-conway	30	us5046022	rescan-color
lynn_conway_us5046022_printrescangray300/6059_scans-patents_lynn-conway-us5046022-rescan-gray_p001_2479x3230.jpg	6059	scans-patents	lynn-conway-us5046022-rescan-gray_p001	2479	3230	jpg	962726	page_001.jpg	uspto	PD	lynn-conway	1	us5046022	rescan-gray
lynn_conway_us5046022_printrescangray300/6060_scans-patents_lynn-conway-us5046022-rescan-gray_p002_2479x3230.jpg	6060	scans-patents	lynn-conway-us5046022-rescan-gray_p002	2479	3230	jpg	615817	page_002.jpg	uspto	PD	lynn-conway	2	us5046022	rescan-gray
lynn_conway_us5046022_printrescangray300/6061_scans-patents_lynn-conway-us5046022-rescan-gray_p003_2479x3230.jpg	6061	scans-patents	lynn-conway-us5046022-rescan-gray_p003	2479	3230	jpg	506755	page_003.jpg	uspto	PD	lynn-conway	3	us5046022	rescan-gray
lynn_conway_us5046022_printrescangray300/6062_scans-patents_lynn-conway-us5046022-rescan-gray_p004_2479x3230.jpg	6062	scans-patents	lynn-conway-us5046022-rescan-gray_p004	2479	3230	jpg	614907	page_004.jpg	uspto	PD	lynn-conway	4	us5046022	rescan-gray
lynn_conway_us5046022_printrescangray300/6063_scans-patents_lynn-conway-us5046022-rescan-gray_p005_2479x3230.jpg	6063	scans-patents	lynn-conway-us5046022-rescan-gray_p005	2479	3230	jpg	598419	page_005.jpg	uspto	PD	lynn-conway	5	us5046022	rescan-gray
lynn_conway_us5046022_printrescangray300/6064_scans-patents_lynn-conway-us5046022-rescan-gray_p006_2479x3230.jpg	6064	scans-patents	lynn-conway-us5046022-rescan-gray_p006	2479	3230	jpg	570642	page_006.jpg	uspto	PD	lynn-conway	6	us5046022	rescan-gray
lynn_conway_us5046022_printrescangray300/6065_scans-patents_lynn-conway-us5046022-rescan-gray_p007_2479x3230.jpg	6065	scans-patents	lynn-conway-us5046022-rescan-gray_p007	2479	3230	jpg	520664	page_007.jpg	uspto	PD	lynn-conway	7	us5046022	rescan-gray
lynn_conway_us5046022_printrescangray300/6066_scans-patents_lynn-conway-us5046022-rescan-gray_p008_2479x3230.jpg	6066	scans-patents	lynn-conway-us5046022-rescan-gray_p008	2479	3230	jpg	623082	page_008.jpg	uspto	PD	lynn-conway	8	us5046022	rescan-gray
lynn_conway_us5046022_printrescangray300/6067_scans-patents_lynn-conway-us5046022-rescan-gray_p009_2479x3230.jpg	6067	scans-patents	lynn-conway-us5046022-rescan-gray_p009	2479	3230	jpg	1386576	page_009.jpg	uspto	PD	lynn-conway	9	us5046022	rescan-gray
lynn_conway_us5046022_printrescangray300/6068_scans-patents_lynn-conway-us5046022-rescan-gray_p010_2479x3230.jpg	6068	scans-patents	lynn-conway-us5046022-rescan-gray_p010	2479	3230	jpg	1495245	page_010.jpg	uspto	PD	lynn-conway	10	us5046022	rescan-gray
lynn_conway_us5046022_printrescangray300/6069_scans-patents_lynn-conway-us5046022-rescan-gray_p011_2479x3230.jpg	6069	scans-patents	lynn-conway-us5046022-rescan-gray_p011	2479	3230	jpg	1439265	page_011.jpg	uspto	PD	lynn-conway	11	us5046022	rescan-gray
lynn_conway_us5046022_printrescangray300/6070_scans-patents_lynn-conway-us5046022-rescan-gray_p012_2479x3230.jpg	6070	scans-patents	lynn-conway-us5046022-rescan-gray_p012	2479	3230	jpg	1571153	page_012.jpg	uspto	PD	lynn-conway	12	us5046022	rescan-gray
lynn_conway_us5046022_printrescangray300/6071_scans-patents_lynn-conway-us5046022-rescan-gray_p013_2479x3230.jpg	6071	scans-patents	lynn-conway-us5046022-rescan-gray_p013	2479	3230	jpg	1369042	page_013.jpg	uspto	PD	lynn-conway	13	us5046022	rescan-gray
lynn_conway_us5046022_printrescangray300/6072_scans-patents_lynn-conway-us5046022-rescan-gray_p014_2479x3230.jpg	6072	scans-patents	lynn-conway-us5046022-rescan-gray_p014	2479	3230	jpg	1600963	page_014.jpg	uspto	PD	lynn-conway	14	us5046022	rescan-gray
lynn_conway_us5046022_printrescangray300/6073_scans-patents_lynn-conway-us5046022-rescan-gray_p015_2479x3230.jpg	6073	scans-patents	lynn-conway-us5046022-rescan-gray_p015	2479	3230	jpg	1433386	page_015.jpg	uspto	PD	lynn-conway	15	us5046022	rescan-gray
lynn_conway_us5046022_printrescangray300/6074_scans-patents_lynn-conway-us5046022-rescan-gray_p016_2479x3230.jpg	6074	scans-patents	lynn-conway-us5046022-rescan-gray_p016	2479	3230	jpg	1564289	page_016.jpg	uspto	PD	lynn-conway	16	us5046022	rescan-gray
lynn_conway_us5046022_printrescangray300/6075_scans-patents_lynn-conway-us5046022-rescan-gray_p017_2479x3230.jpg	6075	scans-patents	lynn-conway-us5046022-rescan-gray_p017	2479	3230	jpg	1409134	page_017.jpg	uspto	PD	lynn-conway	17	us5046022	rescan-gray
lynn_conway_us5046022_printrescangray300/6076_scans-patents_lynn-conway-us5046022-rescan-gray_p018_2479x3230.jpg	6076	scans-patents	lynn-conway-us5046022-rescan-gray_p018	2479	3230	jpg	1494628	page_018.jpg	uspto	PD	lynn-conway	18	us5046022	rescan-gray
lynn_conway_us5046022_printrescangray300/6077_scans-patents_lynn-conway-us5046022-rescan-gray_p019_2479x3230.jpg	6077	scans-patents	lynn-conway-us5046022-rescan-gray_p019	2479	3230	jpg	1439294	page_019.jpg	uspto	PD	lynn-conway	19	us5046022	rescan-gray
lynn_conway_us5046022_printrescangray300/6078_scans-patents_lynn-conway-us5046022-rescan-gray_p020_2479x3230.jpg	6078	scans-patents	lynn-conway-us5046022-rescan-gray_p020	2479	3230	jpg	1558656	page_020.jpg	uspto	PD	lynn-conway	20	us5046022	rescan-gray
lynn_conway_us5046022_printrescangray300/6079_scans-patents_lynn-conway-us5046022-rescan-gray_p021_2479x3230.jpg	6079	scans-patents	lynn-conway-us5046022-rescan-gray_p021	2479	3230	jpg	1426905	page_021.jpg	uspto	PD	lynn-conway	21	us5046022	rescan-gray
lynn_conway_us5046022_printrescangray300/6080_scans-patents_lynn-conway-us5046022-rescan-gray_p022_2479x3230.jpg	6080	scans-patents	lynn-conway-us5046022-rescan-gray_p022	2479	3230	jpg	1458624	page_022.jpg	uspto	PD	lynn-conway	22	us5046022	rescan-gray
lynn_conway_us5046022_printrescangray300/6081_scans-patents_lynn-conway-us5046022-rescan-gray_p023_2479x3230.jpg	6081	scans-patents	lynn-conway-us5046022-rescan-gray_p023	2479	3230	jpg	1333103	page_023.jpg	uspto	PD	lynn-conway	23	us5046022	rescan-gray
lynn_conway_us5046022_printrescangray300/6082_scans-patents_lynn-conway-us5046022-rescan-gray_p024_2479x3230.jpg	6082	scans-patents	lynn-conway-us5046022-rescan-gray_p024	2479	3230	jpg	1402194	page_024.jpg	uspto	PD	lynn-conway	24	us5046022	rescan-gray
lynn_conway_us5046022_printrescangray300/6083_scans-patents_lynn-conway-us5046022-rescan-gray_p025_2479x3230.jpg	6083	scans-patents	lynn-conway-us5046022-rescan-gray_p025	2479	3230	jpg	1241701	page_025.jpg	uspto	PD	lynn-conway	25	us5046022	rescan-gray
lynn_conway_us5046022_printrescangray300/6084_scans-patents_lynn-conway-us5046022-rescan-gray_p026_2479x3230.jpg	6084	scans-patents	lynn-conway-us5046022-rescan-gray_p026	2479	3230	jpg	1430545	page_026.jpg	uspto	PD	lynn-conway	26	us5046022	rescan-gray
lynn_conway_us5046022_printrescangray300/6085_scans-patents_lynn-conway-us5046022-rescan-gray_p027_2479x3230.jpg	6085	scans-patents	lynn-conway-us5046022-rescan-gray_p027	2479	3230	jpg	650174	page_027.jpg	uspto	PD	lynn-conway	27	us5046022	rescan-gray
lynn_conway_us5046022_printrescangray300/6086_scans-patents_lynn-conway-us5046022-rescan-gray_p028_2479x3230.jpg	6086	scans-patents	lynn-conway-us5046022-rescan-gray_p028	2479	3230	jpg	693847	page_028.jpg	uspto	PD	lynn-conway	28	us5046022	rescan-gray
lynn_conway_us5046022_printrescangray300/6087_scans-patents_lynn-conway-us5046022-rescan-gray_p029_2479x3230.jpg	6087	scans-patents	lynn-conway-us5046022-rescan-gray_p029	2479	3230	jpg	392013	page_029.jpg	uspto	PD	lynn-conway	29	us5046022	rescan-gray
lynn_conway_us5046022_printrescangray300/6088_scans-patents_lynn-conway-us5046022-rescan-gray_p030_2479x3230.jpg	6088	scans-patents	lynn-conway-us5046022-rescan-gray_p030	2479	3230	jpg	236165	page_030.jpg	uspto	PD	lynn-conway	30	us5046022	rescan-gray
martha_jones_us77494_1bitoriginal/6089_scans-patents_martha-jones-us77494-1bit_p001_2320x3408.png	6089	scans-patents	martha-jones-us77494-1bit_p001	2320	3408	png	58270	page_001.png	uspto	PD	martha-jones	1	us77494	1bit
martha_jones_us77494_1bitoriginal/6090_scans-patents_martha-jones-us77494-1bit_p002_2320x3408.png	6090	scans-patents	martha-jones-us77494-1bit_p002	2320	3408	png	119901	page_002.png	uspto	PD	martha-jones	2	us77494	1bit
martha_jones_us77494_1bitoriginal/6091_scans-patents_martha-jones-us77494-1bit_p003_2320x3408.png	6091	scans-patents	martha-jones-us77494-1bit_p003	2320	3408	png	47259	page_003.png	uspto	PD	martha-jones	3	us77494	1bit
martha_jones_us77494_printrescancolor300/6092_scans-patents_martha-jones-us77494-rescan-color_p001_2479x3230.jpg	6092	scans-patents	martha-jones-us77494-rescan-color_p001	2479	3230	jpg	550726	page_001.jpg	uspto	PD	martha-jones	1	us77494	rescan-color
martha_jones_us77494_printrescancolor300/6093_scans-patents_martha-jones-us77494-rescan-color_p002_2479x3230.jpg	6093	scans-patents	martha-jones-us77494-rescan-color_p002	2479	3230	jpg	1095764	page_002.jpg	uspto	PD	martha-jones	2	us77494	rescan-color
martha_jones_us77494_printrescancolor300/6094_scans-patents_martha-jones-us77494-rescan-color_p003_2479x3230.jpg	6094	scans-patents	martha-jones-us77494-rescan-color_p003	2479	3230	jpg	523661	page_003.jpg	uspto	PD	martha-jones	3	us77494	rescan-color
martha_jones_us77494_printrescangrayscale300/6095_scans-patents_martha-jones-us77494-rescan-gray_p001_2479x3230.jpg	6095	scans-patents	martha-jones-us77494-rescan-gray_p001	2479	3230	jpg	418828	page_001.jpg	uspto	PD	martha-jones	1	us77494	rescan-gray
martha_jones_us77494_printrescangrayscale300/6096_scans-patents_martha-jones-us77494-rescan-gray_p002_2479x3230.jpg	6096	scans-patents	martha-jones-us77494-rescan-gray_p002	2479	3230	jpg	939933	page_002.jpg	uspto	PD	martha-jones	2	us77494	rescan-gray
martha_jones_us77494_printrescangrayscale300/6097_scans-patents_martha-jones-us77494-rescan-gray_p003_2479x3230.jpg	6097	scans-patents	martha-jones-us77494-rescan-gray_p003	2479	3230	jpg	400837	page_003.jpg	uspto	PD	martha-jones	3	us77494	rescan-gray
yvonne_brill_us3807657_1bitoriginal/6098_scans-patents_yvonne-brill-us3807657-1bit_p001_2320x3408.png	6098	scans-patents	yvonne-brill-us3807657-1bit_p001	2320	3408	png	99115	page_001.png	uspto	PD	yvonne-brill	1	us3807657	1bit
yvonne_brill_us3807657_1bitoriginal/6099_scans-patents_yvonne-brill-us3807657-1bit_p002_2320x3408.png	6099	scans-patents	yvonne-brill-us3807657-1bit_p002	2320	3408	png	52812	page_002.png	uspto	PD	yvonne-brill	2	us3807657	1bit
yvonne_brill_us3807657_1bitoriginal/6100_scans-patents_yvonne-brill-us3807657-1bit_p003_2320x3408.png	6100	scans-patents	yvonne-brill-us3807657-1bit_p003	2320	3408	png	91135	page_003.png	uspto	PD	yvonne-brill	3	us3807657	1bit
yvonne_brill_us3807657_1bitoriginal/6101_scans-patents_yvonne-brill-us3807657-1bit_p004_2320x3408.png	6101	scans-patents	yvonne-brill-us3807657-1bit_p004	2320	3408	png	182961	page_004.png	uspto	PD	yvonne-brill	4	us3807657	1bit
yvonne_brill_us3807657_1bitoriginal/6102_scans-patents_yvonne-brill-us3807657-1bit_p005_2320x3408.png	6102	scans-patents	yvonne-brill-us3807657-1bit_p005	2320	3408	png	176990	page_005.png	uspto	PD	yvonne-brill	5	us3807657	1bit
yvonne_brill_us3807657_1bitoriginal/6103_scans-patents_yvonne-brill-us3807657-1bit_p006_2320x3408.png	6103	scans-patents	yvonne-brill-us3807657-1bit_p006	2320	3408	png	185643	page_006.png	uspto	PD	yvonne-brill	6	us3807657	1bit
yvonne_brill_us3807657_1bitoriginal/6104_scans-patents_yvonne-brill-us3807657-1bit_p007_2320x3408.png	6104	scans-patents	yvonne-brill-us3807657-1bit_p007	2320	3408	png	111707	page_007.png	uspto	PD	yvonne-brill	7	us3807657	1bit
yvonne_brill_us3807657_printrescancolor300/6105_scans-patents_yvonne-brill-us3807657-rescan-color_p001_2479x3230.jpg	6105	scans-patents	yvonne-brill-us3807657-rescan-color_p001	2479	3230	jpg	793716	page_001.jpg	uspto	PD	yvonne-brill	1	us3807657	rescan-color
yvonne_brill_us3807657_printrescancolor300/6106_scans-patents_yvonne-brill-us3807657-rescan-color_p002_2479x3230.jpg	6106	scans-patents	yvonne-brill-us3807657-rescan-color_p002	2479	3230	jpg	730338	page_002.jpg	uspto	PD	yvonne-brill	2	us3807657	rescan-color
yvonne_brill_us3807657_printrescancolor300/6107_scans-patents_yvonne-brill-us3807657-rescan-color_p003_2479x3230.jpg	6107	scans-patents	yvonne-brill-us3807657-rescan-color_p003	2479	3230	jpg	1428143	page_003.jpg	uspto	PD	yvonne-brill	3	us3807657	rescan-color
yvonne_brill_us3807657_printrescancolor300/6108_scans-patents_yvonne-brill-us3807657-rescan-color_p004_2479x3230.jpg	6108	scans-patents	yvonne-brill-us3807657-rescan-color_p004	2479	3230	jpg	916020	page_004.jpg	uspto	PD	yvonne-brill	4	us3807657	rescan-color
yvonne_brill_us3807657_printrescangray300/6109_scans-patents_yvonne-brill-us3807657-rescan-gray_p001_2479x3230.jpg	6109	scans-patents	yvonne-brill-us3807657-rescan-gray_p001	2479	3230	jpg	715343	page_001.jpg	uspto	PD	yvonne-brill	1	us3807657	rescan-gray
yvonne_brill_us3807657_printrescangray300/6110_scans-patents_yvonne-brill-us3807657-rescan-gray_p002_2479x3230.jpg	6110	scans-patents	yvonne-brill-us3807657-rescan-gray_p002	2479	3230	jpg	657952	page_002.jpg	uspto	PD	yvonne-brill	2	us3807657	rescan-gray
yvonne_brill_us3807657_printrescangray300/6111_scans-patents_yvonne-brill-us3807657-rescan-gray_p003_2479x3230.jpg	6111	scans-patents	yvonne-brill-us3807657-rescan-gray_p003	2479	3230	jpg	1333914	page_003.jpg	uspto	PD	yvonne-brill	3	us3807657	rescan-gray
yvonne_brill_us3807657_printrescangray300/6112_scans-patents_yvonne-brill-us3807657-rescan-gray_p004_2479x3230.jpg	6112	scans-patents	yvonne-brill-us3807657-rescan-gray_p004	2479	3230	jpg	844153	page_004.jpg	uspto	PD	yvonne-brill	4	us3807657	rescan-gray
