file	png	jxl	webp
1000.scale32x24.png	2016	1532	1622
1020.scale24x32.png	1853	1414	1662
1018.scale36x48.png	5295	4070	4438
1014.scale48x36.png	3680	2856	3164
1016.scale72x128.png	15321	12658	12758
1034.scale24x32.png	2356	1821	2006
1004.scale96x128.png	20058	15361	16200
1000.scale128x96.png	24210	17820	17732
1012.scale90x128.png	23125	13426	14130
1028.scale72x128.png	22479	14759	15474
1034.scale36x48.png	4745	3777	4048
1008.scale96x128.png	27416	18290	18914
1030.scale96x128.png	21466	13215	14306
1014.scale128x96.png	20284	15013	16086
1024.scale96x128.png	33238	20510	21560
1022.scale96x128.png	37060	25243	25990
1026.scale96x128.png	28497	18058	18926
1010.scale96x128.png	31185	21986	22514
1032.scale128x96.png	30915	22468	23276
1002.scale128x96.png	23523	16754	17594
1020.scale96x128.png	24881	18240	18938
1038.scale96x128.png	26000	16226	16820
1006.scale96x128.png	23413	16809	18220
1036.scale96x128.png	27922	17644	18152
1044.scale96x128.png	21738	13897	14830
1040.scale96x128.png	25095	17594	18316
1042.scale128x96.png	31496	20621	21516
1034.scale96x128.png	26891	21754	22264
1018.scale96x128.png	33731	25823	26960
1046.scale128x96.png	25816	18138	19018
1050.scale128x96.png	23886	15868	16858
1060.scale96x128.png	25396	17154	18016
1068.scale24x32.png	2149	1804	1936
1048.scale96x128.png	18134	11380	12276
1064.scale96x128.png	23444	16348	17372
1058.scale96x128.png	30248	17861	18524
1052.scale96x128.png	26213	18655	19044
1062.scale96x128.png	19085	13320	13864
1066.scale96x128.png	29288	19537	20262
1054.scale96x128.png	28733	18271	19022
1056.scale96x128.png	25942	17931	18936
1200.scale128x96.png	32897	21957	22480
1206.scale96x128.png	27600	16338	16884
1068.scale96x128.png	24573	21748	21084
1208.scale96x128.png	28948	19365	19486
1204.scale96x128.png	31178	21062	21832
1070.scale128x96.png	30747	19984	20822
1210.scale96x128.png	26626	17083	17952
1068.scale192x256.png	85711	73528	72380
1202.scale96x128.png	29546	21414	22178
1218.scale96x128.png	23017	14701	15206
1222.scale128x96.png	24008	17191	17490
1226.scale128x96.png	24257	16368	17044
1214.scale108x128.png	38375	25246	25582
1216.scale96x128.png	31393	20827	21564
1224.scale128x96.png	24978	15189	15646
1212.scale96x128.png	32691	22864	22940
1228.scale128x96.png	28231	20319	20954
1220.scale96x128.png	31726	21264	21758
1232.scale96x128.png	27645	18672	19666
1230.scale96x128.png	23979	16705	17610
1068.scale384x512.png	304380	241035	253486
1234.scale96x128.png	27577	18210	18962
1242.scale96x128.png	25421	16558	17114
1238.scale96x128.png	22533	16041	16018
1240.scale96x128.png	26563	19123	19128
1406.scale32x18.png	1586	1217	1418
1400.scale128x96.png	17660	11105	11802
1236.scale96x128.png	28720	19340	20134
1402.scale128x96.png	22485	15543	16006
1244.scale96x128.png	26882	17749	18778
1406.scale128x72.png	21162	16527	17302
1404.scale128x96.png	26635	17881	19402
1416.scale48x36.png	3023	2331	2588
1246.scale128x96.png	36476	22613	23388
1248.scale99x128.png	30703	20495	21058
1410.scale128x96.png	21019	15019	15406
1412.scale128x96.png	29916	19729	21018
1408.scale128x96.png	24946	17038	18254
1416.scale128x96.png	16584	12308	12906
1414.scale128x96.png	27387	21155	22096
1426.scale96x128.png	16885	11694	12312
1424.scale96x128.png	35110	22703	23866
1420.scale96x128.png	35398	25432	26538
1430.scale96x128.png	31341	21916	23504
1432.scale96x128.png	30667	22868	24202
1418.scale96x128.png	35791	26464	27486
1438.scale48x64.png	8970	7147	7504
1428.scale96x128.png	27747	20163	21368
1422.scale96x128.png	33895	24014	25662
1434.scale96x128.png	26128	18672	19866
1442.scale128x96.png	16276	12001	13102
1436.scale96x128.png	33720	25124	26492
1446.scale128x60.png	13670	8995	9574
1440.scale96x128.png	30695	22083	22804
1448.scale60x128.png	12922	8510	8640
1438.scale96x128.png	31079	23976	25300
1450.scale128x60.png	12097	8402	8528
1452.scale60x128.png	13523	9802	10108
1454.scale128x96.png	17080	12234	12758
1456.scale96x128.png	23729	14816	15256
1460.scale24x32.png	2404	1893	2126
1462.scale96x128.png	22162	12880	13422
1460.scale96x128.png	35634	25329	26806
1464.scale96x128.png	37060	27610	28770
1466.scale48x36.png	2949	1813	2052
1466.scale128x96.png	15500	9760	10532
1034.scale576x768.png	912895	583433	620546
1468.scale96x128.png	23312	13545	14016
1470.scale96x128.png	20749	14924	15478
1476.scale24x32.png	1261	1063	1202
1472.scale128x96.png	19578	13635	14082
1476.scale96x128.png	15124	11366	11528
1474.scale96x128.png	22152	15652	15864
1480.scale128x96.png	15603	10947	11678
1478.scale128x96.png	20235	14539	14368
1482.scale96x128.png	23201	16035	16670
1484.scale96x128.png	17077	11707	12368
1486.scale96x128.png	23425	14420	15536
1488.scale96x128.png	17944	11556	12474
1490.scale96x128.png	21193	12546	13414
1492.scale96x128.png	26860	19281	19594
1494.scale128x96.png	18390	12574	13216
1442.scale768x576.png	387317	224548	260868
1498.scale36x48.png	4616	3409	3744
1496.scale128x104.png	22165	15915	16706
1498.scale96x128.png	31265	21757	23128
1500.scale128x96.png	29051	14352	15288
1502.scale96x128.png	24172	15041	15442
1506.scale128x96.png	21518	13332	13850
1510.scale24x32.png	2404	1833	2088
1504.scale128x96.png	25773	16910	17372
1508.scale128x96.png	23244	14869	15666
1512.scale48x64.png	9348	6828	7228
1510.scale96x128.png	34134	24148	25464
1042.scale1536x1152.png	5209486	2492735	2696082
1512.scale96x128.png	34348	24002	24896
1514.scale96x128.png	36221	25216	25774
1516.scale91x128.png	20561	13622	15026
1518.scale96x128.png	35011	25734	26318
1520.scale96x128.png	33040	23810	24690
1526.scale24x32.png	2404	1938	2178
1044.scale1536x2048.png	7716531	3105970	3555052
1522.scale96x72.png	18645	14354	14756
1442.scale2048x1536.png	2088027	1004427	1288340
1524.scale96x128.png	34798	25456	26130
1522.scale128x96.png	32122	24441	25174
1530.scale96x128.png	20466	13277	13464
1528.scale128x96.png	36450	23976	25306
1526.scale96x128.png	36315	27485	29082
1540.scale36x48.png	5300	4074	4340
1532.scale96x128.png	34050	23180	24540
1534.scale96x128.png	35112	24432	26036
1536.scale96x128.png	33516	22062	23150
1538.scale96x128.png	24713	15790	15996
1544.scale96x128.png	26703	17706	19162
1540.scale96x128.png	37060	26946	27898
1014.scale1536x1152.png	2645131	1473630	1614030
1548.scale36x48.png	5300	3932	4196
1542.scale96x128.png	37060	27082	28114
1546.scale96x128.png	21958	15946	17080
1548.scale72x96.png	20900	15225	15988
1550.scale96x128.png	18415	13763	14278
1548.scale96x128.png	37060	26244	27300
1552.scale128x93.png	11927	8356	8644
1552.scale32x23.png	1068	872	916
1554.scale94x128.png	17322	10781	11344
1556.scale60x128.png	19863	10465	11234
1048.scale3000x4000.png	9054781	4514046	5243942
1600.scale32x24.png	2396	1632	1820
1600.scale128x96.png	27882	18490	19508
1552.scale1024x745.png	707977	449807	472118
1602.scale128x96.png	24679	19049	19834
1604.scale96x128.png	26030	18765	20018
1606.scale128x79.png	27108	20455	21488
1608.scale128x96.png	23714	16001	16676
1612.scale128x96.png	27822	18964	20110
1610.scale96x128.png	27975	19117	20114
1614.scale128x96.png	30419	18195	18748
1616.scale128x96.png	24294	15237	16182
1448.scale1435x3072.png	7813411	3497437	4029768
1618.scale96x128.png	28256	18594	19684
1620.scale96x128.png	24485	16022	17040
1622.scale96x128.png	24288	17986	18632
1624.scale128x96.png	28645	18791	19714
1442.scale4000x3000.png	5444373	2313335	2649872
1626.scale96x128.png	20820	14319	14788
1628.scale96x128.png	29005	19378	20492
1630.scale128x96.png	27692	19236	19962
1632.scale96x128.png	21760	15238	15406
1634.scale96x128.png	26582	18225	18686
1636.scale128x96.png	26873	18460	18848
1640.scale96x128.png	28294	19114	20056
1638.scale96x128.png	27774	19263	20286
2004.scale21x32.png	1898	1316	1476
2000.scale85x128.png	20595	13170	14008
2002.scale85x128.png	23857	16155	16674
1552.scale1924x1400.png	2671798	1219312	1264842
2004.scale85x128.png	20729	14261	15068
2008.scale102x128.png	22203	13812	14784
2006.scale85x128.png	22570	15854	16920
2012.scale48x36.png	4021	1249	1316
2012.scale128x96.png	22730	6876	6970
1016.scale1730x3072.png	7605142	4511252	5066608
2010.scale102x128.png	30758	22375	22910
2014.scale128x85.png	18285	12654	13882
2016.scale85x128.png	16338	11496	11962
2018.scale128x128.png	37989	16185	17834
2022.scale32x48.png	4500	3243	3530
2020.scale85x128.png	26980	19486	20122
2022.scale85x128.png	26479	18991	19900
1026.scale3000x4000.png	22836588	10660607	12253448
2024.scale85x128.png	18870	12693	13296
2026.scale128x85.png	25255	18874	19296
2200.scale128x72.png	17708	10986	11444
2202.scale128x128.png	23297	15191	15762
1542.scale1536x2048.png	4631827	2695821	3130414
1042.scale4000x3000.png	28359467	10059797	11924272
1442.scale3072x2304.png	3973660	1855106	2371860
2204.scale72x128.png	22348	6463	6370
1232.scale3000x4000.png	16793926	8469600	10437998
2206.scale128x72.png	15858	12161	11852
2206.scale32x18.png	1357	982	1132
2206.scale96x54.png	9154	6992	6896
1068.scale2304x3072.png	8030223	5131050	6289514
2208.scale85x128.png	18584	13348	13382
2210.scale102x128.png	24534	10165	11620
1418.scale3000x4000.png	21064857	10714993	12127010
2210.scale410x512.png	484673	175559	193920
2212.scale128x96.png	20209	14324	14602
1482.scale3000x4000.png	21111089	10737226	11742800
2206.scale1536x864.png	2374724	1686448	1788336
2400.scale36x48.png	2350	1968	1950
1546.scale3024x4032.png	13297594	6229179	6992572
1600.scale4032x3024.png	9643036	4341644	5207176
2400.scale96x128.png	14038	10898	10732
2402.scale96x128.png	19635	13555	14540
2400.scale766x1024.png	778360	585730	582354
2404.scale128x128.png	41226	28800	29312
2210.scale1638x2048.png	5150002	2219253	2786538
2404.scale64x64.png	10651	7578	7552
2404.scale1024x1024.png	2745606	1729949	1779074
2406.scale96x128.png	29684	21673	22884
2408.scale96x128.png	25365	18891	19090
3000.scale72x128.png	12908	8776	9416
3002.scale105x128.png	22434	17216	17308
3004.scale96x128.png	17717	12040	12850
2204.scale1728x3072.png	6700791	1369838	1643630
3006.scale128x95.png	25613	16880	17158
3008.scale128x92.png	23376	17024	17806
3010.scale100x128.png	29054	24747	24962
3012.scale128x102.png	21169	15539	16466
3012.scale32x25.png	1714	1219	1358
3014.scale128x106.png	16025	8991	10352
3300.scale37x48.png	3803	2811	2934
3300.scale97x128.png	21487	16103	16304
3302.scale128x86.png	22081	6442	6800
2004.scale2945x4417.png	31485158	14319532	16534638
2018.scale3072x3072.png	11229507	4053724	4883268
3304.scale102x128.png	19973	11290	12424
3308.scale128x90.png	26092	14029	14308
3306.scale128x128.png	32805	22990	24170
3312.scale101x128.png	14341	8054	9242
3310.scale128x96.png	21070	15309	16260
3314.scale128x90.png	17735	5445	5662
1034.scale2574x3432.png	14126592	6875499	8628936
3316.scale128x84.png	17084	12118	12650
3318.scale124x128.png	22891	16317	16904
2202.scale3000x3000.png	14715751	6876875	6257092
3320.scale128x72.png	16906	13625	14156
2400.scale3062x4096.png	10868487	7197642	7081152
3322.scale96x128.png	22392	16671	16740
3320.scale1024x573.png	1450384	1025300	1048086
5000.scale91x128.png	27149	19591	20094
5002.scale93x128.png	19494	12947	14254
5004.scale128x91.png	20909	14673	15334
1528.scale5712x4284.png	26760887	8684331	10524394
5006.scale34x48.png	2934	2174	2280
2010.scale3944x4930.png	40423423	17878562	21986884
3302.scale2362x1585.png	9473786	2715907	2689160
5006.scale91x128.png	20507	14469	15092
5008.scale99x128.png	18667	12356	12742
5010.scale89x128.png	21533	13930	14386
5014.scale128x34.png	7966	5687	5986
5012.scale128x128.png	32315	18011	17978
5014.scale32x8.png	645	443	528
5014.scale256x68.png	29868	20364	21258
5014.scale768x204.png	237845	149831	154114
1454.scale8160x6120.png	31579584	10936403	12208960
2018.scale4774x4774.png	22513933	7063763	7295990
5016.scale128x69.png	17647	13699	13216
5016.scale32x17.png	1393	1046	1188
2210.scale4000x5000.png	28876894	10688527	13051352
5016.scale384x206.png	112614	80092	76974
5018.scale128x118.png	21816	17261	17546
3010.scale2411x3072.png	14779478	9622674	10583652
5020.scale128x50.png	9819	7186	7626
1540.scale4284x5712.png	31657656	11435898	14131534
5022.scale128x99.png	27221	15897	17058
3312.scale3150x4000.png	16376359	6728738	6614760
5024.scale78x128.png	14753	7860	8368
5026.scale109x128.png	22960	16440	17166
5030.scale91x128.png	26024	17516	18132
5028.scale91x128.png	26375	17584	18174
5032.scale103x128.png	12468	8573	8470
5034.scale29x48.png	2057	784	822
5034.scale78x128.png	11231	4254	4246
5020.scale1024x402.png	544310	321822	346150
5036.scale83x128.png	15670	6757	7602
5038.scale78x128.png	18618	7937	9172
5040.scale99x128.png	20190	6453	7138
5042.scale99x128.png	23990	7729	8174
5044.scale99x128.png	12575	4603	4742
5046.scale128x99.png	16221	6425	6232
5048.scale78x128.png	14734	6164	6872
5050.scale128x78.png	16305	5851	6654
5052.scale78x128.png	10140	3712	3822
5014.scale4096x1086.png	4215215	2317675	2643514
5054.scale78x128.png	10003	3672	3722
5056.scale37x48.png	2495	1010	1174
5056.scale99x128.png	15388	5752	5852
5058.scale25x32.png	1420	561	674
5058.scale99x128.png	17976	6485	6704
5200.scale99x128.png	16664	10656	11138
5202.scale99x128.png	16516	8285	8562
5204.scale99x128.png	20151	13227	13540
5206.scale99x128.png	15572	5525	5624
5208.scale99x128.png	16190	8214	8428
2404.scale3024x3024.png	22489582	12145265	13400312
5210.scale99x128.png	16430	8487	8586
5212.scale99x128.png	12157	5272	5472
5214.scale99x128.png	13970	6112	6094
5032.scale2590x3209.png	1049316	530698	371674
5052.scale933x1536.png	895560	280189	266738
5216.scale99x128.png	20801	13012	13148
5220.scale99x128.png	8441	4090	4126
5218.scale99x128.png	17917	7715	8020
5222.scale99x128.png	6578	3524	3544
5224.scale99x128.png	10025	4942	4888
2200.scale7680x4320.png	21236637	7882657	8903628
5302.scale25x32.png	1096	726	828
5300.scale99x128.png	13867	7789	7934
5304.scale99x128.png	16665	5365	5358
5214.scale791x1024.png	453321	147379	144136
5302.scale99x128.png	12007	7165	6652
5306.scale99x128.png	17744	5836	5830
5310.scale99x128.png	5989	2839	2896
5308.scale99x128.png	12525	7470	7160
5312.scale99x128.png	13232	7397	7784
5314.scale37x48.png	2469	1814	1872
5314.scale593x768.png	278312	165704	163050
5314.scale99x128.png	13359	8678	8756
5316.scale128x99.png	8915	5098	4996
3320.scale3841x2149.png	19919659	12013524	12929964
5318.scale99x128.png	11358	6658	7192
5320.scale99x128.png	10622	6404	6076
5322.scale99x128.png	10627	5349	5602
5324.scale99x128.png	7454	4242	4604
5326.scale99x128.png	13060	7658	7510
5328.scale128x99.png	13715	9531	9944
5330.scale99x128.png	11081	5510	4892
5332.scale99x128.png	10739	6814	6606
5334.scale99x128.png	10079	5550	5704
5336.scale99x128.png	10162	5174	4522
5338.scale99x128.png	12906	6460	6178
5340.scale99x128.png	3661	1624	1648
5006.scale2896x4096.png	12644436	5992562	7190790
5302.scale1583x2048.png	1188849	575717	635350
6000.scale87x128.png	13344	4016	4168
5342.scale99x128.png	6533	3618	3358
6002.scale87x128.png	10742	3189	3214
6004.scale87x128.png	11611	3451	3626
6006.scale87x128.png	11066	3229	3338
6008.scale87x128.png	15774	4608	4738
5328.scale1024x791.png	578994	359497	382110
5222.scale2968x3841.png	681140	229898	188484
6014.scale33x48.png	1991	610	674
6010.scale87x128.png	16156	4639	4806
6012.scale87x128.png	15979	4712	4870
6014.scale87x128.png	16462	4842	4884
6016.scale87x128.png	16126	4709	4854
6018.scale87x128.png	16912	4878	4954
6020.scale87x128.png	16866	4921	4968
6022.scale87x128.png	15683	4644	4686
6026.scale87x128.png	7462	2165	2252
6024.scale87x128.png	14979	4444	4572
6028.scale87x128.png	5265	1767	1772
5314.scale1583x2048.png	1216911	733417	771812
6030.scale98x128.png	13929	6401	6180
6032.scale98x128.png	15306	6907	6752
6034.scale98x128.png	14576	6785	6508
6036.scale98x128.png	15924	7512	7400
5036.scale3300x5100.png	8729629	2621142	2741586
6038.scale98x128.png	18161	8487	8470
6040.scale98x128.png	18871	8709	8452
5020.scale4096x1609.png	4819199	2814266	3239814
6042.scale98x128.png	19428	8811	9110
6044.scale98x128.png	19517	8911	9084
6048.scale98x128.png	19524	8763	8924
6046.scale98x128.png	19193	8749	9100
6050.scale98x128.png	19227	8810	8792
6052.scale98x128.png	18273	8407	8718
6054.scale98x128.png	18368	8540	8762
6056.scale98x128.png	14151	7105	7492
5314.scale2550x3300.png	2232648	1333651	1398018
6058.scale25x32.png	664	239	280
6058.scale37x48.png	1282	449	530
6058.scale98x128.png	9568	3445	3742
6028.scale2320x3408.png	197502	27604	27712
3314.scale4000x2826.png	20805257	5942785	5998530
6060.scale98x128.png	12218	3556	3720
6062.scale98x128.png	12415	3574	3766
6064.scale98x128.png	11491	3355	3616
6070.scale98x128.png	17712	5036	5164
6068.scale98x128.png	17267	4992	5142
6066.scale98x128.png	12792	3760	3964
6076.scale25x32.png	1061	366	370
6072.scale98x128.png	18043	5270	5420
6074.scale98x128.png	18072	5202	5410
6076.scale98x128.png	17538	5096	5264
6078.scale98x128.png	18303	5282	5312
6080.scale98x128.png	17816	5174	5248
6082.scale98x128.png	16601	4824	5090
6084.scale98x128.png	16816	4951	5152
6086.scale98x128.png	11086	3459	3616
6090.scale87x128.png	10786	3255	3270
6088.scale98x128.png	3317	762	968
6094.scale98x128.png	8329	3305	3420
6092.scale98x128.png	10848	4286	4538
6008.scale2320x3408.png	696522	125260	163742
6096.scale98x128.png	13309	3997	3982
6098.scale87x128.png	10559	3240	3372
6018.scale1046x1536.png	1439149	380088	381716
6100.scale87x128.png	9129	2740	3102
6042.scale786x1024.png	1307581	654465	758634
6104.scale87x128.png	10729	3175	3284
6102.scale87x128.png	16357	4739	4812
6110.scale98x128.png	9835	2885	3328
6106.scale98x128.png	9963	4480	4824
6108.scale98x128.png	11701	5049	4880
6112.scale98x128.png	11420	3354	3482
6600.scale33x48.png	4168	3036	3270
6600.scale89x128.png	27145	19672	20582
6602.scale175x256.png	97672	75145	77270
6602.scale87x128.png	25495	19783	20382
6012.scale2091x3072.png	3273034	976332	869232
2212.scale6144x4608.png	31097920	14787599	13346974
6090.scale2320x3408.png	468523	81164	104422
6102.scale2320x3408.png	648486	123008	157338
6604.scale86x128.png	25049	13721	14516
6110.scale2479x3230.png	3597781	953684	1076212
5014.scale9355x2481.png	11641341	5245258	6103150
6606.scale22x32.png	1983	1462	1470
6606.scale176x256.png	97597	73224	72106
6058.scale2358x3072.png	3915804	2084941	1921258
6606.scale33x48.png	4159	3119	3158
6606.scale265x384.png	216089	161228	162300
6606.scale66x96.png	15088	11237	11242
6606.scale88x128.png	25922	19312	19156
6608.scale128x102.png	23742	15066	15154
6604.scale1382x2048.png	7446296	5211236	5286030
6610.scale128x101.png	22089	14019	14136
6602.scale1396x2048.png	5699344	4317107	4790044
6612.scale88x128.png	19526	16000	15852
6616.scale44x64.png	5929	5007	5058
6618.scale85x128.png	14221	10470	10802
6614.scale86x128.png	20258	15331	15490
6056.scale2358x3072.png	6187611	3142074	3694060
6624.scale21x32.png	1726	1356	1414
6616.scale88x128.png	22150	17516	17746
6624.scale31x48.png	3479	2772	2712
6622.scale85x128.png	15773	11706	12240
6620.scale85x128.png	14942	11285	11640
6624.scale83x128.png	20913	16467	15356
6626.scale83x128.png	18628	13966	14112
6628.scale128x123.png	25728	15806	16264
6040.scale2358x3072.png	9354618	4882604	5854260
6630.scale128x119.png	21520	13767	14466
6632.scale128x117.png	19610	12413	13142
6634.scale110x128.png	16813	10394	11448
6800.scale83x128.png	11399	5346	6282
6802.scale85x128.png	9849	4570	5312
6804.scale85x128.png	14639	7609	8824
6606.scale1059x1536.png	3365188	2659634	2774140
6806.scale128x101.png	19806	13013	13354
6808.scale128x100.png	22471	14308	14524
2204.scale4320x7680.png	33690208	8082029	9699860
6810.scale85x128.png	14504	9502	9958
6812.scale85x128.png	15196	9746	9938
6814.scale85x128.png	12298	7944	8488
6816.scale86x128.png	14796	9565	9880
5018.scale5650x5200.png	15302856	7494722	9303530
6820.scale88x128.png	16045	10792	11556
6818.scale87x128.png	16646	10424	10692
6826.scale22x32.png	899	632	660
6822.scale88x128.png	15469	9908	10378
6824.scale88x128.png	15963	10656	11092
6826.scale66x96.png	6980	4974	5094
6826.scale88x128.png	12394	8771	9346
6826.scale263x384.png	111639	69502	75978
6828.scale89x128.png	15322	10154	10516
6830.scale88x128.png	14991	9711	10266
6832.scale89x128.png	14637	9877	10446
6834.scale88x128.png	15023	10012	10646
7000.scale128x128.png	42837	22801	23146
5006.scale4961x7016.png	13554242	6094426	6449486
7000.scale512x512.png	514742	181540	123760
7000.scale384x384.png	347527	141805	127504
7002.scale128x128.png	41712	24310	24250
7002.scale32x32.png	1621	1263	1258
7002.scale1024x1024.png	544249	78969	72932
7002.scale256x256.png	179904	92165	86736
7006.scale128x128.png	24946	8440	8122
7008.scale128x128.png	14681	5800	5626
7004.scale128x128.png	49348	33775	31950
7010.scale128x128.png	25369	9665	9382
6604.scale2074x3072.png	19118579	13253512	12975578
7012.scale128x128.png	10386	2888	2982
7010.scale1024x1024.png	331011	19020	32656
5016.scale10182x5460.png	18084295	12298126	13611548
7012.scale1024x1024.png	82520	5857	11046
7014.scale128x128.png	23363	10525	8668
7014.scale1024x1024.png	160283	9729	13178
7016.scale128x128.png	28462	18330	16164
7016.scale256x256.png	75210	43357	33918
7016.scale1024x1024.png	119840	12080	15348
7018.scale96x96.png	24148	15688	14976
7018.scale128x128.png	41121	26282	25150
7020.scale128x128.png	32254	18063	18058
7020.scale48x48.png	4587	2939	2930
7018.scale1024x1024.png	351475	50526	43400
7020.scale1024x1024.png	295487	39123	39362
7022.scale128x128.png	14597	9939	9328
7022.scale1024x1024.png	68285	8628	9642
7024.scale128x128.png	14409	11480	10778
7026.scale128x128.png	13584	9003	8896
7024.scale1024x1024.png	78999	9415	10486
7028.scale48x48.png	4548	3581	3524
7026.scale1024x1024.png	65971	8404	9512
7028.scale128x128.png	16955	12236	11804
7030.scale128x128.png	13485	10007	9636
7018.scale384x384.png	272326	157352	151144
7002.scale768x768.png	1010236	458413	246052
7036.scale128x128.png	10232	5664	5028
7034.scale128x128.png	12320	7281	6990
7032.scale128x128.png	21495	14900	13974
7030.scale1024x1024.png	75790	9333	10428
7038.scale32x32.png	3134	2600	2694
7038.scale128x128.png	33641	31171	30466
7038.scale48x48.png	7028	5945	5940
7038.scale64x64.png	12020	10219	10058
7038.scale96x96.png	22552	20288	20012
7038.scale256x256.png	74856	64838	66154
6600.scale2143x3072.png	12339343	8315712	9576940
7038.scale192x192.png	58404	53582	54144
7040.scale32x32.png	2395	2261	2272
7038.scale1024x1024.png	50895	16118	11890
7040.scale48x48.png	4566	4282	4258
7040.scale64x64.png	6974	6501	6214
7040.scale96x96.png	11130	9305	9536
7040.scale1024x1024.png	31006	6522	4346
7040.scale128x128.png	12988	10334	11320
7040.scale192x192.png	14665	11491	12264
7042.scale32x32.png	3172	2730	2860
7042.scale48x48.png	5848	5336	5368
7042.scale64x64.png	9010	8460	8360
7042.scale96x96.png	16211	15382	15138
7044.scale32x32.png	3172	2592	2754
7044.scale48x48.png	7028	5870	6086
7042.scale128x128.png	22642	20589	20392
7042.scale192x192.png	32067	28517	28382
2024.scale4672x7008.png	52194225	22856526	24606656
7044.scale64x64.png	12411	9975	10382
7044.scale128x128.png	32603	28982	29910
7044.scale96x96.png	22401	19538	20114
7046.scale128x128.png	49348	10909	5292
7038.scale384x384.png	95973	79443	83012
7046.scale256x256.png	175972	22925	10514
2406.scale6190x8253.png	68279461	26386445	31945698
7046.scale192x192.png	110857	23696	9076
7046.scale96x96.png	23636	8210	4994
6604.scale2765x4096.png	33983074	23918435	23787780
7048.scale128x128.png	24353	6932	4758
7048.scale256x256.png	49113	10192	5914
7048.scale96x96.png	16798	5035	5430
7046.scale1024x1024.png	42230	3647	1570
7050.scale128x128.png	5937	3203	2394
7046.scale512x512.png	202691	27114	11454
7046.scale768x768.png	206236	24141	12452
7050.scale256x256.png	185725	13758	4900
7048.scale384x384.png	62123	16574	7174
7044.scale192x192.png	56216	49215	51370
7052.scale128x128.png	3179	2262	1880
7050.scale384x384.png	344535	28495	8690
7048.scale1024x1024.png	27412	3239	1172
7052.scale256x256.png	145588	8453	3696
7052.scale64x64.png	1604	1271	1026
6632.scale1536x1409.png	2766266	1843961	1947902
7050.scale1024x1024.png	107035	7499	1796
7054.scale48x48.png	4320	3276	3304
7050.scale512x512.png	618254	23475	10274
7050.scale768x768.png	701407	38914	12646
7052.scale384x384.png	423221	32794	4864
7052.scale512x512.png	729140	16799	6472
7056.scale96x96.png	20925	13687	13846
7044.scale512x512.png	102510	81580	82652
7052.scale768x768.png	1149923	19830	9516
7052.scale1024x1024.png	159440	7250	1600
7054.scale128x128.png	44556	24372	24788
7056.scale128x128.png	42348	25249	25156
7060.scale128x128.png	33698	20698	19686
7060.scale256x256.png	126535	74483	71948
7058.scale128x128.png	49348	32998	31574
7062.scale128x128.png	37423	22869	21980
7066.scale128x128.png	34090	19512	18978
6606.scale2824x4096.png	23733766	16989677	18822848
7064.scale128x128.png	31297	18248	17672
7070.scale128x128.png	28548	9646	9536
7068.scale128x128.png	16443	7536	7160
7074.scale128x128.png	11925	3258	3318
7064.scale256x256.png	101139	51522	52382
7076.scale128x128.png	14154	9818	9322
7072.scale128x128.png	28236	12417	11230
7078.scale128x128.png	14633	12020	10878
7080.scale128x128.png	13779	9363	9082
7084.scale128x128.png	13639	10117	9714
7082.scale128x128.png	17267	12401	11904
7086.scale128x128.png	20761	14852	13896
7088.scale128x128.png	12448	7351	7160
7078.scale512x512.png	86591	59803	46692
7090.scale128x128.png	10636	5884	5336
7092.scale32x32.png	2079	1916	1984
7092.scale128x128.png	15518	13125	13506
7092.scale64x64.png	5806	5335	5286
7060.scale512x512.png	406350	230345	231292
7094.scale48x48.png	2276	1775	1780
7096.scale128x128.png	4395	3292	3262
7094.scale128x128.png	6513	4458	4710
7096.scale32x32.png	1224	1001	1092
7098.scale48x48.png	3740	3171	3332
7100.scale128x128.png	6656	3684	4078
7088.scale512x512.png	67471	34363	31332
7066.scale384x384.png	231774	114855	117834
7102.scale48x48.png	4134	3354	3624
7098.scale128x128.png	15146	11644	12984
7102.scale128x128.png	16986	12502	14172
7058.scale192x192.png	110857	68366	62734
7104.scale32x32.png	2314	2042	2112
7104.scale64x64.png	6822	5829	6056
7094.scale1024x1024.png	37756	8095	5448
7104.scale128x128.png	18796	15479	16242
7106.scale128x128.png	4036	2410	2324
7104.scale96x96.png	12478	10462	11000
7110.scale32x32.png	1785	1102	1126
7064.scale1024x1024.png	831228	353195	341062
7086.scale1024x1024.png	305394	173631	101426
7110.scale64x64.png	4044	2867	2490
7112.scale48x48.png	2622	1961	1834
7110.scale128x128.png	8791	5179	5052
7112.scale128x128.png	6764	4701	3154
7108.scale128x128.png	13980	8080	5562
7114.scale128x128.png	5219	4314	3838
7118.scale32x32.png	1379	1130	970
7116.scale128x128.png	6924	5388	4700
7120.scale32x32.png	2121	1885	1804
7058.scale1024x1024.png	1490309	461952	279162
7118.scale128x128.png	6658	5326	4894
7120.scale48x48.png	3387	3040	2782
7122.scale128x128.png	2744	2006	1782
7124.scale128x128.png	3756	2799	2664
7120.scale128x128.png	11250	9278	8170
8004.scale55x128.png	6511	4368	4102
7104.scale256x256.png	47693	36127	38988
7056.scale1024x1024.png	1778566	562343	371116
8002.scale55x128.png	8983	5731	5462
8000.scale115x128.png	18560	11273	10512
8010.scale55x128.png	15193	10763	10804
8012.scale55x128.png	8084	4131	3588
8008.scale115x128.png	17897	12509	12638
8014.scale14x32.png	1315	951	1074
8006.scale115x128.png	25248	17759	17716
8014.scale27x64.png	3759	2917	2964
7114.scale1024x1024.png	40779	20080	13070
7102.scale1024x1024.png	154781	80148	74308
8014.scale55x128.png	11143	8580	8274
7116.scale1024x1024.png	90070	44483	41068
8022.scale41x96.png	9739	4239	4288
8016.scale115x128.png	18917	8338	8854
8020.scale115x128.png	16359	7165	7322
8022.scale55x128.png	15457	6579	6496
8018.scale115x128.png	15752	10412	9978
8026.scale55x128.png	12781	8749	8920
8024.scale55x128.png	13510	8700	8730
8028.scale64x128.png	5992	3375	3226
8012.scale439x1024.png	84819	35061	31112
8100.scale128x80.png	10949	7803	6990
8102.scale128x80.png	8840	5526	5296
8106.scale128x80.png	7910	4522	4632
8104.scale128x80.png	15937	11998	11668
8108.scale128x80.png	7228	4901	4580
8112.scale128x80.png	8117	4573	4242
8110.scale128x80.png	9996	7074	6730
8114.scale128x80.png	11361	7537	7098
8116.scale128x80.png	12442	7123	7152
8118.scale128x80.png	8764	5954	5956
8030.scale115x128.png	27569	19752	20426
8120.scale128x80.png	10334	6373	6464
8122.scale128x80.png	12750	6345	6916
8012.scale1080x2520.png	173916	59330	29398
8124.scale128x80.png	16307	11999	12630
8126.scale128x80.png	11475	6500	6814
8130.scale128x80.png	6288	3780	3596
7104.scale768x768.png	186276	138799	145142
8128.scale128x80.png	13906	8847	9076
8132.scale128x80.png	17875	12509	12750
8002.scale1080x2520.png	356066	98009	67718
8134.scale128x80.png	16835	11708	12018
8140.scale128x80.png	13299	9233	9638
8136.scale128x80.png	16835	11708	12018
8138.scale128x80.png	13730	9724	9818
8146.scale128x80.png	5961	3337	3130
8144.scale128x80.png	3606	2432	2156
8148.scale128x80.png	14270	11106	10822
8142.scale128x80.png	16783	11524	11920
8150.scale128x80.png	13666	10952	10688
8154.scale128x80.png	8443	5994	5894
8158.scale128x80.png	4792	2165	2046
8162.scale128x72.png	1504	678	624
8152.scale128x80.png	14709	9389	9222
8156.scale128x80.png	11326	7256	7292
8160.scale128x72.png	9317	6196	6318
8166.scale128x72.png	6256	4083	3974
8170.scale128x72.png	5383	2630	2426
8168.scale128x72.png	5754	3829	3474
8164.scale128x72.png	7811	6220	6164
8172.scale128x72.png	7239	4889	4926
8176.scale128x72.png	6472	4302	4306
8174.scale128x72.png	10231	6498	6664
8178.scale128x72.png	7738	2254	2090
8180.scale128x72.png	12119	6365	7006
8182.scale128x72.png	16550	12309	12676
8144.scale1024x640.png	77003	42790	33046
8184.scale128x72.png	8797	4878	5200
8190.scale128x72.png	4910	3009	2944
8190.scale32x18.png	701	448	476
8186.scale128x72.png	11935	7952	8046
8188.scale128x72.png	15436	10530	10660
8194.scale128x72.png	11416	8556	8812
6826.scale2415x3528.png	9200106	4217642	5129424
8196.scale128x72.png	13957	10153	10280
8192.scale128x72.png	11718	8208	8582
8022.scale1080x2520.png	821580	239995	65096
8198.scale128x72.png	14167	10312	10534
8202.scale128x72.png	12149	8698	9220
8200.scale128x72.png	12425	8984	9214
8206.scale128x72.png	3634	2495	2416
8208.scale128x72.png	4506	3256	3130
6624.scale2844x4410.png	13479252	7168419	9321964
8210.scale32x18.png	1149	961	1040
8204.scale128x72.png	14457	10663	11028
8114.scale768x480.png	354526	204779	172540
8218.scale128x72.png	3533	1627	1492
8212.scale128x72.png	9939	8362	8186
8222.scale128x80.png	1945	872	742
8210.scale128x72.png	9939	8362	8186
8214.scale128x72.png	7465	4947	5076
8216.scale128x72.png	7741	5438	5510
8220.scale128x80.png	13541	8945	8804
8226.scale128x80.png	7522	4622	4528
8228.scale128x80.png	7496	4598	4430
8224.scale128x80.png	11789	7716	7878
8230.scale128x80.png	10772	6756	6486
8232.scale128x80.png	9511	6317	6528
8222.scale512x320.png	23444	8698	7116
8236.scale32x20.png	1078	706	814
8234.scale128x80.png	8744	5900	5940
8236.scale128x80.png	10325	6261	6274
8238.scale128x80.png	12470	5998	6604
8240.scale128x80.png	16351	12023	12598
8242.scale128x80.png	11360	6493	6780
8244.scale128x80.png	13886	8983	9024
8172.scale1920x1080.png	613670	155240	51270
8246.scale128x80.png	16479	11017	11100
8248.scale128x80.png	6075	3624	3468
8252.scale128x80.png	16759	11665	12004
8170.scale1920x1080.png	470399	43937	59492
8250.scale128x80.png	17792	12430	12800
8254.scale128x80.png	13893	9802	10072
8256.scale128x80.png	13221	9201	9642
8178.scale1920x1080.png	594767	82198	67190
8262.scale128x80.png	3587	2401	2088
8264.scale128x80.png	5556	3949	3638
8258.scale128x80.png	13175	9221	9642
8266.scale128x80.png	6955	5709	5510
8276.scale27x48.png	2304	815	768
8260.scale128x80.png	16727	11485	11916
8274.scale72x128.png	3018	1664	1304
8276.scale72x128.png	13875	4385	4132
8272.scale72x128.png	12116	8993	8824
8268.scale128x80.png	9475	5808	5910
8270.scale128x80.png	11353	7267	7380
8278.scale72x128.png	10698	6227	5922
8280.scale72x128.png	10133	5488	4864
8282.scale72x128.png	8156	4991	4564
8290.scale72x128.png	7551	3295	2876
8284.scale72x128.png	8725	6241	6370
8294.scale27x48.png	2446	1796	1946
8296.scale18x32.png	1095	691	786
8286.scale72x128.png	11703	5074	4764
8288.scale72x128.png	11086	7090	7010
8296.scale72x128.png	9625	5770	5952
8292.scale72x128.png	13244	6335	6708
8302.scale72x128.png	8536	4731	4460
8300.scale72x128.png	12809	7246	7448
8304.scale72x128.png	7839	3771	3544
8294.scale72x128.png	12409	9014	9454
8298.scale72x128.png	14228	9014	9308
8306.scale72x128.png	13576	9272	9242
8310.scale72x128.png	16232	9940	10498
8312.scale72x128.png	16405	9138	9574
8314.scale72x128.png	16405	9138	9574
8316.scale72x128.png	14415	8434	8704
8320.scale72x128.png	5908	3742	3296
8308.scale72x128.png	14242	7358	7750
8318.scale72x128.png	15362	10649	10960
8322.scale72x128.png	9707	4620	4228
8324.scale72x128.png	8881	4928	4846
8328.scale72x128.png	7252	4891	4400
8326.scale72x128.png	13913	8739	8416
8336.scale96x128.png	10505	6786	6480
8332.scale96x128.png	12306	6684	6686
8330.scale96x128.png	12495	9455	8656
7060.scale768x768.png	792902	444152	461932
8124.scale1440x900.png	1418968	945071	1001136
8334.scale96x128.png	15322	10403	10174
8338.scale96x128.png	12595	8404	7994
8340.scale96x128.png	15275	8001	7456
8344.scale96x128.png	14346	9187	9278
8346.scale96x128.png	11770	8038	8272
8354.scale36x48.png	917	290	292
8342.scale96x128.png	14816	9527	8916
8354.scale96x128.png	4816	1490	1336
8350.scale96x128.png	18791	10901	11604
8358.scale96x128.png	12111	4005	4056
8356.scale96x128.png	18933	11887	12248
8366.scale24x32.png	1742	1205	1412
8348.scale96x128.png	19231	12785	13508
8364.scale96x128.png	12675	8546	8520
8222.scale2880x1800.png	216954	53082	20786
8352.scale96x128.png	22962	17404	17844
8362.scale96x128.png	20606	13672	13244
8360.scale96x128.png	20519	14218	14712
8378.scale24x32.png	840	617	658
8230.scale2880x1800.png	1087596	371921	106610
8368.scale96x128.png	21764	13906	14392
8370.scale96x128.png	21340	14082	14390
8378.scale96x128.png	5029	3371	2998
8380.scale36x48.png	1527	1329	1306
8366.scale96x128.png	19710	12774	13156
8372.scale96x128.png	20856	13513	13830
8382.scale96x128.png	5975	4575	4368
8380.scale96x128.png	5975	4575	4368
8394.scale15x32.png	1115	889	970
8384.scale96x128.png	12415	4478	4548
8376.scale96x128.png	21775	14330	14776
8394.scale30x64.png	3263	2750	2586
8390.scale128x80.png	9875	5616	5604
8396.scale128x80.png	3152	1346	1236
8402.scale15x32.png	1040	815	924
8386.scale96x128.png	13468	9887	9818
8374.scale96x128.png	21480	13103	13474
8394.scale59x128.png	9598	7969	7200
8392.scale128x72.png	17066	10748	11644
8388.scale96x128.png	16798	10568	10376
8406.scale128x72.png	8799	6021	6236
8340.scale768x1024.png	362822	51021	48260
8398.scale128x80.png	13482	10574	10514
8410.scale128x80.png	8082	5060	4714
8412.scale72x128.png	10002	5139	4766
8408.scale128x80.png	8187	5251	5038
8402.scale59x128.png	11051	8375	8794
8424.scale128x72.png	2121	1221	976
8400.scale128x72.png	11698	9012	9224
8414.scale128x80.png	11754	7589	7010
8418.scale128x80.png	9729	5598	5844
8422.scale128x72.png	7630	4140	4408
8404.scale128x80.png	17596	13390	13106
8432.scale48x30.png	1531	1147	1130
8416.scale72x128.png	11139	7156	7040
8346.scale768x1024.png	354478	186380	182698
8432.scale128x80.png	6055	3833	3558
8420.scale128x96.png	13022	7256	7390
8430.scale128x72.png	5978	3778	3966
8428.scale128x80.png	10157	6081	6484
8442.scale30x64.png	3827	2557	2784
8426.scale59x128.png	10681	6758	6960
8434.scale59x128.png	8782	5238	5162
8444.scale32x24.png	1593	1261	1356
8436.scale72x128.png	15636	10443	9684
8438.scale128x80.png	13973	9912	9866
8442.scale59x128.png	13093	8059	8268
8452.scale128x80.png	4100	2771	2354
8456.scale48x34.png	1203	789	812
8456.scale128x90.png	8072	4131	4212
8446.scale128x72.png	11728	8531	8856
8444.scale128x96.png	16164	11040	11148
8454.scale128x110.png	8919	4968	5050
8440.scale128x72.png	14013	10398	10538
8450.scale59x128.png	11913	7485	7832
8448.scale128x80.png	13336	9355	9446
8464.scale128x72.png	7952	4688	4462
8468.scale59x128.png	6354	4222	4042
9000.scale85x128.png	6996	4782	4528
9002.scale85x128.png	6680	4744	4782
8462.scale128x80.png	15648	9895	9806
9006.scale85x128.png	8141	4835	4882
8460.scale72x128.png	19142	14591	14836
8458.scale128x72.png	20731	13875	14138
8466.scale128x80.png	12880	7985	8180
9022.scale21x32.png	1076	677	636
9004.scale85x128.png	11741	7841	8112
9008.scale85x128.png	9696	7141	6994
9014.scale85x128.png	3099	2119	2256
9020.scale85x128.png	5394	3594	3454
9018.scale85x128.png	6642	4585	4476
9022.scale85x128.png	9634	6388	6608
6628.scale3072x2959.png	15079158	10643820	11041168
9012.scale128x128.png	12128	8966	8834
9010.scale85x128.png	11403	7205	7388
9026.scale85x128.png	9851	7044	7024
9032.scale85x128.png	10461	6959	7092
9034.scale85x128.png	7413	5311	5398
9040.scale43x64.png	2982	2097	2030
9030.scale85x128.png	11303	8123	7786
9042.scale32x32.png	2557	1702	1696
9038.scale85x128.png	4337	2458	2474
9028.scale128x128.png	14256	10625	9846
9050.scale21x32.png	1219	907	970
9050.scale32x48.png	2238	1685	1790
9036.scale128x128.png	12281	7274	7150
9040.scale85x128.png	7872	5133	5144
9016.scale128x128.png	16181	11189	11060
9044.scale128x85.png	6739	4477	4680
9054.scale32x32.png	2266	1657	1750
9050.scale64x96.png	6109	4848	4792
9052.scale85x128.png	5847	4068	4066
9050.scale85x128.png	9357	7285	7250
9056.scale85x128.png	8818	6335	6142
9060.scale85x128.png	7688	5445	5384
9062.scale32x32.png	1814	1442	1314
9024.scale128x128.png	32414	21417	19044
9066.scale21x32.png	901	760	780
9058.scale85x128.png	10864	8365	8178
9062.scale48x48.png	3230	2649	2352
9054.scale128x128.png	20769	14839	14362
9048.scale128x128.png	15938	10594	10532
9046.scale128x128.png	17425	10491	10644
9042.scale128x128.png	20414	13275	12412
9064.scale85x128.png	10070	7189	6960
9062.scale128x128.png	12983	9203	8512
9066.scale85x128.png	5829	4818	4550
9068.scale85x128.png	10464	7455	7666
9082.scale32x32.png	1945	1553	1536
9070.scale85x128.png	9182	6922	6686
9074.scale85x128.png	7472	5005	4788
9076.scale85x128.png	6516	4337	4316
9084.scale85x128.png	5259	3780	3750
9072.scale85x128.png	13937	9704	9566
8210.scale1920x1080.png	1090979	593854	687334
9078.scale85x128.png	10983	7886	7758
9080.scale128x128.png	12878	8292	8166
9082.scale128x128.png	14341	9945	9692
9094.scale85x128.png	26746	18068	18740
9102.scale85x128.png	27774	20219	21426
9116.scale32x48.png	2801	2204	2420
9110.scale128x85.png	22841	15920	17048
9098.scale85x128.png	25462	16593	17760
9100.scale85x128.png	23822	15451	16660
9118.scale48x32.png	4708	3601	3848
9108.scale85x128.png	26396	20004	20366
9096.scale85x128.png	27319	21131	21260
8428.scale1280x800.png	499149	180596	187160
9104.scale85x128.png	24443	14839	15610
9106.scale85x128.png	27235	18456	19182
9116.scale85x128.png	17887	13577	14240
9134.scale21x32.png	1932	1492	1700
9126.scale85x128.png	21499	13418	14308
9120.scale85x128.png	19830	11895	12214
9114.scale85x128.png	22787	16210	16896
9122.scale85x128.png	28572	18365	19236
9112.scale85x128.png	27244	16792	17474
9128.scale85x128.png	22527	16195	16362
9124.scale85x128.png	28916	18535	19624
9134.scale64x96.png	14975	11890	12462
9130.scale85x128.png	22045	15514	16362
9118.scale128x85.png	31954	22839	23762
9132.scale85x128.png	30096	20666	21414
9134.scale85x128.png	25876	20356	21218
9140.scale85x128.png	24961	19254	18814
9142.scale85x128.png	24651	18658	19782
9144.scale85x128.png	15523	9823	10820
9146.scale85x128.png	30555	19466	20078
9136.scale85x128.png	26092	19370	20566
9138.scale85x128.png	26910	19773	19912
9044.scale1536x1024.png	259392	133822	149844
9150.scale85x128.png	23755	19298	18890
9164.scale32x48.png	4724	2618	2858
9154.scale85x128.png	30399	20628	21772
9148.scale85x128.png	24488	15132	15992
9156.scale85x128.png	17859	11690	12508
9152.scale85x128.png	29722	22805	24228
9158.scale85x128.png	19904	15499	15924
9162.scale85x128.png	22767	15410	16382
9226.scale72x128.png	8813	5469	5444
9228.scale128x72.png	8882	6297	6686
9160.scale85x128.png	19625	15820	15962
9234.scale72x128.png	8813	6230	6504
9230.scale128x128.png	18210	13753	14548
9166.scale85x128.png	32836	18144	18958
9164.scale171x256.png	131662	59924	64394
9238.scale72x128.png	6952	4315	4596
9164.scale85x128.png	32836	16143	17408
9232.scale128x72.png	17533	11945	11678
9236.scale85x128.png	11060	8943	8676
9244.scale32x18.png	926	648	650
9244.scale48x27.png	1638	1216	1202
9168.scale128x85.png	29064	15896	16050
9248.scale32x32.png	1774	1418	1386
9244.scale128x72.png	7084	5052	5260
9252.scale48x48.png	2565	1833	2024
9242.scale85x128.png	17198	11629	11480
9240.scale128x128.png	18044	12548	12724
9246.scale128x72.png	20936	13137	13398
9256.scale85x128.png	7495	5440	5548
9248.scale128x128.png	16996	11829	12254
9254.scale85x128.png	12781	8779	8556
9252.scale128x128.png	12535	9334	9716
9262.scale85x128.png	11208	6635	6910
9250.scale128x128.png	12769	7642	9146
9268.scale128x128.png	16411	10361	10022
9264.scale71x128.png	10020	6431	7320
9260.scale128x128.png	20701	12826	14030
9276.scale85x128.png	11693	6330	6782
9272.scale128x128.png	16629	10787	11284
9270.scale128x85.png	13649	9959	9930
9258.scale128x128.png	17351	10681	12062
9274.scale85x128.png	11195	7493	8056
9280.scale85x128.png	11003	7484	7592
9284.scale128x85.png	12354	6531	7332
9286.scale85x128.png	7533	5150	5270
9290.scale85x128.png	7106	4625	4698
9278.scale128x128.png	18624	10609	11018
9294.scale85x128.png	6614	4322	4402
9288.scale128x128.png	13103	8199	8356
9292.scale128x85.png	10955	6300	6974
9282.scale128x128.png	20610	14796	15032
9296.scale85x128.png	5553	3103	3406
9300.scale85x128.png	4856	2797	2998
9302.scale128x85.png	7102	4787	4604
9304.scale85x128.png	6726	4488	4560
9312.scale128x85.png	6220	3923	4116
9316.scale32x21.png	1333	1077	1118
9164.scale341x512.png	504667	226214	242756
9316.scale48x32.png	2514	1995	2034
9306.scale128x128.png	12908	8667	8626
9298.scale128x128.png	11569	6756	7336
9310.scale128x128.png	10980	6723	6922
9316.scale128x85.png	12133	8665	9106
9308.scale85x128.png	12168	7341	7712
9322.scale85x128.png	8495	5151	5460
9318.scale128x128.png	7888	5999	5892
9314.scale128x128.png	10735	4563	6042
9330.scale85x128.png	6253	3740	3906
9324.scale128x85.png	9828	5652	5958
9320.scale128x128.png	11863	8201	8754
9332.scale85x128.png	7457	4325	4648
9328.scale85x128.png	10584	6670	6928
9326.scale128x128.png	10296	6448	6656
9344.scale85x128.png	7529	5129	5438
9334.scale85x128.png	13549	9554	9414
9342.scale85x128.png	6816	4458	4546
9340.scale85x128.png	8180	4936	5204
9336.scale85x128.png	8819	5910	5838
9338.scale85x128.png	10804	7200	7164
9352.scale32x32.png	1623	1391	1484
9346.scale85x128.png	7874	6025	6162
9348.scale85x128.png	6384	4219	4460
9350.scale85x128.png	10288	7012	7336
9352.scale64x64.png	5597	4649	4936
9352.scale96x96.png	12638	9909	10678
9354.scale48x48.png	3978	2447	2646
9354.scale128x128.png	30224	18655	19166
9352.scale128x128.png	26831	19867	20688
9358.scale128x72.png	13412	8031	8856
9356.scale128x72.png	19903	12094	12136
9352.scale256x256.png	160971	105930	110626
9360.scale85x128.png	11888	7217	7770
9362.scale128x85.png	8067	5269	5330
9364.scale85x128.png	11990	8045	8382
9366.scale85x128.png	9927	6443	7154
8030.scale1384x1536.png	3373052	1904083	2089672
9354.scale512x512.png	644532	385562	369324
9370.scale85x128.png	8976	6148	6474
9352.scale512x512.png	651775	408113	426124
9372.scale85x128.png	11104	7760	8242
9378.scale21x32.png	1541	1284	1418
9368.scale71x128.png	12278	7663	8578
9378.scale32x48.png	3062	2474	2670
9374.scale85x128.png	14288	10309	11108
9376.scale128x128.png	14565	6837	8258
9384.scale18x32.png	978	762	832
9380.scale85x128.png	10368	6375	6704
9384.scale27x48.png	1758	1473	1550
9384.scale72x128.png	8723	7023	7248
9378.scale85x128.png	16910	12773	13388
9382.scale85x128.png	11201	8408	8010
9386.scale85x128.png	9320	7156	7528
9394.scale18x32.png	1162	966	1146
5000.scale4961x7016.png	26545723	13994447	16185200
9394.scale27x48.png	2245	1828	2088
9388.scale85x128.png	9820	6524	6892
9392.scale85x128.png	10294	6930	7520
9396.scale72x128.png	10947	5405	5880
9394.scale72x128.png	12978	9633	10346
9390.scale128x128.png	16387	11244	11434
9402.scale85x128.png	7343	3922	4136
9398.scale85x128.png	13614	6023	7126
9404.scale85x128.png	15337	9497	9932
9406.scale85x128.png	11114	6701	6780
9408.scale85x128.png	10869	6659	7144
9238.scale1152x2048.png	2226196	1254832	1254532
9400.scale128x128.png	17322	9583	10224
9410.scale85x128.png	13859	7867	8430
8246.scale2880x1800.png	3668166	1760788	2193276
9414.scale85x128.png	12189	7438	7600
9412.scale85x128.png	17420	9880	10204
9420.scale32x32.png	1861	1489	1452
9422.scale85x128.png	11990	7413	7858
9418.scale85x128.png	15985	9250	10192
9416.scale128x128.png	18765	10800	11958
9424.scale128x128.png	17855	9826	10814
9426.scale85x128.png	12926	8414	9088
9428.scale128x128.png	10960	5776	6626
9420.scale128x128.png	20557	13870	14428
9430.scale72x128.png	10943	6749	6766
9434.scale128x85.png	6414	4364	4534
9432.scale85x128.png	11001	6867	7366
9436.scale85x128.png	11480	6020	6466
9440.scale85x128.png	9676	7252	7646
9438.scale85x128.png	9900	5998	6176
9442.scale85x128.png	8759	5965	6472
9444.scale85x128.png	11312	8061	8318
9446.scale85x128.png	12244	8105	8604
9456.scale18x32.png	914	804	852
9452.scale128x85.png	8400	5685	5516
9450.scale85x128.png	13746	9534	9618
9448.scale85x128.png	15676	9685	10582
9454.scale72x128.png	12565	8848	9476
9456.scale72x128.png	7632	5923	6214
9458.scale85x128.png	14244	10210	10420
9462.scale71x128.png	16664	9598	10058
9460.scale71x128.png	12165	6748	7772
9360.scale1024x1536.png	2474062	1298118	1320158
9466.scale18x32.png	1287	1022	1158
9464.scale128x128.png	16907	10836	11320
9470.scale18x32.png	1105	893	1020
9470.scale27x48.png	2063	1675	1834
9140.scale1024x1536.png	4344506	2980585	2930606
9466.scale72x128.png	13982	10346	10784
9468.scale72x128.png	12041	9142	9540
9470.scale72x128.png	11333	7978	8710
9472.scale72x128.png	12509	9410	9562
9480.scale18x32.png	1556	1260	1440
9480.scale36x64.png	5207	4245	4490
9474.scale72x128.png	14438	11062	11392
9394.scale432x768.png	379045	247032	257508
9478.scale72x128.png	14798	9460	10004
9476.scale72x128.png	13002	9529	10232
9480.scale72x128.png	18267	14725	15034
9486.scale85x128.png	7804	5387	5140
9492.scale18x32.png	1163	979	1054
9484.scale72x128.png	16125	10868	11654
9492.scale36x64.png	3341	2843	2870
9488.scale72x128.png	18191	12562	13322
9490.scale85x128.png	10171	6863	7642
9492.scale72x128.png	10294	8518	8696
9498.scale21x32.png	1363	1062	1154
9482.scale85x128.png	14447	10844	11170
9496.scale72x128.png	8061	5565	5884
9498.scale85x128.png	13488	10170	10556
9504.scale21x32.png	1141	813	958
9500.scale72x128.png	12237	7593	9114
9506.scale18x32.png	1359	1097	1226
9502.scale85x128.png	7273	5005	5330
9508.scale18x32.png	1219	1022	1136
9508.scale27x48.png	2310	1972	2072
9506.scale72x128.png	14197	10629	11076
9494.scale128x128.png	32009	23212	23580
9504.scale85x128.png	11635	7371	8438
9512.scale72x128.png	10387	7172	7034
9514.scale72x128.png	7893	5538	5798
9164.scale1024x1536.png	4254540	2153038	2274198
9516.scale18x32.png	1041	815	850
9508.scale72x128.png	12083	9446	9834
9510.scale71x128.png	13366	8159	8966
9516.scale36x64.png	3012	2256	2398
9518.scale72x128.png	14503	5991	6472
9516.scale72x128.png	9337	7152	7416
9524.scale85x128.png	12102	8606	8874
9522.scale85x128.png	13578	9514	10032
9520.scale128x128.png	14862	9502	9936
9528.scale85x128.png	14746	9341	9848
9530.scale71x128.png	12094	8031	8198
9532.scale85x128.png	10304	4894	5576
9536.scale85x128.png	8960	5189	5636
9526.scale128x128.png	22402	13326	14242
9534.scale85x128.png	12638	7727	8172
9538.scale128x128.png	15155	8793	9270
9540.scale85x128.png	10322	7926	8030
9542.scale85x128.png	7877	5128	5524
9546.scale85x128.png	15797	10909	11958
9550.scale128x85.png	10572	6559	6464
9544.scale85x128.png	10214	6812	7334
9548.scale128x128.png	15053	9530	10026
9552.scale85x128.png	12888	8269	7922
9554.scale128x85.png	9377	6662	6646
9556.scale128x128.png	12945	9026	9326
9558.scale85x128.png	11628	6812	7988
9560.scale85x128.png	15690	9216	9410
9562.scale128x85.png	9309	5335	5546
9566.scale32x32.png	1465	1167	1270
9568.scale128x128.png	14697	7117	7712
9564.scale128x128.png	13100	7807	8302
9572.scale85x128.png	9449	6552	6928
9566.scale128x128.png	17788	11867	12990
9570.scale85x128.png	15240	9018	10096
9574.scale72x128.png	10596	6496	7402
9576.scale128x128.png	15095	10019	9900
9580.scale128x85.png	12945	6259	7404
9582.scale128x85.png	7846	5183	5754
9586.scale128x85.png	9080	4506	4994
9578.scale71x128.png	12757	7705	8616
9584.scale85x128.png	9517	5519	5880
9588.scale85x128.png	6904	3910	4172
9590.scale85x128.png	9829	5804	6166
9594.scale85x128.png	12315	6399	6960
9596.scale128x85.png	11805	6501	7696
9492.scale864x1536.png	1477183	1035967	1009864
9598.scale128x128.png	17124	8654	9866
9592.scale128x128.png	20689	14340	13876
9604.scale128x85.png	9771	5033	5538
9600.scale128x128.png	21507	11576	12360
9606.scale128x85.png	7967	3774	4884
9608.scale128x128.png	7209	3543	3848
9610.scale85x128.png	6730	4256	4376
9612.scale128x85.png	6580	3473	3904
9602.scale85x128.png	12734	7308	8242
9620.scale32x21.png	1291	1001	1026
9616.scale128x128.png	10989	6706	7002
9618.scale128x85.png	12089	7846	8288
9626.scale85x128.png	7692	4620	4972
9620.scale128x85.png	12351	8708	8916
9622.scale128x128.png	19083	11019	11926
9624.scale128x85.png	13235	6873	7576
9632.scale32x18.png	1018	751	748
9628.scale128x85.png	10456	4849	5280
9614.scale128x85.png	18032	10726	11836
9632.scale128x72.png	8713	6419	6680
9630.scale128x85.png	11313	8569	8802
9640.scale32x17.png	1148	758	762
9634.scale128x72.png	10435	6955	7076
9636.scale128x70.png	9552	6809	6876
9638.scale85x128.png	8716	6542	6866
9644.scale128x85.png	8802	5162	5160
9640.scale128x70.png	11921	7410	7462
9646.scale128x85.png	8640	3498	4420
9352.scale1536x1536.png	5861474	3293479	3566074
9642.scale128x85.png	14389	8153	8498
9648.scale128x85.png	10996	7317	7438
9650.scale128x85.png	9079	4995	5266
9656.scale85x128.png	7500	4800	4884
9664.scale21x32.png	517	393	388
9652.scale128x85.png	8206	5661	5692
9654.scale128x85.png	11866	7348	7718
9660.scale128x70.png	7274	4588	4498
9664.scale85x128.png	3857	2957	2920
9658.scale128x71.png	8243	5119	5666
9662.scale128x72.png	7794	4979	5080
9668.scale128x72.png	8025	5918	5826
9666.scale128x72.png	9350	7024	7130
9354.scale2048x2048.png	10183293	5528174	5805082
9670.scale85x128.png	5835	4149	4080
9680.scale21x32.png	1071	793	814
9674.scale128x70.png	9197	5315	5236
9676.scale85x128.png	9688	5878	6222
9672.scale128x70.png	11727	5100	6392
9678.scale85x128.png	12487	9227	9438
9688.scale85x128.png	6191	3968	4342
9680.scale85x128.png	10740	7758	7308
9686.scale85x128.png	9868	6695	6796
9684.scale85x128.png	12356	9321	9360
9682.scale85x128.png	11955	7831	8078
9692.scale85x128.png	8065	5286	5398
9690.scale85x128.png	10444	7580	7440
9694.scale85x128.png	9297	5912	6328
9702.scale85x128.png	5585	3608	3856
9696.scale85x128.png	9227	7156	7192
9700.scale85x128.png	12353	8178	8328
9706.scale85x128.png	4792	3562	3760
9704.scale128x85.png	7049	5045	5270
9698.scale85x128.png	14330	10554	10066
9464.scale2048x2048.png	4505368	2169813	2343624
9710.scale85x128.png	4780	3497	3694
9714.scale85x128.png	6168	4106	4394
9708.scale85x128.png	9095	6205	6440
9718.scale85x128.png	5301	3060	3300
9722.scale85x128.png	6503	3990	4340
9712.scale85x128.png	6732	4025	4410
9716.scale85x128.png	7619	4979	5342
9720.scale128x85.png	6310	4992	5182
9724.scale85x128.png	8949	6621	6842
9730.scale85x128.png	5859	3626	3924
9734.scale128x85.png	5164	3584	3844
9738.scale85x128.png	9355	5489	5994
9726.scale128x85.png	11601	7894	8636
9740.scale128x85.png	7592	4387	4802
9732.scale128x128.png	15560	10171	9472
9736.scale128x128.png	19589	10942	11558
9232.scale3072x1728.png	8070885	4275381	4856560
9746.scale128x85.png	11518	6677	6748
9752.scale85x128.png	7124	4054	4230
9748.scale85x128.png	10403	6947	7200
9758.scale32x32.png	1359	932	956
9744.scale128x128.png	19319	11842	12244
9750.scale128x85.png	8280	5457	5906
9742.scale128x128.png	19024	13160	13442
9766.scale32x21.png	718	580	628
9766.scale48x32.png	1331	1028	1098
9756.scale128x128.png	17795	10373	10590
9764.scale85x128.png	8705	5166	5608
9728.scale128x128.png	28282	19293	19772
9754.scale128x128.png	19845	9297	10676
9766.scale128x85.png	10223	7633	7956
9770.scale128x71.png	7105	3684	4016
9762.scale128x85.png	11856	6420	7178
9768.scale128x85.png	15145	10057	10134
9760.scale128x128.png	14091	7697	8466
9774.scale85x128.png	8466	5594	5832
9772.scale85x128.png	15656	9257	9614
9758.scale128x128.png	16938	10746	11072
9776.scale85x128.png	10716	5342	5828
9784.scale128x85.png	7306	4787	5170
9780.scale85x128.png	9466	6346	6746
9782.scale85x128.png	11500	7451	7774
9778.scale85x128.png	12629	7998	8606
9796.scale32x21.png	968	677	746
9790.scale128x85.png	10255	6110	6540
9786.scale128x85.png	8821	5697	6132
9788.scale128x85.png	10528	6795	7112
9794.scale85x128.png	11601	6658	7238
9792.scale85x128.png	11468	8057	8206
9800.scale128x85.png	6063	3204	3476
9796.scale128x85.png	9997	6663	7090
9798.scale85x128.png	7911	5061	5286
9806.scale128x85.png	8183	3858	4036
9802.scale128x85.png	7970	4789	5226
9804.scale128x85.png	11271	5199	5630
9810.scale128x85.png	7289	4522	5012
9812.scale128x85.png	10116	4634	5170
9816.scale85x128.png	7813	3647	4196
9822.scale85x128.png	3937	2583	2786
9814.scale128x85.png	10978	6408	6638
9820.scale128x128.png	12483	5736	6522
9818.scale128x85.png	10801	5770	6244
9808.scale128x128.png	14744	9774	10270
9824.scale128x85.png	9392	5202	5804
9826.scale85x128.png	7504	4928	5198
9834.scale85x128.png	8797	5119	5530
9830.scale128x85.png	9799	5662	6064
9838.scale85x128.png	7766	4373	4740
9836.scale85x128.png	14919	9867	10076
9832.scale85x128.png	11432	6445	7064
9840.scale85x128.png	10014	5503	5868
9842.scale85x128.png	12344	6821	7590
9828.scale128x128.png	16908	9722	10234
9848.scale85x128.png	12456	6323	6976
9846.scale85x128.png	13623	7621	8094
9850.scale85x128.png	13943	7557	8152
9856.scale32x17.png	890	610	740
9844.scale85x128.png	13159	7359	7952
9852.scale85x128.png	11686	6795	7134
9862.scale17x32.png	841	524	534
9858.scale128x70.png	6715	2915	3438
9854.scale85x128.png	8816	4752	5326
9860.scale128x128.png	6483	4239	4516
9862.scale70x128.png	7349	4373	4496
9856.scale128x70.png	9432	6129	6718
9866.scale128x70.png	9960	6255	6356
9864.scale128x128.png	13643	8793	8856
9768.scale512x341.png	408201	249227	232806
9868.scale85x128.png	11589	6162	6612
9874.scale128x85.png	8011	5486	5816
9872.scale85x128.png	11095	7006	7594
9880.scale32x21.png	1473	1134	1254
9878.scale85x128.png	5869	4251	4288
9876.scale85x128.png	16340	11964	12286
9880.scale128x85.png	14519	10033	10540
9886.scale21x32.png	1254	999	1094
9396.scale2160x3840.png	10892858	5337477	5837664
9884.scale48x48.png	4674	3572	3660
9870.scale128x128.png	17841	11988	12520
9882.scale128x128.png	10453	6274	6752
9890.scale32x32.png	1950	1411	1472
9894.scale85x128.png	6385	3461	3716
9886.scale85x128.png	13919	11542	11292
9892.scale128x128.png	15986	7896	8962
9884.scale128x128.png	28806	21466	21942
9888.scale128x85.png	16164	12264	12644
9896.scale128x85.png	11542	7937	8112
9904.scale85x128.png	9804	6030	6580
9890.scale128x128.png	19594	13443	13588
9898.scale85x128.png	14610	9728	10276
9900.scale128x128.png	15642	10318	10704
9902.scale85x128.png	14218	9038	9202
9906.scale85x128.png	4151	3024	3196
9910.scale85x128.png	4145	2580	2778
9916.scale85x128.png	3104	1803	2116
9908.scale85x128.png	4531	3111	3352
9918.scale85x128.png	3111	2050	2192
9914.scale128x128.png	6763	4016	4582
9912.scale128x128.png	8596	4729	5116
9922.scale128x128.png	6255	3616	4028
9358.scale3072x1728.png	6619698	3484293	4113302
9920.scale128x128.png	10419	5371	6758
9924.scale85x128.png	3205	1898	2118
9930.scale128x128.png	5044	3340	3498
9928.scale85x128.png	7863	5965	6144
9932.scale128x72.png	3579	2162	2254
9932.scale32x18.png	551	415	382
9926.scale128x128.png	11652	6003	7170
9934.scale85x128.png	4228	2395	2822
9918.scale512x768.png	96328	57586	57302
9938.scale85x128.png	4581	3432	3600
9940.scale85x128.png	3833	1971	2278
9924.scale683x1024.png	181925	97271	107132
9936.scale128x128.png	11184	6347	7478
9942.scale85x128.png	5336	3800	4002
9944.scale85x128.png	5242	3130	3378
9946.scale85x128.png	6618	4416	4606
9948.scale85x128.png	5266	3503	3750
9950.scale85x128.png	6135	4252	4598
9952.scale85x128.png	6764	4577	4952
9956.scale85x128.png	5049	2975	3274
9934.scale683x1024.png	234852	133159	135792
9954.scale85x128.png	5026	3051	3270
9962.scale85x128.png	5132	2990	3244
9958.scale85x128.png	6658	4625	4668
9960.scale85x128.png	4906	2995	3322
9964.scale85x128.png	4601	2709	3028
9966.scale128x72.png	5620	3619	3622
9968.scale128x71.png	6672	3990	4208
9970.scale72x128.png	5521	3652	3684
9972.scale128x71.png	6241	3231	3752
9974.scale128x85.png	9126	5371	5490
6632.scale5133x4709.png	35910810	30568287	31273698
9924.scale1024x1536.png	417585	215997	241510
9858.scale2816x1536.png	2387044	982695	1052390
9860.scale2048x2048.png	1380898	628990	771590
9516.scale1728x3072.png	3631595	2270895	2567470
9932.scale3072x1728.png	983928	522393	572134
9456.scale2160x3840.png	6869054	4523559	4915652
9466.scale1728x3072.png	6137397	3935385	4213098
9920.scale2048x2048.png	3391258	1603195	1491996
9354.scale4096x4096.png	36901704	18004768	20910706
9972.scale5504x3072.png	1987673	743277	769708
9770.scale5504x3072.png	6528705	2542672	2140788
9870.scale4096x4096.png	11123701	5508676	6340998
9968.scale5504x3072.png	5397488	1904904	2266686
6808.scale6196x4845.png	48860368	14853136	17374888
6604.scale4865x7207.png	104035321	62033528	66126222
6606.scale5015x7275.png	66101794	43613094	49129626
2402.scale8736x11648.png	174774443	73755198	83225908
