file	png	oxipng
1000.scale32x24.png	2016	1865
1014.scale48x36.png	3680	3423
1018.scale36x48.png	5295	4521
1020.scale24x32.png	1853	1700
1000.scale128x96.png	24210	22946
1010.scale96x128.png	31185	27528
1008.scale96x128.png	27416	24600
1006.scale96x128.png	23413	20913
1022.scale96x128.png	37060	31586
1002.scale128x96.png	23523	20571
1016.scale72x128.png	15321	14472
1018.scale96x128.png	33731	29533
1004.scale96x128.png	20058	19264
1024.scale96x128.png	33238	28277
1026.scale96x128.png	28497	25257
1012.scale90x128.png	23125	19547
1028.scale72x128.png	22479	20239
1014.scale128x96.png	20284	18339
1034.scale24x32.png	2356	2084
1034.scale36x48.png	4745	4282
1020.scale96x128.png	24881	21725
1032.scale128x96.png	30915	28157
1030.scale96x128.png	21466	18914
1042.scale128x96.png	31496	27544
1038.scale96x128.png	26000	22790
1036.scale96x128.png	27922	24926
1034.scale96x128.png	26891	25357
1046.scale128x96.png	25816	23395
1040.scale96x128.png	25095	22530
1050.scale128x96.png	23886	22299
1052.scale96x128.png	26213	23718
1054.scale96x128.png	28733	25201
1044.scale96x128.png	21738	19531
1048.scale96x128.png	18134	15948
1068.scale24x32.png	2149	2015
1058.scale96x128.png	30248	25486
1060.scale96x128.png	25396	23377
1056.scale96x128.png	25942	22990
1066.scale96x128.png	29288	26445
1064.scale96x128.png	23444	21567
1062.scale96x128.png	19085	16929
1200.scale128x96.png	32897	28728
1070.scale128x96.png	30747	26229
1068.scale96x128.png	24573	23868
1204.scale96x128.png	31178	27392
1202.scale96x128.png	29546	26180
1206.scale96x128.png	27600	23400
1208.scale96x128.png	28948	25717
1212.scale96x128.png	32691	28769
1214.scale108x128.png	38375	32703
1210.scale96x128.png	26626	23369
1216.scale96x128.png	31393	27816
1220.scale96x128.png	31726	27539
1218.scale96x128.png	23017	21107
1222.scale128x96.png	24008	22267
1224.scale128x96.png	24978	21746
1226.scale128x96.png	24257	21944
1068.scale192x256.png	85711	84642
1230.scale96x128.png	23979	22505
1228.scale128x96.png	28231	26509
1232.scale96x128.png	27645	25391
1234.scale96x128.png	27577	25061
1236.scale96x128.png	28720	26035
1240.scale96x128.png	26563	24830
1238.scale96x128.png	22533	20861
1246.scale128x96.png	36476	30518
1242.scale96x128.png	25421	22461
1244.scale96x128.png	26882	24994
1248.scale99x128.png	30703	27141
1406.scale32x18.png	1586	1463
1404.scale128x96.png	26635	24954
1402.scale128x96.png	22485	21033
1406.scale128x72.png	21162	19105
1400.scale128x96.png	17660	14753
1408.scale128x96.png	24946	23054
1412.scale128x96.png	29916	26666
1416.scale48x36.png	3023	2966
1414.scale128x96.png	27387	25277
1410.scale128x96.png	21019	18503
1418.scale96x128.png	35791	30791
1420.scale96x128.png	35398	30588
1422.scale96x128.png	33895	29497
1416.scale128x96.png	16584	15935
1424.scale96x128.png	35110	29983
1428.scale96x128.png	27747	25745
1438.scale48x64.png	8970	7765
1430.scale96x128.png	31341	27793
1432.scale96x128.png	30667	27667
1426.scale96x128.png	16885	15018
1434.scale96x128.png	26128	24930
1438.scale96x128.png	31079	28294
1436.scale96x128.png	33720	29821
1440.scale96x128.png	30695	27245
1446.scale128x60.png	13670	12452
1442.scale128x96.png	16276	15411
1448.scale60x128.png	12922	11941
1450.scale128x60.png	12097	10689
1452.scale60x128.png	13523	12237
1454.scale128x96.png	17080	16105
1456.scale96x128.png	23729	19709
1460.scale24x32.png	2404	2261
1460.scale96x128.png	35634	30761
1068.scale384x512.png	304380	302217
1464.scale96x128.png	37060	31858
1462.scale96x128.png	22162	16720
1466.scale48x36.png	2949	2593
1466.scale128x96.png	15500	12925
1468.scale96x128.png	23312	17799
1470.scale96x128.png	20749	19452
1472.scale128x96.png	19578	18102
1476.scale24x32.png	1261	1234
1474.scale96x128.png	22152	20524
1478.scale128x96.png	20235	18442
1476.scale96x128.png	15124	13758
1480.scale128x96.png	15603	13869
1482.scale96x128.png	23201	20281
1034.scale576x768.png	912895	818764
1484.scale96x128.png	17077	15557
1486.scale96x128.png	23425	20658
1488.scale96x128.png	17944	16278
1490.scale96x128.png	21193	17720
1492.scale96x128.png	26860	24458
1496.scale128x104.png	22165	20643
1494.scale128x96.png	18390	17097
1498.scale36x48.png	4616	4140
1498.scale96x128.png	31265	27659
1500.scale128x96.png	29051	21525
1502.scale96x128.png	24172	21246
1504.scale128x96.png	25773	22789
1506.scale128x96.png	21518	18652
1510.scale24x32.png	2404	2169
1508.scale128x96.png	23244	20911
1512.scale48x64.png	9348	8110
1510.scale96x128.png	34134	29746
1512.scale96x128.png	34348	30204
1514.scale96x128.png	36221	31246
1516.scale91x128.png	20561	19261
1518.scale96x128.png	35011	30803
1520.scale96x128.png	33040	28665
1522.scale128x96.png	32122	28965
1522.scale96x72.png	18645	16638
1524.scale96x128.png	34798	29859
1526.scale24x32.png	2404	2186
1526.scale96x128.png	36315	30833
1528.scale128x96.png	36450	30662
1530.scale96x128.png	20466	17018
1532.scale96x128.png	34050	29525
1534.scale96x128.png	35112	30111
1536.scale96x128.png	33516	28910
1538.scale96x128.png	24713	22029
1540.scale36x48.png	5300	4700
1442.scale768x576.png	387317	306665
1540.scale96x128.png	37060	31231
1042.scale1536x1152.png	5209486	3763210
1542.scale96x128.png	37060	31752
1544.scale96x128.png	26703	24624
1044.scale1536x2048.png	7716531	4909177
1546.scale96x128.png	21958	20958
1548.scale36x48.png	5300	4993
1548.scale72x96.png	20900	18985
1548.scale96x128.png	37060	32583
1550.scale96x128.png	18415	17087
1014.scale1536x1152.png	2645131	2116633
1552.scale128x93.png	11927	9553
1552.scale1024x745.png	707977	512305
1552.scale32x23.png	1068	1045
1554.scale94x128.png	17322	14894
1556.scale60x128.png	19863	15592
1600.scale128x96.png	27882	25710
1600.scale32x24.png	2396	2141
1542.scale1536x2048.png	4631827	4196033
1602.scale128x96.png	24679	23251
1604.scale96x128.png	26030	24496
1606.scale128x79.png	27108	24004
1608.scale128x96.png	23714	21987
1610.scale96x128.png	27975	25282
1612.scale128x96.png	27822	25758
1614.scale128x96.png	30419	25861
1616.scale128x96.png	24294	21691
1618.scale96x128.png	28256	25939
1620.scale96x128.png	24485	22907
1622.scale96x128.png	24288	22768
1624.scale128x96.png	28645	25009
1626.scale96x128.png	20820	19584
1628.scale96x128.png	29005	26272
1630.scale128x96.png	27692	25485
1632.scale96x128.png	21760	20694
1634.scale96x128.png	26582	24464
1636.scale128x96.png	26873	24425
1638.scale96x128.png	27774	25121
1640.scale96x128.png	28294	25376
2000.scale85x128.png	20595	18787
2002.scale85x128.png	23857	20778
1448.scale1435x3072.png	7813411	5317073
2004.scale21x32.png	1898	1803
2004.scale85x128.png	20729	19693
2006.scale85x128.png	22570	20544
2008.scale102x128.png	22203	20669
2010.scale102x128.png	30758	28246
1016.scale1730x3072.png	7605142	6437170
2012.scale128x96.png	22730	7617
2012.scale48x36.png	4021	1452
2014.scale128x85.png	18285	16874
2016.scale85x128.png	16338	15212
2018.scale128x128.png	37989	25483
1442.scale2048x1536.png	2088027	1492540
1552.scale1924x1400.png	2671798	1409531
2020.scale85x128.png	26980	24609
2022.scale32x48.png	4500	4113
2022.scale85x128.png	26479	24228
1042.scale4000x3000.png	28359467	16848410
2024.scale85x128.png	18870	17790
2026.scale128x85.png	25255	23620
2200.scale128x72.png	17708	16581
1034.scale2574x3432.png	14126592	11339923
2202.scale128x128.png	23297	20609
1068.scale2304x3072.png	8030223	7483256
1418.scale3000x4000.png	21064857	17228676
1026.scale3000x4000.png	22836588	18084862
2204.scale72x128.png	22348	6900
2206.scale128x72.png	15858	15320
2206.scale1536x864.png	2374724	2200813
2206.scale32x18.png	1357	1293
2206.scale96x54.png	9154	8780
2208.scale85x128.png	18584	17642
2210.scale102x128.png	24534	15661
1442.scale3072x2304.png	3973660	2746739
2204.scale1728x3072.png	6700791	1993394
2004.scale2945x4417.png	31485158	21647311
2212.scale128x96.png	20209	18880
2210.scale410x512.png	484673	268429
1048.scale3000x4000.png	9054781	7435727
2400.scale36x48.png	2350	2235
1482.scale3000x4000.png	21111089	15875834
2400.scale766x1024.png	778360	651305
2400.scale96x128.png	14038	12518
2402.scale96x128.png	19635	17589
1232.scale3000x4000.png	16793926	13485486
2404.scale128x128.png	41226	36251
2210.scale1638x2048.png	5150002	3612465
2404.scale64x64.png	10651	9263
2404.scale1024x1024.png	2745606	2286297
2406.scale96x128.png	29684	26784
2408.scale96x128.png	25365	23385
3000.scale72x128.png	12908	11831
3002.scale105x128.png	22434	21577
3004.scale96x128.png	17717	16771
3006.scale128x95.png	25613	22852
3008.scale128x92.png	23376	22161
3010.scale100x128.png	29054	26352
2202.scale3000x3000.png	14715751	8459165
3012.scale128x102.png	21169	19929
3012.scale32x25.png	1714	1592
3014.scale128x106.png	16025	12695
3300.scale37x48.png	3803	3652
3300.scale97x128.png	21487	21035
3302.scale128x86.png	22081	7200
1442.scale4000x3000.png	5444373	3176304
3304.scale102x128.png	19973	15247
3306.scale128x128.png	32805	30789
3308.scale128x90.png	26092	20041
3310.scale128x96.png	21070	19888
3312.scale101x128.png	14341	11954
2010.scale3944x4930.png	40423423	28895568
3314.scale128x90.png	17735	6210
3302.scale2362x1585.png	9473786	2781696
3316.scale128x84.png	17084	16615
3318.scale124x128.png	22891	21105
3320.scale1024x573.png	1450384	1245979
3320.scale128x72.png	16906	16276
1600.scale4032x3024.png	9643036	6456634
3322.scale96x128.png	22392	21016
2018.scale3072x3072.png	11229507	6398354
5000.scale91x128.png	27149	24736
5002.scale93x128.png	19494	17560
5004.scale128x91.png	20909	19846
1546.scale3024x4032.png	13297594	8992845
5006.scale34x48.png	2934	2788
3314.scale4000x2826.png	20805257	6229571
5006.scale91x128.png	20507	19109
5008.scale99x128.png	18667	16381
5010.scale89x128.png	21533	19498
5012.scale128x128.png	32315	23074
5014.scale128x34.png	7966	7576
5014.scale256x68.png	29868	27519
5014.scale32x8.png	645	601
3010.scale2411x3072.png	14779478	13421320
5014.scale768x204.png	237845	215449
2404.scale3024x3024.png	22489582	17665409
3320.scale3841x2149.png	19919659	16914394
5016.scale128x69.png	17647	15674
5016.scale32x17.png	1393	1261
5016.scale384x206.png	112614	93051
5018.scale128x118.png	21816	20879
5014.scale4096x1086.png	4215215	3667125
5020.scale1024x402.png	544310	454151
5020.scale128x50.png	9819	9037
2204.scale4320x7680.png	33690208	10628708
5022.scale128x99.png	27221	23838
5024.scale78x128.png	14753	11209
5026.scale109x128.png	22960	21453
5028.scale91x128.png	26375	23214
5030.scale91x128.png	26024	23189
5032.scale103x128.png	12468	10325
5032.scale2590x3209.png	1049316	678797
5034.scale29x48.png	2057	983
5034.scale78x128.png	11231	4537
2400.scale3062x4096.png	10868487	8511301
5036.scale83x128.png	15670	10857
5038.scale78x128.png	18618	12774
5040.scale99x128.png	20190	10648
5042.scale99x128.png	23990	11725
5044.scale99x128.png	12575	6943
5046.scale128x99.png	16221	8926
5048.scale78x128.png	14734	9431
5050.scale128x78.png	16305	9311
5052.scale78x128.png	10140	4057
5052.scale933x1536.png	895560	453806
5054.scale78x128.png	10003	4013
5056.scale37x48.png	2495	1806
5056.scale99x128.png	15388	8784
5058.scale25x32.png	1420	1111
5058.scale99x128.png	17976	10046
5200.scale99x128.png	16664	14313
5202.scale99x128.png	16516	11834
5204.scale99x128.png	20151	17236
5206.scale99x128.png	15572	8360
5208.scale99x128.png	16190	11117
5210.scale99x128.png	16430	11864
5212.scale99x128.png	12157	7459
5214.scale791x1024.png	453321	218493
5214.scale99x128.png	13970	8137
5216.scale99x128.png	20801	16843
5218.scale99x128.png	17917	11094
5220.scale99x128.png	8441	5435
5020.scale4096x1609.png	4819199	4411099
5222.scale99x128.png	6578	4607
5224.scale99x128.png	10025	6716
5300.scale99x128.png	13867	10376
5006.scale2896x4096.png	12644436	9440823
5302.scale25x32.png	1096	1017
5302.scale99x128.png	12007	8655
5304.scale99x128.png	16665	5951
5306.scale99x128.png	17744	6608
5308.scale99x128.png	12525	9426
5310.scale99x128.png	5989	4221
5312.scale99x128.png	13232	9581
5302.scale1583x2048.png	1188849	780762
3312.scale3150x4000.png	16376359	9118564
5314.scale37x48.png	2469	2241
5314.scale593x768.png	278312	195766
5314.scale99x128.png	13359	10773
5316.scale128x99.png	8915	6415
5318.scale99x128.png	11358	8592
5320.scale99x128.png	10622	8331
5322.scale99x128.png	10627	7653
5324.scale99x128.png	7454	5773
5326.scale99x128.png	13060	10537
5328.scale1024x791.png	578994	493263
5328.scale128x99.png	13715	11733
5330.scale99x128.png	11081	6303
5332.scale99x128.png	10739	8646
5334.scale99x128.png	10079	7178
5336.scale99x128.png	10162	6136
5338.scale99x128.png	12906	9025
5340.scale99x128.png	3661	2595
5342.scale99x128.png	6533	4581
6000.scale87x128.png	13344	4335
6002.scale87x128.png	10742	3381
6004.scale87x128.png	11611	3785
6006.scale87x128.png	11066	3512
1540.scale4284x5712.png	31657656	20433117
6008.scale87x128.png	15774	4881
6010.scale87x128.png	16156	4917
5314.scale1583x2048.png	1216911	915654
6012.scale87x128.png	15979	4996
6014.scale33x48.png	1991	716
6014.scale87x128.png	16462	5007
6016.scale87x128.png	16126	4984
5222.scale2968x3841.png	681140	375072
6018.scale87x128.png	16912	5071
6020.scale87x128.png	16866	5093
6022.scale87x128.png	15683	4818
6024.scale87x128.png	14979	4687
6026.scale87x128.png	7462	2359
6008.scale2320x3408.png	696522	178624
6028.scale87x128.png	5265	1922
6030.scale98x128.png	13929	8660
6032.scale98x128.png	15306	9533
6034.scale98x128.png	14576	9377
6036.scale98x128.png	15924	10425
6028.scale2320x3408.png	197502	32266
6018.scale1046x1536.png	1439149	393584
6038.scale98x128.png	18161	11458
6040.scale98x128.png	18871	11802
2210.scale4000x5000.png	28876894	17094488
6042.scale98x128.png	19428	12269
6044.scale98x128.png	19517	12213
6046.scale98x128.png	19193	12124
6048.scale98x128.png	19524	12103
6050.scale98x128.png	19227	11897
6052.scale98x128.png	18273	11680
6054.scale98x128.png	18368	11773
6056.scale98x128.png	14151	10038
2018.scale4774x4774.png	22513933	10301062
6058.scale25x32.png	664	368
6058.scale37x48.png	1282	625
6058.scale98x128.png	9568	4038
6060.scale98x128.png	12218	3856
6062.scale98x128.png	12415	3929
6064.scale98x128.png	11491	3860
6066.scale98x128.png	12792	4177
6068.scale98x128.png	17267	5314
6070.scale98x128.png	17712	5331
6072.scale98x128.png	18043	5570
6074.scale98x128.png	18072	5582
6076.scale25x32.png	1061	437
6076.scale98x128.png	17538	5436
6078.scale98x128.png	18303	5480
6080.scale98x128.png	17816	5396
6082.scale98x128.png	16601	5230
6084.scale98x128.png	16816	5306
6086.scale98x128.png	11086	3921
6088.scale98x128.png	3317	1046
6042.scale786x1024.png	1307581	1003105
6090.scale87x128.png	10786	3423
6092.scale98x128.png	10848	6680
6094.scale98x128.png	8329	4846
6096.scale98x128.png	13309	4135
6098.scale87x128.png	10559	3505
6100.scale87x128.png	9129	3256
6090.scale2320x3408.png	468523	116107
6102.scale87x128.png	16357	4958
6104.scale87x128.png	10729	3377
6106.scale98x128.png	9963	6864
6108.scale98x128.png	11701	7102
6012.scale2091x3072.png	3273034	915172
6110.scale98x128.png	9835	3523
6112.scale98x128.png	11420	3624
5036.scale3300x5100.png	8729629	4370494
6600.scale33x48.png	4168	3866
6600.scale89x128.png	27145	25131
6102.scale2320x3408.png	648486	175674
6602.scale175x256.png	97672	90859
6602.scale87x128.png	25495	23691
5314.scale2550x3300.png	2232648	1694721
1528.scale5712x4284.png	26760887	14844446
6110.scale2479x3230.png	3597781	1090764
6604.scale1382x2048.png	7446296	6333364
6604.scale86x128.png	25049	20697
6602.scale1396x2048.png	5699344	5326234
6606.scale176x256.png	97597	91960
6606.scale22x32.png	1983	1847
6606.scale265x384.png	216089	205836
2024.scale4672x7008.png	52194225	33873087
6606.scale33x48.png	4159	3867
6606.scale1059x1536.png	3365188	3217719
6606.scale66x96.png	15088	14101
6606.scale88x128.png	25922	24333
6608.scale128x102.png	23742	20556
6610.scale128x101.png	22089	19674
6612.scale88x128.png	19526	18647
6614.scale86x128.png	20258	18685
6616.scale44x64.png	5929	5694
6616.scale88x128.png	22150	20956
6618.scale85x128.png	14221	13818
6620.scale85x128.png	14942	14536
6622.scale85x128.png	15773	15392
6624.scale21x32.png	1726	1661
6604.scale2074x3072.png	19118579	15619475
6624.scale31x48.png	3479	3274
6624.scale83x128.png	20913	19985
6626.scale83x128.png	18628	17547
6628.scale128x123.png	25728	22323
5014.scale9355x2481.png	11641341	8674557
6630.scale128x119.png	21520	18837
6632.scale128x117.png	19610	16940
6040.scale2358x3072.png	9354618	7587964
6600.scale2143x3072.png	12339343	11160690
6634.scale110x128.png	16813	14356
6800.scale83x128.png	11399	8934
6802.scale85x128.png	9849	7178
6804.scale85x128.png	14639	11971
5018.scale5650x5200.png	15302856	13404067
6808.scale128x100.png	22471	19677
6806.scale128x101.png	19806	17929
6810.scale85x128.png	14504	13352
6812.scale85x128.png	15196	13541
6814.scale85x128.png	12298	10801
6816.scale86x128.png	14796	13071
6818.scale87x128.png	16646	14484
6820.scale88x128.png	16045	15345
6822.scale88x128.png	15469	13715
6824.scale88x128.png	15963	14955
6826.scale22x32.png	899	783
6604.scale2765x4096.png	33983074	28786699
6826.scale263x384.png	111639	92931
6826.scale66x96.png	6980	6141
6826.scale88x128.png	12394	10804
6828.scale89x128.png	15322	13938
6830.scale88x128.png	14991	13841
6832.scale89x128.png	14637	13514
6834.scale88x128.png	15023	13769
7000.scale128x128.png	42837	28744
7000.scale384x384.png	347527	165696
7000.scale512x512.png	514742	166959
6632.scale1536x1409.png	2766266	2422878
7002.scale128x128.png	41712	30674
7002.scale256x256.png	179904	104110
7002.scale32x32.png	1621	1459
5006.scale4961x7016.png	13554242	9227097
7004.scale128x128.png	49348	37381
7006.scale128x128.png	24946	8602
7008.scale128x128.png	14681	6358
7002.scale768x768.png	1010236	367107
7010.scale128x128.png	25369	9957
6058.scale2358x3072.png	3915804	2402769
7012.scale128x128.png	10386	2968
7010.scale1024x1024.png	331011	34803
7014.scale128x128.png	23363	11883
6056.scale2358x3072.png	6187611	4760375
7002.scale1024x1024.png	544249	99748
7016.scale128x128.png	28462	19161
7012.scale1024x1024.png	82520	12350
7018.scale128x128.png	41121	31551
7014.scale1024x1024.png	160283	18875
7016.scale256x256.png	75210	43705
7018.scale96x96.png	24148	19118
7020.scale128x128.png	32254	25040
7020.scale48x48.png	4587	4043
7018.scale384x384.png	272326	179114
7022.scale128x128.png	14597	11021
7016.scale1024x1024.png	119840	21215
7024.scale128x128.png	14409	12514
7022.scale1024x1024.png	68285	13710
7026.scale128x128.png	13584	11113
7028.scale128x128.png	16955	13897
7028.scale48x48.png	4548	4179
7024.scale1024x1024.png	78999	15329
7026.scale1024x1024.png	65971	12989
7030.scale128x128.png	13485	11775
7020.scale1024x1024.png	295487	49381
7032.scale128x128.png	21495	16142
7034.scale128x128.png	12320	8411
7036.scale128x128.png	10232	6243
7038.scale128x128.png	33641	31971
7038.scale192x192.png	58404	58225
7038.scale32x32.png	3134	2720
7018.scale1024x1024.png	351475	54026
7038.scale256x256.png	74856	73724
7038.scale48x48.png	7028	6083
7038.scale64x64.png	12020	10191
7038.scale96x96.png	22552	20234
7040.scale128x128.png	12988	11849
7040.scale192x192.png	14665	13736
7040.scale32x32.png	2395	2309
7038.scale384x384.png	95973	92928
7040.scale48x48.png	4566	4469
7040.scale64x64.png	6974	6913
7040.scale96x96.png	11130	10843
7042.scale128x128.png	22642	22109
7042.scale32x32.png	3172	2837
7042.scale48x48.png	5848	5414
7042.scale64x64.png	9010	8519
7042.scale96x96.png	16211	15851
7042.scale192x192.png	32067	31280
7044.scale128x128.png	32603	31251
7030.scale1024x1024.png	75790	15038
7044.scale32x32.png	3172	2849
7044.scale48x48.png	7028	6286
7044.scale64x64.png	12411	10512
7044.scale96x96.png	22401	20474
7044.scale192x192.png	56216	56036
7046.scale128x128.png	49348	5776
7038.scale1024x1024.png	50895	31066
7046.scale192x192.png	110857	10342
7046.scale256x256.png	175972	11835
7044.scale512x512.png	102510	97072
7046.scale512x512.png	202691	16191
7046.scale96x96.png	23636	5606
7040.scale1024x1024.png	31006	15234
7046.scale1024x1024.png	42230	3574
7048.scale128x128.png	24353	5704
7048.scale96x96.png	16798	5543
7048.scale256x256.png	49113	7248
7048.scale384x384.png	62123	16922
7050.scale128x128.png	5937	2696
7046.scale768x768.png	206236	21562
7050.scale256x256.png	185725	6162
7050.scale384x384.png	344535	11942
7050.scale512x512.png	618254	14973
7052.scale128x128.png	3179	2202
7048.scale1024x1024.png	27412	3168
7052.scale256x256.png	145588	4922
7050.scale1024x1024.png	107035	3678
7052.scale64x64.png	1604	1133
7050.scale768x768.png	701407	22480
7052.scale384x384.png	423221	7342
7054.scale128x128.png	44556	30673
7054.scale48x48.png	4320	3640
7056.scale128x128.png	42348	31560
7052.scale512x512.png	729140	10098
7056.scale96x96.png	20925	16964
7058.scale128x128.png	49348	36677
7052.scale1024x1024.png	159440	3350
7060.scale128x128.png	33698	27075
7058.scale192x192.png	110857	73948
7060.scale256x256.png	126535	96270
7052.scale768x768.png	1149923	16939
7062.scale128x128.png	37423	27705
7060.scale512x512.png	406350	289361
7064.scale128x128.png	31297	23184
7064.scale256x256.png	101139	69037
7066.scale128x128.png	34090	26043
7066.scale384x384.png	231774	157055
7068.scale128x128.png	16443	9966
7070.scale128x128.png	28548	10117
7072.scale128x128.png	28236	15635
7074.scale128x128.png	11925	3349
7076.scale128x128.png	14154	10989
7078.scale128x128.png	14633	12824
7060.scale768x768.png	792902	586149
7080.scale128x128.png	13779	11276
7082.scale128x128.png	17267	14459
7084.scale128x128.png	13639	11909
7078.scale512x512.png	86591	58111
7086.scale128x128.png	20761	16292
7088.scale128x128.png	12448	8980
7058.scale1024x1024.png	1490309	442722
7090.scale128x128.png	10636	6589
7092.scale128x128.png	15518	14455
7092.scale32x32.png	2079	1995
7092.scale64x64.png	5806	5502
7088.scale512x512.png	67471	42635
7094.scale128x128.png	6513	5314
7094.scale48x48.png	2276	1988
7096.scale128x128.png	4395	3832
7096.scale32x32.png	1224	1175
7056.scale1024x1024.png	1778566	570997
7098.scale128x128.png	15146	13985
7098.scale48x48.png	3740	3532
7064.scale1024x1024.png	831228	483173
7100.scale128x128.png	6656	5080
7102.scale128x128.png	16986	15657
7102.scale48x48.png	4134	3745
7104.scale128x128.png	18796	17091
7104.scale32x32.png	2314	2130
7104.scale64x64.png	6822	6186
7104.scale256x256.png	47693	42363
7104.scale96x96.png	12478	11340
7106.scale128x128.png	4036	2892
7108.scale128x128.png	13980	6999
7110.scale128x128.png	8791	6381
7110.scale32x32.png	1785	1345
7110.scale64x64.png	4044	3012
7094.scale1024x1024.png	37756	16204
7112.scale128x128.png	6764	3925
7112.scale48x48.png	2622	2070
7114.scale128x128.png	5219	4577
7086.scale1024x1024.png	305394	184471
7116.scale128x128.png	6924	5811
7118.scale128x128.png	6658	5724
7118.scale32x32.png	1379	1250
7120.scale128x128.png	11250	9012
7120.scale32x32.png	2121	1958
7120.scale48x48.png	3387	3135
7122.scale128x128.png	2744	2160
7124.scale128x128.png	3756	3202
8000.scale115x128.png	18560	13789
7114.scale1024x1024.png	40779	26514
8002.scale55x128.png	8983	7741
8004.scale55x128.png	6511	5430
8006.scale115x128.png	25248	22774
8008.scale115x128.png	17897	16453
8010.scale55x128.png	15193	13945
7104.scale768x768.png	186276	169387
6628.scale3072x2959.png	15079158	13405611
8012.scale55x128.png	8084	4874
8014.scale14x32.png	1315	1275
8014.scale27x64.png	3759	3586
8014.scale55x128.png	11143	10318
8016.scale115x128.png	18917	12575
8018.scale115x128.png	15752	12874
8020.scale115x128.png	16359	10820
7116.scale1024x1024.png	90070	66849
8022.scale41x96.png	9739	5908
8022.scale55x128.png	15457	8738
8024.scale55x128.png	13510	12048
8026.scale55x128.png	12781	11711
8028.scale64x128.png	5992	4778
8030.scale115x128.png	27569	24340
7102.scale1024x1024.png	154781	118139
8100.scale128x80.png	10949	9061
8102.scale128x80.png	8840	7538
8104.scale128x80.png	15937	15136
8106.scale128x80.png	7910	6388
8108.scale128x80.png	7228	6276
8110.scale128x80.png	9996	8313
8012.scale439x1024.png	84819	52284
8112.scale128x80.png	8117	5740
8114.scale128x80.png	11361	9109
8116.scale128x80.png	12442	9760
8118.scale128x80.png	8764	7909
8120.scale128x80.png	10334	8348
8122.scale128x80.png	12750	9638
8124.scale128x80.png	16307	14834
8114.scale768x480.png	354526	238849
6606.scale2824x4096.png	23733766	21596636
8126.scale128x80.png	11475	9215
8128.scale128x80.png	13906	12530
8132.scale128x80.png	17875	15392
8130.scale128x80.png	6288	4846
8134.scale128x80.png	16835	15161
8136.scale128x80.png	16835	15161
8138.scale128x80.png	13730	12739
8140.scale128x80.png	13299	12790
8142.scale128x80.png	16783	15141
8144.scale128x80.png	3606	3096
8146.scale128x80.png	5961	4471
8148.scale128x80.png	14270	13560
8150.scale128x80.png	13666	13021
8152.scale128x80.png	14709	12577
8154.scale128x80.png	8443	7887
8156.scale128x80.png	11326	9757
8158.scale128x80.png	4792	2483
8160.scale128x72.png	9317	8452
8162.scale128x72.png	1504	957
8164.scale128x72.png	7811	7466
8166.scale128x72.png	6256	5127
8168.scale128x72.png	5754	4370
8170.scale128x72.png	5383	2809
8144.scale1024x640.png	77003	52110
8002.scale1080x2520.png	356066	121783
8172.scale128x72.png	7239	6305
8174.scale128x72.png	10231	8680
8012.scale1080x2520.png	173916	79931
8176.scale128x72.png	6472	5744
8178.scale128x72.png	7738	2988
8180.scale128x72.png	12119	9728
8182.scale128x72.png	16550	15205
8184.scale128x72.png	8797	7027
8186.scale128x72.png	11935	10956
8188.scale128x72.png	15436	13813
8190.scale128x72.png	4910	3930
8190.scale32x18.png	701	649
8192.scale128x72.png	11718	10141
8194.scale128x72.png	11416	11100
8196.scale128x72.png	13957	12757
8198.scale128x72.png	14167	12965
8200.scale128x72.png	12425	11542
8202.scale128x72.png	12149	11576
8204.scale128x72.png	14457	13130
8206.scale128x72.png	3634	3517
8208.scale128x72.png	4506	4114
8210.scale128x72.png	9939	9588
8030.scale1384x1536.png	3373052	2803044
8210.scale32x18.png	1149	1087
8212.scale128x72.png	9939	9588
8214.scale128x72.png	7465	6570
8216.scale128x72.png	7741	6936
8218.scale128x72.png	3533	1856
8220.scale128x80.png	13541	11917
8222.scale128x80.png	1945	1141
8022.scale1080x2520.png	821580	224451
8170.scale1920x1080.png	470399	222068
8224.scale128x80.png	11789	9973
8226.scale128x80.png	7522	5783
8124.scale1440x900.png	1418968	1278869
8228.scale128x80.png	7496	5941
8230.scale128x80.png	10772	8564
8232.scale128x80.png	9511	8413
8222.scale512x320.png	23444	11770
8236.scale128x80.png	10325	8176
8234.scale128x80.png	8744	7983
8236.scale32x20.png	1078	955
8240.scale128x80.png	16351	14814
8238.scale128x80.png	12470	9230
8242.scale128x80.png	11360	9153
8244.scale128x80.png	13886	12480
8246.scale128x80.png	16479	15177
8248.scale128x80.png	6075	4677
8250.scale128x80.png	17792	15207
8252.scale128x80.png	16759	15106
8254.scale128x80.png	13893	12845
8256.scale128x80.png	13221	12646
8258.scale128x80.png	13175	12648
8260.scale128x80.png	16727	15027
8262.scale128x80.png	3587	2953
8264.scale128x80.png	5556	4972
8266.scale128x80.png	6955	6591
8268.scale128x80.png	9475	7601
8270.scale128x80.png	11353	9810
8272.scale72x128.png	12116	10743
8274.scale72x128.png	3018	2145
8276.scale27x48.png	2304	839
8172.scale1920x1080.png	613670	212722
8276.scale72x128.png	13875	4279
8278.scale72x128.png	10698	7623
8280.scale72x128.png	10133	7070
8282.scale72x128.png	8156	6516
8284.scale72x128.png	8725	8134
8286.scale72x128.png	11703	7253
8288.scale72x128.png	11086	9665
8290.scale72x128.png	7551	4445
8292.scale72x128.png	13244	9347
8294.scale27x48.png	2446	2251
8296.scale18x32.png	1095	1006
8294.scale72x128.png	12409	11137
8296.scale72x128.png	9625	7637
8298.scale72x128.png	14228	12972
8300.scale72x128.png	12809	10357
8302.scale72x128.png	8536	6359
8178.scale1920x1080.png	594767	99490
8304.scale72x128.png	7839	4731
8306.scale72x128.png	13576	11786
8308.scale72x128.png	14242	10447
8310.scale72x128.png	16232	13999
8312.scale72x128.png	16405	12703
8314.scale72x128.png	16405	12703
8316.scale72x128.png	14415	11215
8320.scale72x128.png	5908	4419
8318.scale72x128.png	15362	14357
8322.scale72x128.png	9707	5798
8324.scale72x128.png	8881	6760
8326.scale72x128.png	13913	11359
8328.scale72x128.png	7252	5933
8330.scale96x128.png	12495	10899
8332.scale96x128.png	12306	9804
8334.scale96x128.png	15322	13486
8336.scale96x128.png	10505	8803
8338.scale96x128.png	12595	10277
8342.scale96x128.png	14816	10479
8340.scale96x128.png	15275	9358
8344.scale96x128.png	14346	12192
8346.scale96x128.png	11770	10594
8348.scale96x128.png	19231	17461
8350.scale96x128.png	18791	15647
8352.scale96x128.png	22962	21223
8354.scale36x48.png	917	333
8354.scale96x128.png	4816	1383
8356.scale96x128.png	18933	16583
8358.scale96x128.png	12111	4625
8360.scale96x128.png	20519	18139
8362.scale96x128.png	20606	17663
8364.scale96x128.png	12675	10846
8366.scale24x32.png	1742	1584
8366.scale96x128.png	19710	16434
8368.scale96x128.png	21764	18794
8370.scale96x128.png	21340	18586
8372.scale96x128.png	20856	18095
8374.scale96x128.png	21480	17594
8376.scale96x128.png	21775	18691
8378.scale24x32.png	840	812
8378.scale96x128.png	5029	4039
8380.scale36x48.png	1527	1515
8380.scale96x128.png	5975	5673
8382.scale96x128.png	5975	5673
8384.scale96x128.png	12415	6959
8386.scale96x128.png	13468	12586
8346.scale768x1024.png	354478	279924
8388.scale96x128.png	16798	13841
8390.scale128x80.png	9875	8054
8394.scale15x32.png	1115	1102
8392.scale128x72.png	17066	15948
8394.scale30x64.png	3263	3160
8394.scale59x128.png	9598	8646
8396.scale128x80.png	3152	1806
8398.scale128x80.png	13482	13036
8400.scale128x72.png	11698	11470
8402.scale15x32.png	1040	1014
8402.scale59x128.png	11051	10807
8404.scale128x80.png	17596	16751
8340.scale768x1024.png	362822	167011
8406.scale128x72.png	8799	7787
8408.scale128x80.png	8187	6803
8410.scale128x80.png	8082	6479
8412.scale72x128.png	10002	6828
2200.scale7680x4320.png	21236637	12725830
8414.scale128x80.png	11754	9323
8416.scale72x128.png	11139	9667
8418.scale128x80.png	9729	7730
8222.scale2880x1800.png	216954	60747
8420.scale128x96.png	13022	10245
8422.scale128x72.png	7630	6023
8210.scale1920x1080.png	1090979	901134
8424.scale128x72.png	2121	1428
8426.scale59x128.png	10681	9817
8432.scale48x30.png	1531	1435
8430.scale128x72.png	5978	4667
8428.scale128x80.png	10157	7970
8432.scale128x80.png	6055	5085
8434.scale59x128.png	8782	6975
8436.scale72x128.png	15636	12966
8442.scale30x64.png	3827	3489
8438.scale128x80.png	13973	12540
8440.scale128x72.png	14013	13042
8442.scale59x128.png	13093	10827
8444.scale32x24.png	1593	1510
8444.scale128x96.png	16164	14453
8446.scale128x72.png	11728	10898
8450.scale59x128.png	11913	10312
8448.scale128x80.png	13336	12046
8452.scale128x80.png	4100	3274
8454.scale128x110.png	8919	6810
8456.scale128x90.png	8072	5762
8458.scale128x72.png	20731	18636
8456.scale48x34.png	1203	1091
8460.scale72x128.png	19142	18446
8462.scale128x80.png	15648	13230
8464.scale128x72.png	7952	6075
8466.scale128x80.png	12880	10728
8468.scale59x128.png	6354	5047
9000.scale85x128.png	6996	6171
9004.scale85x128.png	11741	9703
9002.scale85x128.png	6680	5906
9006.scale85x128.png	8141	6431
9008.scale85x128.png	9696	8695
9010.scale85x128.png	11403	9151
9012.scale128x128.png	12128	11008
9014.scale85x128.png	3099	2790
9018.scale85x128.png	6642	5786
9016.scale128x128.png	16181	14467
9020.scale85x128.png	5394	4384
9022.scale21x32.png	1076	784
9024.scale128x128.png	32414	26436
9026.scale85x128.png	9851	8801
9022.scale85x128.png	9634	7590
9028.scale128x128.png	14256	12159
9030.scale85x128.png	11303	9538
9032.scale85x128.png	10461	9367
9034.scale85x128.png	7413	6278
9040.scale43x64.png	2982	2308
9036.scale128x128.png	12281	10064
9042.scale32x32.png	2557	1985
9038.scale85x128.png	4337	3340
9040.scale85x128.png	7872	6131
9042.scale128x128.png	20414	15263
9044.scale128x85.png	6739	5898
9050.scale21x32.png	1219	1066
9050.scale32x48.png	2238	1953
9046.scale128x128.png	17425	13105
9050.scale64x96.png	6109	5560
9048.scale128x128.png	15938	12777
9050.scale85x128.png	9357	8704
9054.scale32x32.png	2266	1918
9052.scale85x128.png	5847	4706
9054.scale128x128.png	20769	18399
9056.scale85x128.png	8818	7681
9058.scale85x128.png	10864	10021
9062.scale32x32.png	1814	1487
9062.scale48x48.png	3230	2587
9060.scale85x128.png	7688	6340
9062.scale128x128.png	12983	9640
9064.scale85x128.png	10070	8969
9066.scale21x32.png	901	870
9066.scale85x128.png	5829	5264
9068.scale85x128.png	10464	9228
9072.scale85x128.png	13937	12194
9070.scale85x128.png	9182	8045
9074.scale85x128.png	7472	6238
9078.scale85x128.png	10983	9604
9076.scale85x128.png	6516	5625
9082.scale32x32.png	1945	1811
9080.scale128x128.png	12878	11341
9094.scale85x128.png	26746	23880
9082.scale128x128.png	14341	11334
9084.scale85x128.png	5259	4771
9096.scale85x128.png	27319	24626
9100.scale85x128.png	23822	21880
9098.scale85x128.png	25462	23136
9102.scale85x128.png	27774	25151
9104.scale85x128.png	24443	21191
9106.scale85x128.png	27235	24051
9108.scale85x128.png	26396	24431
9116.scale32x48.png	2801	2785
9110.scale128x85.png	22841	21459
9112.scale85x128.png	27244	23968
9114.scale85x128.png	22787	21269
9118.scale128x85.png	31954	27042
9118.scale48x32.png	4708	4140
9116.scale85x128.png	17887	17237
9124.scale85x128.png	28916	24764
9122.scale85x128.png	28572	24477
9120.scale85x128.png	19830	16982
9126.scale85x128.png	21499	19143
9134.scale21x32.png	1932	1794
9130.scale85x128.png	22045	20606
9132.scale85x128.png	30096	25932
9128.scale85x128.png	22527	21344
9134.scale64x96.png	14975	13808
9136.scale85x128.png	26092	23417
9138.scale85x128.png	26910	24720
9134.scale85x128.png	25876	23955
9140.scale85x128.png	24961	23412
9142.scale85x128.png	24651	22760
9144.scale85x128.png	15523	14000
9146.scale85x128.png	30555	25869
9148.scale85x128.png	24488	21152
9154.scale85x128.png	30399	25974
9150.scale85x128.png	23755	22485
9152.scale85x128.png	29722	25938
9158.scale85x128.png	19904	19346
9156.scale85x128.png	17859	16449
9160.scale85x128.png	19625	18342
9162.scale85x128.png	22767	21471
9164.scale32x48.png	4724	4250
9164.scale171x256.png	131662	91003
9164.scale85x128.png	32836	24702
9166.scale85x128.png	32836	26245
9168.scale128x85.png	29064	22678
9226.scale72x128.png	8813	7894
9228.scale128x72.png	8882	7889
9230.scale128x128.png	18210	16822
9232.scale128x72.png	17533	15987
9164.scale341x512.png	504667	347412
9234.scale72x128.png	8813	8092
9236.scale85x128.png	11060	10398
8230.scale2880x1800.png	1087596	347642
2212.scale6144x4608.png	31097920	17030217
9238.scale72x128.png	6952	6157
9044.scale1536x1024.png	259392	202606
9242.scale85x128.png	17198	14991
9244.scale128x72.png	7084	6571
9244.scale48x27.png	1638	1474
9244.scale32x18.png	926	804
9240.scale128x128.png	18044	16452
9248.scale32x32.png	1774	1510
9246.scale128x72.png	20936	18773
9248.scale128x128.png	16996	15621
9250.scale128x128.png	12769	10839
9252.scale128x128.png	12535	11328
9252.scale48x48.png	2565	2391
9254.scale85x128.png	12781	11704
9256.scale85x128.png	7495	7135
9258.scale128x128.png	17351	14549
9262.scale85x128.png	11208	9767
9260.scale128x128.png	20701	18575
9270.scale128x85.png	13649	12989
9264.scale71x128.png	10020	9122
9268.scale128x128.png	16411	14472
9274.scale85x128.png	11195	10485
9272.scale128x128.png	16629	15417
9276.scale85x128.png	11693	9724
9280.scale85x128.png	11003	10380
9278.scale128x128.png	18624	15975
9140.scale1024x1536.png	4344506	3713452
9282.scale128x128.png	20610	17624
9284.scale128x85.png	12354	10515
9286.scale85x128.png	7533	6903
9290.scale85x128.png	7106	6474
9292.scale128x85.png	10955	9304
9288.scale128x128.png	13103	11405
9294.scale85x128.png	6614	6031
9300.scale85x128.png	4856	4122
9296.scale85x128.png	5553	4862
9302.scale128x85.png	7102	6494
9298.scale128x128.png	11569	9359
9304.scale85x128.png	6726	6056
9306.scale128x128.png	12908	11819
9308.scale85x128.png	12168	10784
9312.scale128x85.png	6220	5393
9310.scale128x128.png	10980	9471
9316.scale32x21.png	1333	1240
9316.scale128x85.png	12133	11635
9316.scale48x32.png	2514	2399
9314.scale128x128.png	10735	7527
9322.scale85x128.png	8495	7683
9320.scale128x128.png	11863	10828
9318.scale128x128.png	7888	7474
9324.scale128x85.png	9828	8595
9328.scale85x128.png	10584	9576
9326.scale128x128.png	10296	8890
9330.scale85x128.png	6253	5581
9332.scale85x128.png	7457	6558
9334.scale85x128.png	13549	12359
9336.scale85x128.png	8819	8049
9338.scale85x128.png	10804	9739
9340.scale85x128.png	8180	7212
9342.scale85x128.png	6816	6207
9344.scale85x128.png	7529	7165
9346.scale85x128.png	7874	7592
9348.scale85x128.png	6384	5995
9350.scale85x128.png	10288	9625
9352.scale128x128.png	26831	25770
9352.scale32x32.png	1623	1623
9352.scale64x64.png	5597	5427
9352.scale96x96.png	12638	12218
9352.scale256x256.png	160971	141653
9354.scale128x128.png	30224	25525
9164.scale1024x1536.png	4254540	3334979
8428.scale1280x800.png	499149	208494
9354.scale48x48.png	3978	3598
9356.scale128x72.png	19903	17527
9358.scale128x72.png	13412	10866
9352.scale512x512.png	651775	564612
9354.scale512x512.png	644532	524903
9360.scale85x128.png	11888	10654
9362.scale128x85.png	8067	7109
9364.scale85x128.png	11990	11183
9366.scale85x128.png	9927	9137
9368.scale71x128.png	12278	10796
9370.scale85x128.png	8976	8382
9372.scale85x128.png	11104	10033
9374.scale85x128.png	14288	13570
9376.scale128x128.png	14565	11559
9378.scale21x32.png	1541	1507
9378.scale32x48.png	3062	2935
9378.scale85x128.png	16910	16085
9380.scale85x128.png	10368	9477
9382.scale85x128.png	11201	10664
9384.scale18x32.png	978	905
9384.scale27x48.png	1758	1645
9384.scale72x128.png	8723	8249
9386.scale85x128.png	9320	8973
9388.scale85x128.png	9820	9177
9390.scale128x128.png	16387	14853
9392.scale85x128.png	10294	9574
9394.scale18x32.png	1162	1162
9394.scale27x48.png	2245	2244
9238.scale1152x2048.png	2226196	1826284
9394.scale72x128.png	12978	12170
5016.scale10182x5460.png	18084295	17087273
9396.scale72x128.png	10947	8890
9398.scale85x128.png	13614	10453
9400.scale128x128.png	17322	14540
9402.scale85x128.png	7343	5992
9404.scale85x128.png	15337	13924
9406.scale85x128.png	11114	9907
9408.scale85x128.png	10869	9902
9410.scale85x128.png	13859	12043
9412.scale85x128.png	17420	14368
9414.scale85x128.png	12189	10776
9416.scale128x128.png	18765	16073
9418.scale85x128.png	15985	13960
9420.scale128x128.png	20557	19050
9420.scale32x32.png	1861	1734
9422.scale85x128.png	11990	10956
9424.scale128x128.png	17855	15252
9426.scale85x128.png	12926	11910
9428.scale128x128.png	10960	9626
9430.scale72x128.png	10943	9758
9432.scale85x128.png	11001	10003
9434.scale128x85.png	6414	5958
9360.scale1024x1536.png	2474062	1910898
9436.scale85x128.png	11480	9827
9438.scale85x128.png	9900	8604
9440.scale85x128.png	9676	9169
9442.scale85x128.png	8759	8204
9444.scale85x128.png	11312	10408
9446.scale85x128.png	12244	11447
9448.scale85x128.png	15676	14049
9450.scale85x128.png	13746	12970
9452.scale128x85.png	8400	7754
9456.scale18x32.png	914	862
9454.scale72x128.png	12565	11667
9456.scale72x128.png	7632	7206
9458.scale85x128.png	14244	13767
9352.scale1536x1536.png	5861474	4878581
9460.scale71x128.png	12165	10340
9462.scale71x128.png	16664	14455
9394.scale432x768.png	379045	321336
9464.scale128x128.png	16907	15648
9466.scale18x32.png	1287	1250
9466.scale72x128.png	13982	13379
9468.scale72x128.png	12041	11082
9470.scale18x32.png	1105	1096
9470.scale27x48.png	2063	2026
9470.scale72x128.png	11333	10401
9472.scale72x128.png	12509	11909
9474.scale72x128.png	14438	13672
9476.scale72x128.png	13002	12095
9478.scale72x128.png	14798	13134
9480.scale18x32.png	1556	1471
9480.scale36x64.png	5207	4836
9480.scale72x128.png	18267	17004
9482.scale85x128.png	14447	13758
9484.scale72x128.png	16125	15453
9486.scale85x128.png	7804	7301
9488.scale72x128.png	18191	16974
9490.scale85x128.png	10171	9207
9492.scale18x32.png	1163	1048
9492.scale36x64.png	3341	3164
9492.scale72x128.png	10294	9995
9492.scale864x1536.png	1477183	1357055
9494.scale128x128.png	32009	30541
9496.scale72x128.png	8061	7495
9498.scale21x32.png	1363	1220
9498.scale85x128.png	13488	12782
9500.scale72x128.png	12237	11455
9502.scale85x128.png	7273	6890
9504.scale21x32.png	1141	1070
9504.scale85x128.png	11635	10301
9506.scale18x32.png	1359	1328
9506.scale72x128.png	14197	13992
9508.scale18x32.png	1219	1202
9508.scale27x48.png	2310	2306
9508.scale72x128.png	12083	11826
9510.scale71x128.png	13366	11700
9512.scale72x128.png	10387	9410
9514.scale72x128.png	7893	7157
9354.scale2048x2048.png	10183293	7735704
9516.scale18x32.png	1041	967
9516.scale36x64.png	3012	2866
9516.scale72x128.png	9337	9111
9518.scale72x128.png	14503	10021
9520.scale128x128.png	14862	12914
9522.scale85x128.png	13578	12671
9524.scale85x128.png	12102	11501
9526.scale128x128.png	22402	20320
9528.scale85x128.png	14746	13355
9530.scale71x128.png	12094	10857
9532.scale85x128.png	10304	8119
9534.scale85x128.png	12638	11134
9536.scale85x128.png	8960	8087
9538.scale128x128.png	15155	13112
9540.scale85x128.png	10322	9977
9542.scale85x128.png	7877	7329
9544.scale85x128.png	10214	9222
9546.scale85x128.png	15797	15173
9548.scale128x128.png	15053	13387
9550.scale128x85.png	10572	9252
9552.scale85x128.png	12888	11349
9554.scale128x85.png	9377	8858
9556.scale128x128.png	12945	12005
9558.scale85x128.png	11628	9985
9560.scale85x128.png	15690	13673
9562.scale128x85.png	9309	8074
9564.scale128x128.png	13100	11419
9566.scale128x128.png	17788	16009
9566.scale32x32.png	1465	1438
9568.scale128x128.png	14697	11827
9570.scale85x128.png	15240	13394
9572.scale85x128.png	9449	8818
9574.scale72x128.png	10596	9205
9576.scale128x128.png	15095	13536
9578.scale71x128.png	12757	11134
9580.scale128x85.png	12945	9920
9582.scale128x85.png	7846	6640
9584.scale85x128.png	9517	7823
9586.scale128x85.png	9080	7494
9588.scale85x128.png	6904	5927
9590.scale85x128.png	9829	8235
9592.scale128x128.png	20689	18467
9464.scale2048x2048.png	4505368	3370584
9594.scale85x128.png	12315	10235
9596.scale128x85.png	11805	8863
9598.scale128x128.png	17124	13370
9600.scale128x128.png	21507	18208
9604.scale128x85.png	9771	7820
9602.scale85x128.png	12734	10813
9606.scale128x85.png	7967	5513
9608.scale128x128.png	7209	5774
9612.scale128x85.png	6580	5411
9610.scale85x128.png	6730	5718
9614.scale128x85.png	18032	14756
9616.scale128x128.png	10989	9832
9618.scale128x85.png	12089	11038
9620.scale128x85.png	12351	11513
9620.scale32x21.png	1291	1211
9624.scale128x85.png	13235	10817
9622.scale128x128.png	19083	16436
9626.scale85x128.png	7692	6698
9628.scale128x85.png	10456	8265
9630.scale128x85.png	11313	10640
9632.scale128x72.png	8713	8043
9632.scale32x18.png	1018	900
9634.scale128x72.png	10435	9212
9636.scale128x70.png	9552	8345
9638.scale85x128.png	8716	8215
9640.scale32x17.png	1148	995
9640.scale128x70.png	11921	10093
9642.scale128x85.png	14389	12182
9644.scale128x85.png	8802	7508
9646.scale128x85.png	8640	6212
9648.scale128x85.png	10996	9870
9650.scale128x85.png	9079	7447
9652.scale128x85.png	8206	7480
9654.scale128x85.png	11866	10577
9656.scale85x128.png	7500	6709
9660.scale128x70.png	7274	6323
9658.scale128x71.png	8243	6995
9664.scale21x32.png	517	458
9662.scale128x72.png	7794	6937
9666.scale128x72.png	9350	8511
9664.scale85x128.png	3857	3664
9668.scale128x72.png	8025	7454
9670.scale85x128.png	5835	5311
9674.scale128x70.png	9197	7743
9672.scale128x70.png	11727	8847
9676.scale85x128.png	9688	8382
9678.scale85x128.png	12487	11601
9680.scale21x32.png	1071	1005
9680.scale85x128.png	10740	10023
9682.scale85x128.png	11955	10934
9684.scale85x128.png	12356	11616
9686.scale85x128.png	9868	9034
9232.scale3072x1728.png	8070885	6741439
9688.scale85x128.png	6191	5748
9690.scale85x128.png	10444	9878
9692.scale85x128.png	8065	7338
9694.scale85x128.png	9297	8432
9696.scale85x128.png	9227	8579
9698.scale85x128.png	14330	13219
9700.scale85x128.png	12353	11243
9704.scale128x85.png	7049	6442
9702.scale85x128.png	5585	4868
9706.scale85x128.png	4792	4246
9708.scale85x128.png	9095	8468
9710.scale85x128.png	4780	4439
9712.scale85x128.png	6732	5660
9714.scale85x128.png	6168	5540
9720.scale128x85.png	6310	5982
9716.scale85x128.png	7619	7016
9718.scale85x128.png	5301	4704
9724.scale85x128.png	8949	8504
9722.scale85x128.png	6503	5874
9726.scale128x85.png	11601	10434
9728.scale128x128.png	28282	25978
9730.scale85x128.png	5859	4700
9732.scale128x128.png	15560	13778
9734.scale128x85.png	5164	4529
9738.scale85x128.png	9355	7985
9736.scale128x128.png	19589	16327
9740.scale128x85.png	7592	6641
9746.scale128x85.png	11518	9980
9742.scale128x128.png	19024	17806
9744.scale128x128.png	19319	15931
9748.scale85x128.png	10403	9360
9750.scale128x85.png	8280	7013
9752.scale85x128.png	7124	5900
9756.scale128x128.png	17795	15395
9754.scale128x128.png	19845	15220
9758.scale32x32.png	1359	1276
9758.scale128x128.png	16938	15105
9762.scale128x85.png	11856	9849
9764.scale85x128.png	8705	7631
9760.scale128x128.png	14091	10947
9766.scale32x21.png	718	680
9766.scale48x32.png	1331	1263
9766.scale128x85.png	10223	9709
9768.scale128x85.png	15145	13709
9770.scale128x71.png	7105	6033
9772.scale85x128.png	15656	13192
9774.scale85x128.png	8466	7323
9776.scale85x128.png	10716	8915
9778.scale85x128.png	12629	10889
9780.scale85x128.png	9466	8775
9782.scale85x128.png	11500	10706
9784.scale128x85.png	7306	6476
9768.scale512x341.png	408201	311208
9786.scale128x85.png	8821	7864
9788.scale128x85.png	10528	9317
9792.scale85x128.png	11468	10825
9790.scale128x85.png	10255	8578
9794.scale85x128.png	11601	9868
9796.scale128x85.png	9997	8354
9796.scale32x21.png	968	855
9800.scale128x85.png	6063	5005
9798.scale85x128.png	7911	6972
9804.scale128x85.png	11271	8276
9802.scale128x85.png	7970	6838
9806.scale128x85.png	8183	6306
9808.scale128x128.png	14744	13288
9810.scale128x85.png	7289	6090
9812.scale128x85.png	10116	7114
9814.scale128x85.png	10978	9304
9816.scale85x128.png	7813	6140
9818.scale128x85.png	10801	9055
9820.scale128x128.png	12483	9272
9822.scale85x128.png	3937	3621
9826.scale85x128.png	7504	6696
9824.scale128x85.png	9392	8139
9830.scale128x85.png	9799	8432
9828.scale128x128.png	16908	14314
9832.scale85x128.png	11432	9652
9834.scale85x128.png	8797	7359
9836.scale85x128.png	14919	13524
9838.scale85x128.png	7766	6720
9840.scale85x128.png	10014	8653
9842.scale85x128.png	12344	10050
9844.scale85x128.png	13159	11073
9846.scale85x128.png	13623	11470
9848.scale85x128.png	12456	10173
9850.scale85x128.png	13943	11659
9852.scale85x128.png	11686	9928
9854.scale85x128.png	8816	7615
5000.scale4961x7016.png	26545723	20881856
9856.scale128x70.png	9432	8064
9856.scale32x17.png	890	809
9858.scale128x70.png	6715	5407
9860.scale128x128.png	6483	5923
9862.scale17x32.png	841	744
9862.scale70x128.png	7349	6335
9864.scale128x128.png	13643	12436
9866.scale128x70.png	9960	8773
9868.scale85x128.png	11589	9710
9870.scale128x128.png	17841	15499
9396.scale2160x3840.png	10892858	8100022
9872.scale85x128.png	11095	9961
9874.scale128x85.png	8011	7272
9876.scale85x128.png	16340	15224
9878.scale85x128.png	5869	5332
9880.scale128x85.png	14519	13601
9880.scale32x21.png	1473	1406
9882.scale128x128.png	10453	9424
9884.scale128x128.png	28806	27113
9884.scale48x48.png	4674	4250
9886.scale21x32.png	1254	1129
9886.scale85x128.png	13919	13095
9888.scale128x85.png	16164	15238
8246.scale2880x1800.png	3668166	2480603
9890.scale32x32.png	1950	1814
9890.scale128x128.png	19594	17895
9892.scale128x128.png	15986	12729
9894.scale85x128.png	6385	5449
9896.scale128x85.png	11542	10323
9898.scale85x128.png	14610	13678
9900.scale128x128.png	15642	14362
9902.scale85x128.png	14218	12750
9904.scale85x128.png	9804	9016
9906.scale85x128.png	4151	3925
9908.scale85x128.png	4531	4244
9910.scale85x128.png	4145	3458
9912.scale128x128.png	8596	6953
9914.scale128x128.png	6763	5270
9916.scale85x128.png	3104	2589
9918.scale85x128.png	3111	2531
9920.scale128x128.png	10419	8148
9918.scale512x768.png	96328	73220
9922.scale128x128.png	6255	5063
6826.scale2415x3528.png	9200106	6450096
9860.scale2048x2048.png	1380898	1047907
9924.scale85x128.png	3205	2560
9456.scale2160x3840.png	6869054	6221510
9926.scale128x128.png	11652	8138
9928.scale85x128.png	7863	7510
9930.scale128x128.png	5044	4528
9932.scale128x72.png	3579	3287
9932.scale32x18.png	551	496
9858.scale2816x1536.png	2387044	1561338
9934.scale85x128.png	4228	3302
9936.scale128x128.png	11184	8648
9938.scale85x128.png	4581	4098
9940.scale85x128.png	3833	2957
9924.scale1024x1536.png	417585	315364
9942.scale85x128.png	5336	5007
9944.scale85x128.png	5242	4356
9924.scale683x1024.png	181925	135340
9950.scale85x128.png	6135	5653
9948.scale85x128.png	5266	4972
9946.scale85x128.png	6618	6036
9952.scale85x128.png	6764	6199
9954.scale85x128.png	5026	4343
9956.scale85x128.png	5049	4202
9958.scale85x128.png	6658	6138
9960.scale85x128.png	4906	4137
9962.scale85x128.png	5132	4456
9966.scale128x72.png	5620	5065
9964.scale85x128.png	4601	4092
9968.scale128x71.png	6672	5817
9970.scale72x128.png	5521	5017
9972.scale128x71.png	6241	5118
6624.scale2844x4410.png	13479252	11195538
9974.scale128x85.png	9126	7623
9516.scale1728x3072.png	3631595	3283627
9934.scale683x1024.png	234852	173078
6632.scale5133x4709.png	35910810	33341043
6604.scale4865x7207.png	104035321	83042226
9358.scale3072x1728.png	6619698	5184999
9932.scale3072x1728.png	983928	782416
9466.scale1728x3072.png	6137397	5328097
9354.scale4096x4096.png	36901704	28277630
9920.scale2048x2048.png	3391258	1833817
9770.scale5504x3072.png	6528705	3072050
9968.scale5504x3072.png	5397488	3617286
9870.scale4096x4096.png	11123701	8941129
9972.scale5504x3072.png	1987673	1138701
2406.scale6190x8253.png	68279461	43140793
1454.scale8160x6120.png	31579584	16252786
6808.scale6196x4845.png	48860368	26517790
6606.scale5015x7275.png	66101794	58543343
2402.scale8736x11648.png	174774443	108568587
