relpath	bytes
nope/apancik-public-domain-icons_1800x6396.sdr.png	217739
nope/auto_screen/1440x900/archive__wayback-search__1440x900__dpr1_1440x1441.sdr.png	217726
nope/auto_screen/1440x900/archives__exhibits__1440x900__dpr1_1440x5600.sdr.png	1730363
nope/auto_screen/1440x900/bls__employment-situation__1440x900__dpr1_1440x900.sdr.png	31711
nope/auto_screen/1440x900/climate-gov__home__1440x900__dpr1_1440x2884.sdr.png	1744245
nope/auto_screen/1440x900/climate__news__1440x900__dpr1_1440x6444.sdr.png	3038656
nope/auto_screen/1440x900/datagov__catalog__1440x900__dpr1_1440x6195.sdr.png	944280
nope/auto_screen/1440x900/federalreserve__data__1440x900__dpr1_1440x2719.sdr.png	288553
nope/auto_screen/1440x900/gutenberg__top__1440x900__dpr1_1440x15734.sdr.png	3498641
nope/auto_screen/1440x900/lkml__lists-index__1440x900__dpr1_1440x8025.sdr.png	1891556
nope/auto_screen/1440x900/loc__exhibits__1440x900__dpr1_1440x1507.sdr.png	590295
nope/auto_screen/1440x900/loc__free-to-use__1440x900__dpr1_1440x7312.sdr.png	9381047
nope/auto_screen/1440x900/loc__pictures__1440x900__dpr1_1440x2428.sdr.png	744219
nope/auto_screen/1440x900/nasa__artemis__1440x900__dpr1_1440x9124.sdr.png	3777470
nope/auto_screen/1440x900/nasa__home__1440x900__dpr1_1440x7408.sdr.png	7292714
nope/auto_screen/1440x900/nasa__image-of-day__1440x900__dpr1_1440x4156.sdr.png	5908025
nope/auto_screen/1440x900/nasa__missions__1440x900__dpr1_1440x3667.sdr.png	1072032
nope/auto_screen/1440x900/nasa__news__1440x900__dpr1_1440x4054.sdr.png	2952431
nope/auto_screen/1440x900/nih-recipes__keep-the-beat__1440x900__dpr1_1440x2948.sdr.png	116620
nope/auto_screen/1440x900/nih__home__1440x900__dpr1_1464x2717.sdr.png	1881620
nope/auto_screen/1440x900/noaa__home__1440x900__dpr1_1440x1610.sdr.png	1961061
nope/auto_screen/1440x900/nps__grand-canyon__1440x900__dpr1_1440x5653.sdr.png	6267384
nope/auto_screen/1440x900/nps__grca__1440x900__dpr1_1440x5653.sdr.png	6267410
nope/auto_screen/1440x900/nps__yellowstone__1440x900__dpr1_1440x5981.sdr.png	7275146
nope/auto_screen/1440x900/nps__yosemite__1440x900__dpr1_1440x5973.sdr.png	7607753
nope/auto_screen/1440x900/nps__zion__1440x900__dpr1_1440x5552.sdr.png	6924992
nope/auto_screen/1440x900/si-edu__exhibitions__1440x900__dpr1_2040x3882.sdr.png	2032311
nope/auto_screen/1440x900/terminal__python-repl__1440x900__dpr1_1440x900.sdr.png	76217
nope/auto_screen/1440x900/usaspending__explorer__1440x900__dpr1_1440x1644.sdr.png	126702
nope/auto_screen/1440x900/usgs-main__home__1440x900__dpr1_1440x5170.sdr.png	3487660
nope/auto_screen/1440x900/usgs__news__1440x900__dpr1_1440x2556.sdr.png	1337192
nope/auto_screen/1440x900/usgs__topoview__1440x900__dpr1_1440x1639.sdr.png	610219
nope/auto_screen/1440x900/weather__forecast-nyc__1440x900__dpr1_1440x2313.sdr.png	697598
nope/auto_screen/1440x900/weather__satellites__1440x900__dpr1_1440x1478.sdr.png	918530
nope/auto_screen/1440x900/weatherportal__home__1440x900__dpr1_1440x1406.sdr.png	651073
nope/auto_screen/1440x900/whitehouse__briefing__1440x900__dpr1_1440x2436.sdr.png	215424
nope/auto_screen/1920x1080/archive__wayback-search__1920x1080__dpr1_1920x1460.sdr.png	285045
nope/auto_screen/1920x1080/archives__exhibits__1920x1080__dpr1_1920x5600.sdr.png	1788668
nope/auto_screen/1920x1080/bls__employment-situation__1920x1080__dpr1_1920x1080.sdr.png	36499
nope/auto_screen/1920x1080/climate-gov__home__1920x1080__dpr1_1920x2817.sdr.png	1980977
nope/auto_screen/1920x1080/datagov__catalog__1920x1080__dpr1_1920x6195.sdr.png	965421
nope/auto_screen/1920x1080/federalreserve__data__1920x1080__dpr1_1920x2719.sdr.png	701664
nope/auto_screen/1920x1080/gutenberg__top__1920x1080__dpr1_1920x15734.sdr.png	3565987
nope/auto_screen/1920x1080/lkml__lists-index__1920x1080__dpr1_1920x8025.sdr.png	1938021
nope/auto_screen/1920x1080/loc__exhibits__1920x1080__dpr1_1920x1507.sdr.png	597922
nope/auto_screen/1920x1080/loc__free-to-use__1920x1080__dpr1_1920x7312.sdr.png	9541957
nope/auto_screen/1920x1080/loc__pictures__1920x1080__dpr1_1920x2428.sdr.png	733171
nope/auto_screen/1920x1080/nasa__artemis__1920x1080__dpr1_1920x9223.sdr.png	3368794
nope/auto_screen/1920x1080/nasa__home__1920x1080__dpr1_1920x7408.sdr.png	8076992
nope/auto_screen/1920x1080/nasa__image-of-day__1920x1080__dpr1_1920x4156.sdr.png	7797995
nope/auto_screen/1920x1080/nasa__missions__1920x1080__dpr1_1920x3667.sdr.png	1088886
nope/auto_screen/1920x1080/nasa__news__1920x1080__dpr1_1920x4153.sdr.png	3475351
nope/auto_screen/1920x1080/nasa__perseverance__1920x1080__dpr1_1920x11301.sdr.png	9290204
nope/auto_screen/1920x1080/nih-recipes__keep-the-beat__1920x1080__dpr1_1920x3103.sdr.png	137395
nope/auto_screen/1920x1080/nih__home__1920x1080__dpr1_1944x2909.sdr.png	2267127
nope/auto_screen/1920x1080/noaa__home__1920x1080__dpr1_1920x1588.sdr.png	2220015
nope/auto_screen/1920x1080/noaa__ocean__1920x1080__dpr1_1920x3136.sdr.png	2445794
nope/auto_screen/1920x1080/nps__grand-canyon__1920x1080__dpr1_1920x5653.sdr.png	6719843
nope/auto_screen/1920x1080/nps__grca__1920x1080__dpr1_1920x5653.sdr.png	6720586
nope/auto_screen/1920x1080/nps__yellowstone__1920x1080__dpr1_1920x5981.sdr.png	7765932
nope/auto_screen/1920x1080/nps__yosemite__1920x1080__dpr1_1920x5983.sdr.png	8101543
nope/auto_screen/1920x1080/nps__zion__1920x1080__dpr1_1920x5562.sdr.png	7459500
nope/auto_screen/1920x1080/si-edu__exhibitions__1920x1080__dpr1_2610x3934.sdr.png	1155733
nope/auto_screen/1920x1080/usaspending__explorer__1920x1080__dpr1_1920x1593.sdr.png	120827
nope/auto_screen/1920x1080/usgs-main__home__1920x1080__dpr1_1920x5170.sdr.png	4705384
nope/auto_screen/1920x1080/usgs__home__1920x1080__dpr1_1920x5170.sdr.png	4705384
nope/auto_screen/1920x1080/usgs__topoview__1920x1080__dpr1_1920x1639.sdr.png	797910
nope/auto_screen/1920x1080/weather__forecast-nyc__1920x1080__dpr1_1920x2313.sdr.png	709868
nope/auto_screen/1920x1080/weatherportal__home__1920x1080__dpr1_1920x1406.sdr.png	658446
nope/auto_screen/1920x1080/whitehouse__briefing__1920x1080__dpr1_1920x2652.sdr.png	257424
nope/auto_screen/2880x1800/archive__wayback-search__1440x900__dpr2_2880x2922.sdr.png	412190
nope/auto_screen/2880x1800/archives__exhibits__1440x900__dpr2_2880x11200.sdr.png	4921027
nope/auto_screen/2880x1800/bls__employment-situation__1440x900__dpr2_2880x1800.sdr.png	73465
nope/auto_screen/2880x1800/climate-gov__home__1440x900__dpr2_2880x5770.sdr.png	5006133
nope/auto_screen/2880x1800/datagov__catalog__1440x900__dpr2_2880x12390.sdr.png	2220034
nope/auto_screen/2880x1800/federalreserve__data__1440x900__dpr2_2880x5438.sdr.png	742944
nope/auto_screen/2880x1800/gutenberg__top__1440x900__dpr2_2880x31470.sdr.png	8659468
nope/auto_screen/2880x1800/lkml__lists-index__1440x900__dpr2_2880x16050.sdr.png	4429781
nope/auto_screen/2880x1800/loc__exhibitions__1440x900__dpr2_2880x3014.sdr.png	1599511
nope/auto_screen/2880x1800/loc__exhibits__1440x900__dpr2_2880x3014.sdr.png	1599511
nope/auto_screen/2880x1800/loc__pictures__1440x900__dpr2_2880x4868.sdr.png	2114756
nope/auto_screen/2880x1800/nasa__artemis__1440x900__dpr2_2880x18248.sdr.png	13515451
nope/auto_screen/2880x1800/nasa__home__1440x900__dpr2_2880x14812.sdr.png	12636026
nope/auto_screen/2880x1800/nasa__image-of-day__1440x900__dpr2_2880x8312.sdr.png	22099117
nope/auto_screen/2880x1800/nasa__missions__1440x900__dpr2_2880x7334.sdr.png	3314271
nope/auto_screen/2880x1800/nasa__news__1440x900__dpr2_2880x8108.sdr.png	9513725
nope/auto_screen/2880x1800/nasa__webb__1440x900__dpr2_2880x30052.sdr.png	21969457
nope/auto_screen/2880x1800/nih-recipes__keep-the-beat__1440x900__dpr2_2880x5896.sdr.png	289671
nope/auto_screen/2880x1800/nih__home__1440x900__dpr2_2928x5432.sdr.png	5523919
nope/auto_screen/2880x1800/noaa__home__1440x900__dpr2_2880x3220.sdr.png	5489446
nope/auto_screen/2880x1800/nps__grand-canyon__1440x900__dpr2_2880x11308.sdr.png	19411717
nope/auto_screen/2880x1800/nps__yellowstone__1440x900__dpr2_2880x11962.sdr.png	21746678
nope/auto_screen/2880x1800/nps__yose__1440x900__dpr2_2880x11948.sdr.png	23305450
nope/auto_screen/2880x1800/nps__yosemite__1440x900__dpr2_2880x11948.sdr.png	23297912
nope/auto_screen/2880x1800/nps__zion__1440x900__dpr2_2880x11106.sdr.png	21050501
nope/auto_screen/2880x1800/si-edu__exhibitions__1440x900__dpr2_4080x7764.sdr.png	7208943
nope/auto_screen/2880x1800/usaspending__explorer__1440x900__dpr2_2880x3288.sdr.png	296007
nope/auto_screen/2880x1800/usgs-main__home__1440x900__dpr2_2880x10340.sdr.png	10129530
nope/auto_screen/2880x1800/usgs__topoview__1440x900__dpr2_2880x3278.sdr.png	1559954
nope/auto_screen/2880x1800/weather__forecast-nyc__1440x900__dpr2_2880x4626.sdr.png	1982723
nope/auto_screen/2880x1800/weatherportal__home__1440x900__dpr2_2880x2812.sdr.png	1893255
nope/auto_screen/375x667/archive__wayback-search__375x667__dpr1_375x3662.sdr.png	50648
nope/auto_screen/375x667/archives__exhibits__375x667__dpr1_390x11660.sdr.png	1562390
nope/auto_screen/375x667/bls__employment-situation__375x667__dpr1_375x676.sdr.png	14427
nope/auto_screen/375x667/climate-gov__home__375x667__dpr1_375x4910.sdr.png	761111
nope/auto_screen/375x667/datagov__catalog__375x667__dpr1_375x13148.sdr.png	868718
nope/auto_screen/375x667/federalreserve__data__375x667__dpr1_375x6826.sdr.png	75816
nope/auto_screen/375x667/gutenberg__top__375x667__dpr1_375x30613.sdr.png	2154670
nope/auto_screen/375x667/lkml__lists-index__375x667__dpr1_927x12564.sdr.png	976811
nope/auto_screen/375x667/loc__exhibits__375x667__dpr1_985x1507.sdr.png	182607
nope/auto_screen/375x667/loc__free-to-use__375x667__dpr1_375x13621.sdr.png	5218628
nope/auto_screen/375x667/loc__pictures__375x667__dpr1_985x2428.sdr.png	332793
nope/auto_screen/375x667/nasa__artemis__375x667__dpr1_375x12167.sdr.png	1913224
nope/auto_screen/375x667/nasa__home__375x667__dpr1_375x14825.sdr.png	3760102
nope/auto_screen/375x667/nasa__image-of-day__375x667__dpr1_375x4626.sdr.png	1295969
nope/auto_screen/375x667/nasa__missions__375x667__dpr1_375x5266.sdr.png	861645
nope/auto_screen/375x667/nasa__news__375x667__dpr1_375x5338.sdr.png	1122030
nope/auto_screen/375x667/nasa__webb__375x667__dpr1_375x25155.sdr.png	3441768
nope/auto_screen/375x667/nih-recipes__keep-the-beat__375x667__dpr1_375x3999.sdr.png	51959
nope/auto_screen/375x667/nih__home__375x667__dpr1_383x4104.sdr.png	263876
nope/auto_screen/375x667/noaa__home__375x667__dpr1_375x2391.sdr.png	552610
nope/auto_screen/375x667/nps__grand-canyon__375x667__dpr1_375x9684.sdr.png	2725223
nope/auto_screen/375x667/nps__yellowstone__375x667__dpr1_375x8257.sdr.png	2526381
nope/auto_screen/375x667/nps__yose__375x667__dpr1_375x8895.sdr.png	2909365
nope/auto_screen/375x667/nps__yosemite__375x667__dpr1_375x8865.sdr.png	2775430
nope/auto_screen/375x667/nps__zion__375x667__dpr1_375x8331.sdr.png	2584646
nope/auto_screen/375x667/si-edu__exhibitions__375x667__dpr1_375x13348.sdr.png	4471149
nope/auto_screen/375x667/usaspending__explorer__375x667__dpr1_383x3429.sdr.png	133609
nope/auto_screen/375x667/usgs-main__home__375x667__dpr1_375x9578.sdr.png	1368512
nope/auto_screen/375x667/usgs__topoview__375x667__dpr1_375x2411.sdr.png	53231
nope/auto_screen/375x667/weather__forecast-nyc__375x667__dpr1_375x3962.sdr.png	525018
nope/auto_screen/375x667/weatherportal__home__375x667__dpr1_990x1406.sdr.png	284058
nope/auto_screen/375x667/whitehouse__briefing__375x667__dpr1_375x2550.sdr.png	156474
nope/auto_screen/768x1024/archive__wayback-search__768x1024__dpr1_768x2087.sdr.png	149925
nope/auto_screen/768x1024/archives__exhibits__768x1024__dpr1_778x7713.sdr.png	1422148
nope/auto_screen/768x1024/bls__employment-situation__768x1024__dpr1_768x1024.sdr.png	22937
nope/auto_screen/768x1024/climate-gov__home__768x1024__dpr1_768x3492.sdr.png	818606
nope/auto_screen/768x1024/datagov__catalog__768x1024__dpr1_768x9289.sdr.png	882809
nope/auto_screen/768x1024/federalreserve__data__768x1024__dpr1_768x4809.sdr.png	248343
nope/auto_screen/768x1024/gutenberg__top__768x1024__dpr1_768x17468.sdr.png	3351789
nope/auto_screen/768x1024/lkml__lists-index__768x1024__dpr1_927x12564.sdr.png	1791216
nope/auto_screen/768x1024/loc__exhibitions__768x1024__dpr1_985x1507.sdr.png	572249
nope/auto_screen/768x1024/loc__exhibits__768x1024__dpr1_985x1507.sdr.png	462376
nope/auto_screen/768x1024/loc__pictures__768x1024__dpr1_985x2428.sdr.png	663491
nope/auto_screen/768x1024/nasa__artemis__768x1024__dpr1_768x11667.sdr.png	2852003
nope/auto_screen/768x1024/nasa__home__768x1024__dpr1_768x10829.sdr.png	3656564
nope/auto_screen/768x1024/nasa__image-of-day__768x1024__dpr1_768x3665.sdr.png	2255132
nope/auto_screen/768x1024/nasa__missions__768x1024__dpr1_768x9246.sdr.png	3193993
nope/auto_screen/768x1024/nasa__news__768x1024__dpr1_768x5482.sdr.png	2495036
nope/auto_screen/768x1024/nasa__perseverance__768x1024__dpr1_768x14644.sdr.png	5043453
nope/auto_screen/768x1024/nih-recipes__keep-the-beat__768x1024__dpr1_768x3392.sdr.png	79384
nope/auto_screen/768x1024/nih__home__768x1024__dpr1_776x3493.sdr.png	1078058
nope/auto_screen/768x1024/noaa__home__768x1024__dpr1_768x1700.sdr.png	749853
nope/auto_screen/768x1024/noaa__ocean__768x1024__dpr1_768x3691.sdr.png	1088849
nope/auto_screen/768x1024/nps__grand-canyon__768x1024__dpr1_768x5215.sdr.png	2853550
nope/auto_screen/768x1024/nps__yellowstone__768x1024__dpr1_768x4995.sdr.png	2981354
nope/auto_screen/768x1024/nps__yose__768x1024__dpr1_768x5172.sdr.png	3111643
nope/auto_screen/768x1024/nps__yosemite__768x1024__dpr1_768x5172.sdr.png	3119611
nope/auto_screen/768x1024/nps__zion__768x1024__dpr1_768x4917.sdr.png	3138514
nope/auto_screen/768x1024/si-edu__exhibitions__768x1024__dpr1_768x5189.sdr.png	2273996
nope/auto_screen/768x1024/usaspending__explorer__768x1024__dpr1_768x2782.sdr.png	128644
nope/auto_screen/768x1024/usgs-main__home__768x1024__dpr1_768x7939.sdr.png	2034454
nope/auto_screen/768x1024/usgs__home__768x1024__dpr1_768x7939.sdr.png	2034454
nope/auto_screen/768x1024/usgs__topoview__768x1024__dpr1_768x2362.sdr.png	269183
nope/auto_screen/768x1024/weather__forecast-nyc__768x1024__dpr1_768x3078.sdr.png	798652
nope/auto_screen/768x1024/weather__home__768x1024__dpr1_990x1390.sdr.png	616020
nope/auto_screen/768x1024/weatherportal__home__768x1024__dpr1_990x1406.sdr.png	520051
nope/auto_screen/other/archives__exhibits__1280x800__dpr1_1280x5776.sdr.png	1575662
nope/auto_screen/other/archives__exhibits__667x375__dpr1_682x11133.sdr.png	2484340
nope/auto_screen/other/archives__home__1280x800__dpr1_1280x1558.sdr.png	913506
nope/auto_screen/other/archives__home__414x896__dpr1_429x1903.sdr.png	215332
nope/auto_screen/other/bls__employment-situation__1280x800__dpr1_1280x800.sdr.png	39964
nope/auto_screen/other/bls__employment-situation__414x896__dpr1_414x896.sdr.png	38910
nope/auto_screen/other/cdc__home__1280x800__dpr1_1280x3368.sdr.png	1747195
nope/auto_screen/other/cdc__home__2560x1440__dpr1_2560x3917.sdr.png	3655196
nope/auto_screen/other/cdc__home__414x896__dpr1_414x4911.sdr.png	926875
nope/auto_screen/other/climate-gov__home__1280x800__dpr1_1280x2832.sdr.png	1457362
nope/auto_screen/other/climate__news__667x375__dpr1_667x14299.sdr.png	3535509
nope/auto_screen/other/datagov__catalog__1280x800__dpr1_1280x6222.sdr.png	934451
nope/auto_screen/other/gutenberg__top__1280x800__dpr1_1280x15734.sdr.png	3434725
nope/auto_screen/other/gutenberg__top__375x667__dpr2_750x61630.sdr.png	8581156
nope/auto_screen/other/lkml__lists-index__1280x800__dpr1_1280x8025.sdr.png	1861447
nope/auto_screen/other/loc__pictures__360x640__dpr1_985x2428.sdr.png	722114
nope/auto_screen/other/nasa__artemis__1280x800__dpr1_1280x8994.sdr.png	5783888
nope/auto_screen/other/nasa__missions__1024x768__dpr1_1024x3878.sdr.png	1202061
nope/auto_screen/other/nasa__missions__2560x1440__dpr1_2560x3667.sdr.png	1109710
nope/auto_screen/other/nasa__missions__667x375__dpr1_667x8751.sdr.png	2521125
nope/auto_screen/other/nasa__news__414x896__dpr1_414x5329.sdr.png	1253288
nope/auto_screen/other/nasa__voyager__1280x800__dpr1_1280x6696.sdr.png	2847198
nope/auto_screen/other/nasa__voyager__667x375__dpr1_667x8956.sdr.png	2354993
nope/auto_screen/other/nih-recipes__keep-the-beat__1280x800__dpr1_1280x2925.sdr.png	273363
nope/auto_screen/other/nih__home__414x896__dpr1_422x4011.sdr.png	276852
nope/auto_screen/other/noaa__home__375x667__dpr2_750x4782.sdr.png	1821827
nope/auto_screen/other/nps__acad__1280x800__dpr1_1280x4788.sdr.png	4952121
nope/auto_screen/other/nps__acad__667x375__dpr1_667x5252.sdr.png	2575904
nope/auto_screen/other/nps__grca__414x896__dpr1_414x9878.sdr.png	3302511
nope/auto_screen/other/nps__yell__1024x768__dpr1_1024x5523.sdr.png	4982841
nope/auto_screen/other/nps__yell__2560x1440__dpr1_2560x5981.sdr.png	8046531
nope/auto_screen/other/nps__yellowstone__1280x800__dpr1_1280x5644.sdr.png	5944956
nope/auto_screen/other/nps__yellowstone__414x896__dpr1_414x8406.sdr.png	2858035
nope/auto_screen/other/si-edu__exhibitions__1280x800__dpr1_1280x6230.sdr.png	5011426
nope/auto_screen/other/terminal__cargo-build__1280x1100__dpr1_1280x1100.sdr.png	106454
nope/auto_screen/other/terminal__htop__1280x800__dpr1_1280x800.sdr.png	68069
nope/auto_screen/other/terminal__ls-git-log__1280x900__dpr1_1280x900.sdr.png	113231
nope/auto_screen/other/terminal__nvim-edit__1440x800__dpr1_1440x800.sdr.png	84379
nope/auto_screen/other/usgs__home__667x375__dpr1_667x8203.sdr.png	1897787
nope/auto_screen/other/usgs__news__375x667__dpr2_750x7042.sdr.png	1252563
nope/auto_screen/other/usgs__topoview__1280x800__dpr1_1280x1639.sdr.png	655503
nope/auto_screen/other/weather__forecast-nyc__667x375__dpr1_667x3369.sdr.png	676134
nope/auto_screen/other/weather__home__1280x800__dpr1_1280x1390.sdr.png	630783
nope/auto_screen/other/weather__home__414x896__dpr1_990x1390.sdr.png	624631
nope/auto_screen/other/weather__satellites__414x896__dpr1_414x1972.sdr.png	232441
nope/library-of-congress/iiif-service_rbc_rbc0001_2011_2011rosen0007_0268-full-pct_100-0-default_3961x4651.sdr.png	14976490
nope/library-of-congress/iiif-service_rbc_rbc0001_2011_2011rosen0007_0269-full-pct_100-0-default_3863x4728.sdr.png	16960663
nope/lilith-diagrams/Screenshot 2024-01-26 082346_1841x1444.sdr.png	733731
nope/lilith-diagrams/Screenshot 2024-04-19 125551_1151x811.sdr.png	55457
nope/lilith-diagrams/Screenshot_20221112_111803_2266x1270.sdr.png	1688078
nope/lilith-diagrams/Screenshot_20221119_050910_223x203.sdr.png	7028
nope/lilith-diagrams/Screenshot_20221119_053029_220x203.sdr.png	7347
nope/lilith-diagrams/Screenshot_20260526_072842_Brave_1968x1598.sdr.png	347829
nope/lilith-diagrams/blueprint_2699x4536.sdr.png	252014
nope/lilith-diagrams/lilith-blueprints/3d-sketch-playset-top_2266x1270.sdr.png	1688078
nope/lilith-diagrams/lilith-blueprints/Screenshot 2026-06-08 001344_1881x1280.sdr.png	268646
nope/lilith-diagrams/lilith-blueprints/Screenshot 2026-06-08 001414_2011x1409.sdr.png	355638
nope/lilith-diagrams/lilith-blueprints/Screenshot 2026-06-08 001435_1076x2047.sdr.png	537734
nope/lilith-diagrams/lilith-blueprints/Screenshot 2026-06-08 001443_1660x1521.sdr.png	652286
nope/lilith-diagrams/lilith-blueprints/Screenshot 2026-06-08 001658_1671x2642.sdr.png	318812
nope/lilith-diagrams/lilith-blueprints/Screenshot 2026-06-08 001721_1597x863.sdr.png	27893
nope/lilith-diagrams/lilith-blueprints/Screenshot 2026-06-08 001837_1756x1094.sdr.png	277894
nope/lilith-diagrams/lilith-blueprints/basement-blueprint_2699x4536.sdr.png	252014
nope/lilith-diagrams/lilith-blueprints/floor-blueprint_1151x811.sdr.png	55457
nope/lilith-diagrams/lilith-blueprints/image12_1046x786.sdr.png	95557
nope/lilith-diagrams/lilith-blueprints/roof-blueprint_1841x1444.sdr.png	733731
nope/lilith/nope/_generated-graphics-aa/charts/gen-chart-area__04_pastel_1024sq.qc_1024x1024.sdr.png	48016
nope/lilith/nope/_generated-graphics-aa/charts/gen-chart-bar__01_light_1024sq.qc_1024x1024.sdr.png	32568
nope/lilith/nope/_generated-graphics-aa/charts/gen-chart-boxplot__15_sunset_1024sq.qc_1024x1024.sdr.png	39485
nope/lilith/nope/_generated-graphics-aa/charts/gen-chart-bubble__10_slate_1024sq.qc_1024x1024.sdr.png	76224
nope/lilith/nope/_generated-graphics-aa/charts/gen-chart-candlestick__17_light_1024sq.qc_1024x1024.sdr.png	26203
nope/lilith/nope/_generated-graphics-aa/charts/gen-chart-doughnut__06_contrast_1024sq.qc_1024x1024.sdr.png	94179
nope/lilith/nope/_generated-graphics-aa/charts/gen-chart-funnel__20_pastel_1024sq.qc_1024x1024.sdr.png	44038
nope/lilith/nope/_generated-graphics-aa/charts/gen-chart-gauge__12_pastel_1024sq.qc_1024x1024.sdr.png	59092
nope/lilith/nope/_generated-graphics-aa/charts/gen-chart-horizontalbar__02_slate_1024sq.qc_1024x1024.sdr.png	38802
nope/lilith/nope/_generated-graphics-aa/charts/gen-chart-line__03_solarized_1024sq.qc_1024x1024.sdr.png	50648
nope/lilith/nope/_generated-graphics-aa/charts/gen-chart-ohlc__18_slate_1024sq.qc_1024x1024.sdr.png	29071
nope/lilith/nope/_generated-graphics-aa/charts/gen-chart-pie__01_light_1024sq.qc_1024x1024.sdr.png	67764
nope/lilith/nope/_generated-graphics-aa/charts/gen-chart-pie__02_slate_1024sq.qc_1024x1024.sdr.png	72979
nope/lilith/nope/_generated-graphics-aa/charts/gen-chart-pie__03_solarized_1024sq.qc_1024x1024.sdr.png	68914
nope/lilith/nope/_generated-graphics-aa/charts/gen-chart-pie__04_pastel_1024sq.qc_1024x1024.sdr.png	56867
nope/lilith/nope/_generated-graphics-aa/charts/gen-chart-pie__05_corporate_1024sq.qc_1024x1024.sdr.png	70404
nope/lilith/nope/_generated-graphics-aa/charts/gen-chart-pie__06_contrast_1024sq.qc_1024x1024.sdr.png	64340
nope/lilith/nope/_generated-graphics-aa/charts/gen-chart-pie__07_sunset_1024sq.qc_1024x1024.sdr.png	72699
nope/lilith/nope/_generated-graphics-aa/charts/gen-chart-pie__08_forest_1024sq.qc_1024x1024.sdr.png	74650
nope/lilith/nope/_generated-graphics-aa/charts/gen-chart-polararea__07_sunset_1024sq.qc_1024x1024.sdr.png	132670
nope/lilith/nope/_generated-graphics-aa/charts/gen-chart-progressbar__13_corporate_1024sq.qc_1024x1024.sdr.png	12769
nope/lilith/nope/_generated-graphics-aa/charts/gen-chart-radar__08_forest_1024sq.qc_1024x1024.sdr.png	124611
nope/lilith/nope/_generated-graphics-aa/charts/gen-chart-radialgauge__11_solarized_1024sq.qc_1024x1024.sdr.png	79531
nope/lilith/nope/_generated-graphics-aa/charts/gen-chart-sankey__19_solarized_1024sq.qc_1024x1024.sdr.png	38193
nope/lilith/nope/_generated-graphics-aa/charts/gen-chart-scatter__09_light_1024sq.qc_1024x1024.sdr.png	43934
nope/lilith/nope/_generated-graphics-aa/charts/gen-chart-sparkline__14_contrast_1024sq.qc_1024x1024.sdr.png	51096
nope/lilith/nope/_generated-graphics-aa/charts/gen-chart-stackedbar__05_corporate_1024sq.qc_1024x1024.sdr.png	32112
nope/lilith/nope/_generated-graphics-aa/charts/gen-chart-violin__16_forest_1024sq.qc_1024x1024.sdr.png	73149
nope/lilith/nope/_generated-graphics-aa/grids/gen-chart-heatmap__01_corporate_1024sq.mpl_1024x1024.sdr.png	78097
nope/lilith/nope/_generated-graphics-aa/grids/gen-line-grid__00050_s221fd453_1024sq_1024x1024.sdr.png	39428
nope/lilith/nope/_generated-graphics-aa/grids/gen-line-grid__00065_s0b64cf58_1024sq_1024x1024.sdr.png	31246
nope/lilith/nope/_generated-graphics-aa/grids/gen-line-grid__00136_s3e377a73_1024sq_1024x1024.sdr.png	25591
nope/lilith/nope/_generated-graphics-aa/grids/gen-line-grid__00160_s6215c94e_1024sq_1024x1024.sdr.png	48787
nope/lilith/nope/_generated-graphics-aa/grids/gen-line-grid__00166_s010fb6d2_1024sq_1024x1024.sdr.png	30583
nope/lilith/nope/_generated-graphics-aa/grids/gen-line-grid__00196_s211c1f1f_1024sq_1024x1024.sdr.png	39683
nope/lilith/nope/_generated-graphics-aa/grids/gen-line-grid__00222_s2f495179_1024sq_1024x1024.sdr.png	28098
nope/lilith/nope/_generated-graphics-aa/grids/gen-line-grid__00252_s1b3f1017_1024sq_1024x1024.sdr.png	19595
nope/lilith/nope/_generated-graphics-aa/line-patterns/gen-line-tiling__00056_s6bcec02a_1024sq_1024x1024.sdr.png	574823
nope/lilith/nope/_generated-graphics-aa/line-patterns/gen-line-tiling__00099_s07ea3f1a_1024sq_1024x1024.sdr.png	181850
nope/lilith/nope/_generated-graphics-aa/line-patterns/gen-line-tiling__00118_s306ca2bd_1024sq_1024x1024.sdr.png	651849
nope/lilith/nope/_generated-graphics-aa/line-patterns/gen-line-tiling__00208_s6c4f8551_1024sq_1024x1024.sdr.png	731024
nope/lilith/nope/_generated-graphics-aa/line-patterns/gen-line-tiling__00248_s7c5ddcfb_1024sq_1024x1024.sdr.png	514718
nope/lilith/nope/_generated-graphics-aa/line-patterns/gen-line-tiling__00260_s5da77574_1024sq_1024x1024.sdr.png	380419
nope/lilith/nope/_generated-graphics-aa/lines - Copy/gen-line-concentric__00020_s1aac7045_1024sq_1024x1024.sdr.png	1026549
nope/lilith/nope/_generated-graphics-aa/lines - Copy/gen-line-concentric__00146_s6f881573_1024sq_1024x1024.sdr.png	1078795
nope/lilith/nope/_generated-graphics-aa/lines - Copy/gen-line-concentric__00151_s49cff644_1024sq_1024x1024.sdr.png	803755
nope/lilith/nope/_generated-graphics-aa/lines - Copy/gen-line-concentric__00169_s646cb006_1024sq_1024x1024.sdr.png	311634
nope/lilith/nope/_generated-graphics-aa/lines - Copy/gen-line-concentric__00230_s6a3b9505_1024sq_1024x1024.sdr.png	640931
nope/lilith/nope/_generated-graphics-aa/lines - Copy/gen-line-concentric__00266_s0bc1d2a4_1024sq_1024x1024.sdr.png	1011307
nope/lilith/nope/_generated-graphics-aa/lines - Copy/gen-line-concentric__00268_s2f977bbb_1024sq_1024x1024.sdr.png	803874
nope/lilith/nope/_generated-graphics-aa/lines - Copy/gen-line-concentric__00269_s0382639b_1024sq_1024x1024.sdr.png	996689
nope/lilith/nope/_generated-graphics-aa/lines - Copy/gen-line-starburst__00027_s195cfe6a_1024sq_1024x1024.sdr.png	400010
nope/lilith/nope/_generated-graphics-aa/lines - Copy/gen-line-starburst__00147_s01eaff1e_1024sq_1024x1024.sdr.png	387776
nope/lilith/nope/_generated-graphics-aa/lines - Copy/gen-line-voronoi__00012_s2be0c08d_1024sq_1024x1024.sdr.png	670784
nope/lilith/nope/_generated-graphics-aa/lines - Copy/gen-line-voronoi__00057_s0433bb30_1024sq_1024x1024.sdr.png	729788
nope/lilith/nope/_generated-graphics-aa/lines - Copy/gen-line-voronoi__00069_s46326869_1024sq_1024x1024.sdr.png	768589
nope/lilith/nope/_generated-graphics-aa/lines - Copy/gen-line-voronoi__00121_s3491d29b_1024sq_1024x1024.sdr.png	686664
nope/lilith/nope/_generated-graphics-aa/lines - Copy/gen-line-voronoi__00127_s7957de6d_1024sq_1024x1024.sdr.png	152653
nope/lilith/nope/_generated-graphics-aa/lines - Copy/gen-line-voronoi__00267_s683152f3_1024sq_1024x1024.sdr.png	740544
nope/lilith/nope/_generated-graphics-aa/lines/gen-line-concentric__00020_s1aac7045_1024sq_1024x1024.sdr.png	1026549
nope/lilith/nope/_generated-graphics-aa/lines/gen-line-concentric__00146_s6f881573_1024sq_1024x1024.sdr.png	1078795
nope/lilith/nope/_generated-graphics-aa/lines/gen-line-concentric__00151_s49cff644_1024sq_1024x1024.sdr.png	803755
nope/lilith/nope/_generated-graphics-aa/lines/gen-line-concentric__00169_s646cb006_1024sq_1024x1024.sdr.png	311634
nope/lilith/nope/_generated-graphics-aa/lines/gen-line-concentric__00230_s6a3b9505_1024sq_1024x1024.sdr.png	640931
nope/lilith/nope/_generated-graphics-aa/lines/gen-line-concentric__00266_s0bc1d2a4_1024sq_1024x1024.sdr.png	1011307
nope/lilith/nope/_generated-graphics-aa/lines/gen-line-concentric__00268_s2f977bbb_1024sq_1024x1024.sdr.png	803874
nope/lilith/nope/_generated-graphics-aa/lines/gen-line-concentric__00269_s0382639b_1024sq_1024x1024.sdr.png	996689
nope/lilith/nope/_generated-graphics-aa/lines/gen-line-starburst__00027_s195cfe6a_1024sq_1024x1024.sdr.png	400010
nope/lilith/nope/_generated-graphics-aa/lines/gen-line-starburst__00147_s01eaff1e_1024sq_1024x1024.sdr.png	387776
nope/lilith/nope/_generated-graphics-aa/lines/gen-line-voronoi__00012_s2be0c08d_1024sq_1024x1024.sdr.png	670784
nope/lilith/nope/_generated-graphics-aa/lines/gen-line-voronoi__00057_s0433bb30_1024sq_1024x1024.sdr.png	729788
nope/lilith/nope/_generated-graphics-aa/lines/gen-line-voronoi__00069_s46326869_1024sq_1024x1024.sdr.png	768589
nope/lilith/nope/_generated-graphics-aa/lines/gen-line-voronoi__00121_s3491d29b_1024sq_1024x1024.sdr.png	686664
nope/lilith/nope/_generated-graphics-aa/lines/gen-line-voronoi__00127_s7957de6d_1024sq_1024x1024.sdr.png	152653
nope/lilith/nope/_generated-graphics-aa/lines/gen-line-voronoi__00267_s683152f3_1024sq_1024x1024.sdr.png	740544
nope/lilith/nope/_generated-graphics-aa/polygons/gen-line-polygons__00001_s4fc8f443_1024sq_1024x1024.sdr.png	163061
nope/lilith/nope/_generated-graphics-aa/polygons/gen-line-polygons__00032_s620ec516_1024sq_1024x1024.sdr.png	134002
nope/lilith/nope/_generated-graphics-aa/polygons/gen-line-polygons__00038_s335b5033_1024sq_1024x1024.sdr.png	169456
nope/lilith/nope/_generated-graphics-aa/polygons/gen-line-polygons__00070_s6eb82597_1024sq_1024x1024.sdr.png	205313
nope/lilith/nope/_generated-graphics-aa/polygons/gen-line-polygons__00081_s68404bb1_1024sq_1024x1024.sdr.png	153126
nope/lilith/nope/_generated-graphics-aa/polygons/gen-line-polygons__00105_s5b0fe6d1_1024sq_1024x1024.sdr.png	204211
nope/lilith/nope/_generated-graphics-aa/polygons/gen-line-polygons__00119_s142edf29_1024sq_1024x1024.sdr.png	198439
nope/lilith/nope/_generated-graphics-aa/polygons/gen-line-polygons__00120_s410edf16_1024sq_1024x1024.sdr.png	158446
nope/lilith/nope/_generated-graphics-aa/polygons/gen-line-polygons__00168_s4e34287f_1024sq_1024x1024.sdr.png	173648
nope/lilith/nope/_generated-graphics-aa/polygons/gen-line-polygons__00184_s02a80f0a_1024sq_1024x1024.sdr.png	165783
nope/lilith/nope/_generated-graphics-aa/polygons/gen-line-polygons__00210_s2771b783_1024sq_1024x1024.sdr.png	236118
nope/lilith/nope/_generated-graphics-aa/polygons/gen-line-polygons__00227_s7fca561d_1024sq_1024x1024.sdr.png	137728
nope/lilith/nope/_generated-graphics-aa/polygons/gen-line-polygons__00232_s0b160660_1024sq_1024x1024.sdr.png	138167
nope/lilith/nope/_generated-graphics-aa/polygons/gen-line-polygons__00240_s51df1e6b_1024sq_1024x1024.sdr.png	95871
nope/lilith/nope/_generated-graphics-aa/polygons/gen-line-polygons__00291_s625cdbd7_1024sq_1024x1024.sdr.png	133622
nope/lilith/nope/maps/Screenshot 2025-02-01 185350_2482x1111.sdr.png	990926
nope/lilith/nope/maps/Screenshot 2025-02-01 201311_2349x1774.sdr.png	2297781
nope/lilith/nope/maps/Screenshot 2025-02-01 201357_2709x1843.sdr.png	2981421
nope/lilith/nope/maps/Screenshot 2025-02-15 194504_1314x1704.sdr.png	729395
nope/lilith/nope/maps/Screenshot 2025-02-18 180538_1647x1466.sdr.png	600503
nope/lilith/nope/maps/Topographic_map_example_600x600.sdr.png	155211
nope/lilith/nope/maps/venice8k_edited_8192x4799.sdr.png	73032546
nope/nasa/nasa-20240011013_artemis-status-2024_p03_slide-content_4000x2250.sdr.png	11416742
nope/nasa/nasa-20240011013_artemis-status-2024_p13_slide-content_4000x2250.sdr.png	4914112
nope/nasa/nasa-20240011013_artemis-status-2024_p25_slide-content_4000x2250.sdr.png	4153178
nope/nasa/nasa_nasa-artemis-i-press-kit_p01_2550x3300.sdr.png	6941015
nope/nasa/nasa_nasa-artemis-i-press-kit_p14_2550x3300.sdr.png	471357
nope/nasa/nasa_nasa-artemis-i-press-kit_p28_2550x3300.sdr.png	2789736
nope/nasa/nasa_nasa-artemis-i-reference-guide_p01_2550x3300.sdr.png	2139551
nope/nasa/nasa_nasa-artemis-i-reference-guide_p31_2550x3300.sdr.png	4236579
nope/nasa/nasa_nasa-artemis-i-reference-guide_p61_2550x3300.sdr.png	443006
nope/nasa/nasa_nasa-artemis-ii-press-kit_p01_2550x3300.sdr.png	9475952
nope/nasa/nasa_nasa-artemis-ii-press-kit_p10_2550x3300.sdr.png	426453
nope/nasa/nasa_nasa-artemis-ii-press-kit_p19_2550x3300.sdr.png	375075
nope/nasa/nasa_nasa-artemis-ii-reference-guide_p01_2550x3300.sdr.png	15947980
nope/nasa/nasa_nasa-artemis-ii-reference-guide_p47_2550x3300.sdr.png	767925
nope/nasa/nasa_nasa-artemis-ii-reference-guide_p93_2550x3300.sdr.png	2509869
nope/nasa/nasa_nasa-europa-clipper-press-kit_p01_2550x3300.sdr.png	8379411
nope/nasa/nasa_nasa-europa-clipper-press-kit_p18_2550x3300.sdr.png	3575940
nope/nasa/nasa_nasa-europa-clipper-press-kit_p35_2550x3300.sdr.png	1067356
nope/nasa/nasa_nasa-psyche-press-kit_p01_2550x3300.sdr.png	11544165
nope/nasa/nasa_nasa-psyche-press-kit_p16_2550x3300.sdr.png	397865
nope/nasa/nasa_nasa-psyche-press-kit_p31_2550x3300.sdr.png	1322756
nope/nasa/nasa_nasa-sentinel-6b-press-kit_p01_2550x3300.sdr.png	3345454
nope/nasa/nasa_nasa-sentinel-6b-press-kit_p08_2550x3300.sdr.png	422345
nope/nasa/nasa_nasa-sentinel-6b-press-kit_p15_2550x3300.sdr.png	950177
nope/office-documents/office_census-acs-2024_questionnaire_p01_page1_2550x3300.sdr.png	556712
nope/office-documents/office_fec-form3_campaign-finance_p01_page1_2550x3300.sdr.png	359186
nope/office-documents/office_fedreg-2026-10621_rule_p01_page1_2550x3300.sdr.png	1458117
nope/office-documents/office_fedreg-2026-10639_notice_p01_page1_2550x3300.sdr.png	1454180
nope/office-documents/office_fedreg-2026-10643_proclamation_p01_page1_2550x3300.sdr.png	1410211
nope/office-documents/office_fedreg-2026-10733_presidential-doc_p01_page1_2550x3300.sdr.png	723617
nope/office-documents/office_irs_f1040_p01_page1_2550x3300.sdr.png	804422
nope/office-documents/office_irs_f1040sa_p01_page1_2550x3300.sdr.png	699020
nope/office-documents/office_irs_f1040sb_p01_page1_2550x3300.sdr.png	591892
nope/office-documents/office_irs_f1040sc_p01_page1_2550x3300.sdr.png	739080
nope/office-documents/office_irs_f1040sd_p01_page1_2550x3300.sdr.png	754152
nope/office-documents/office_irs_f1065_p01_page1_2550x3300.sdr.png	757181
nope/office-documents/office_irs_f1099msc_p01_page1_2550x3300.sdr.png	981865
nope/office-documents/office_irs_f1099nec_p01_page1_2550x3301.sdr.png	524423
nope/office-documents/office_irs_f1120_p01_page1_2550x3300.sdr.png	685216
nope/office-documents/office_irs_f720_p01_page1_2550x3300.sdr.png	605291
nope/office-documents/office_irs_f8949_p01_page1_2550x3300.sdr.png	635634
nope/office-documents/office_irs_f941_p01_page1_2550x3300.sdr.png	596521
nope/office-documents/office_irs_fw2_p01_page1_2550x3300.sdr.png	590830
nope/office-documents/office_irs_fw4_p01_page1_2550x3300.sdr.png	795787
nope/office-documents/office_irs_fw7_p01_page1_2550x3300.sdr.png	690171
nope/office-documents/office_irs_fw9_p01_page1_2550x3300.sdr.png	819493
nope/office-documents/office_uspto-11292620_lunar-landing-pad_p01_title_10667x13750.sdr.png	1460187
nope/office-documents/office_uspto-11292620_lunar-landing-pad_p04_drawings_10667x13750.sdr.png	843230
nope/office-documents/office_uspto-11725513_permafrost-mining-propellant_p01_title_10667x13750.sdr.png	1809839
nope/office-documents/office_uspto-11725513_permafrost-mining-propellant_p05_drawings_10667x13750.sdr.png	1019217
nope/office-documents/office_uspto-12190202_quantum-chip_p01_title_10667x13750.sdr.png	1478968
nope/office-documents/office_uspto-12190202_quantum-chip_p04_drawings_10667x13750.sdr.png	1136233
nope/office-documents/office_uspto-12353965_ai-driven-quantum-computing_p01_title_10667x13750.sdr.png	1509128
nope/office-documents/office_uspto-12353965_ai-driven-quantum-computing_p04_drawings_10667x13750.sdr.png	2515948
nope/office-documents/office_va-21-526ez_disability-claim_p01_page1_2550x3300.sdr.png	957989
nope/skitter/angelfish-1-van-1_5725x3690.sdr.png	33542013
nope/skitter/bubble-galaxy-free-license-cc0_4386x2859.sdr.png	7833202
nope/skitter/canal-in-amsterdam_4909x3234.sdr.png	18685986
nope/skitter/colorful-shutters_5775x3695.sdr.png	31881460
nope/skitter/dandelion-843358_4599x2438.sdr.png	11864358
nope/skitter/dsc-0367_1839x1228.sdr.png	2605903
nope/skitter/dsc-8916_6016x4016.sdr.png	32088669
nope/skitter/dsc0075_4608x3072.sdr.png	19746836
nope/skitter/flowers-in-a-pot-1_5130x3441.sdr.png	11137092
nope/skitter/george-sultan32_3000x1688.sdr.png	3869240
nope/skitter/img-3318_4272x2848.sdr.png	12085966
nope/skitter/img-3423_4272x2848.sdr.png	10559473
nope/skitter/isolated-acorn-1_4220x2817.sdr.png	5203486
nope/skitter/jetty-by-night-1_5724x3817.sdr.png	27762162
nope/skitter/lelie2_4889x4016.sdr.png	10177558
nope/skitter/pencils-452238_5184x3456.sdr.png	18653865
nope/skitter/vienna-45_2730x1820.sdr.png	6446325
nope/skitter/work-place_5667x3679.sdr.png	16954983
nope/skitter/x8a1158_6160x4640.sdr.png	17277421
nope/skitter/x8a1294_6160x4640.sdr.png	28730950
nope/skitter/x8a1470_6160x4640.sdr.png	17681104
