1000.scale128x96.png	8	2	0	-
1000.scale32x24.png	8	2	0	-
1002.scale128x96.png	8	2	0	-
1004.scale96x128.png	8	2	0	-
1006.scale96x128.png	8	2	0	-
1008.scale96x128.png	8	2	0	-
1010.scale96x128.png	8	2	0	-
1012.scale90x128.png	8	2	0	-
1014.scale128x96.png	8	2	0	-
1014.scale1536x1152.png	8	2	0	-
1014.scale48x36.png	8	2	0	-
1016.scale1730x3072.png	8	2	0	-
1016.scale72x128.png	8	2	0	-
1018.scale36x48.png	8	2	0	-
1018.scale96x128.png	8	2	0	-
1020.scale24x32.png	8	2	0	-
1020.scale96x128.png	8	2	0	-
1022.scale96x128.png	8	2	0	-
1024.scale96x128.png	8	2	0	-
1026.scale3000x4000.png	8	2	0	-
1026.scale96x128.png	8	2	0	-
1028.scale72x128.png	8	2	0	-
1030.scale96x128.png	8	2	0	-
1032.scale128x96.png	8	2	0	-
1034.scale24x32.png	8	2	0	-
1034.scale2574x3432.png	8	2	0	-
1034.scale36x48.png	8	2	0	-
1034.scale576x768.png	8	2	0	-
1034.scale96x128.png	8	2	0	-
1036.scale96x128.png	8	2	0	-
1038.scale96x128.png	8	2	0	-
1040.scale96x128.png	8	2	0	-
1042.scale128x96.png	8	2	0	-
1042.scale1536x1152.png	8	2	0	-
1042.scale4000x3000.png	8	2	0	-
1044.scale1536x2048.png	8	2	0	-
1044.scale96x128.png	8	2	0	-
1046.scale128x96.png	8	2	0	-
1048.scale3000x4000.png	8	2	0	-
1048.scale96x128.png	8	2	0	-
1050.scale128x96.png	8	2	0	-
1052.scale96x128.png	8	2	0	-
1054.scale96x128.png	8	2	0	-
1056.scale96x128.png	8	2	0	-
1058.scale96x128.png	8	2	0	-
1060.scale96x128.png	8	2	0	-
1062.scale96x128.png	8	2	0	-
1064.scale96x128.png	8	2	0	-
1066.scale96x128.png	8	2	0	-
1068.scale192x256.png	8	2	0	-
1068.scale2304x3072.png	8	2	0	-
1068.scale24x32.png	8	2	0	-
1068.scale384x512.png	8	2	0	-
1068.scale96x128.png	8	2	0	-
1070.scale128x96.png	8	2	0	-
1200.scale128x96.png	8	2	0	-
1202.scale96x128.png	8	2	0	-
1204.scale96x128.png	8	2	0	-
1206.scale96x128.png	8	2	0	-
1208.scale96x128.png	8	2	0	-
1210.scale96x128.png	8	2	0	-
1212.scale96x128.png	8	2	0	-
1214.scale108x128.png	8	2	0	-
1216.scale96x128.png	8	2	0	-
1218.scale96x128.png	8	2	0	-
1220.scale96x128.png	8	2	0	-
1222.scale128x96.png	8	2	0	-
1224.scale128x96.png	8	2	0	-
1226.scale128x96.png	8	2	0	-
1228.scale128x96.png	8	2	0	-
1230.scale96x128.png	8	2	0	-
1232.scale3000x4000.png	8	2	0	-
1232.scale96x128.png	8	2	0	-
1234.scale96x128.png	8	2	0	-
1236.scale96x128.png	8	2	0	-
1238.scale96x128.png	8	2	0	-
1240.scale96x128.png	8	2	0	-
1242.scale96x128.png	8	2	0	-
1244.scale96x128.png	8	2	0	-
1246.scale128x96.png	8	2	0	-
1248.scale99x128.png	8	2	0	-
1400.scale128x96.png	8	2	0	-
1402.scale128x96.png	8	2	0	-
1404.scale128x96.png	8	2	0	-
1406.scale128x72.png	8	2	0	-
1406.scale32x18.png	8	2	0	-
1408.scale128x96.png	8	2	0	-
1410.scale128x96.png	8	2	0	-
1412.scale128x96.png	8	2	0	-
1414.scale128x96.png	8	2	0	-
1416.scale128x96.png	8	2	0	-
1416.scale48x36.png	8	2	0	-
1418.scale3000x4000.png	8	2	0	-
1418.scale96x128.png	8	2	0	-
1420.scale96x128.png	8	2	0	-
1422.scale96x128.png	8	2	0	-
1424.scale96x128.png	8	2	0	-
1426.scale96x128.png	8	2	0	-
1428.scale96x128.png	8	2	0	-
1430.scale96x128.png	8	2	0	-
1432.scale96x128.png	8	2	0	-
1434.scale96x128.png	8	2	0	-
1436.scale96x128.png	8	2	0	-
1438.scale48x64.png	8	2	0	-
1438.scale96x128.png	8	2	0	-
1440.scale96x128.png	8	2	0	-
1442.scale128x96.png	8	2	0	-
1442.scale2048x1536.png	8	2	0	-
1442.scale3072x2304.png	8	2	0	-
1442.scale4000x3000.png	8	2	0	-
1442.scale768x576.png	8	2	0	-
1446.scale128x60.png	8	2	0	-
1448.scale1435x3072.png	8	2	0	-
1448.scale60x128.png	8	2	0	-
1450.scale128x60.png	8	2	0	-
1452.scale60x128.png	8	2	0	-
1454.scale128x96.png	8	2	0	-
1454.scale8160x6120.png	8	2	0	-
1456.scale96x128.png	8	2	0	-
1460.scale24x32.png	8	2	0	-
1460.scale96x128.png	8	2	0	-
1462.scale96x128.png	8	2	0	-
1464.scale96x128.png	8	2	0	-
1466.scale128x96.png	8	2	0	-
1466.scale48x36.png	8	2	0	-
1468.scale96x128.png	8	2	0	-
1470.scale96x128.png	8	2	0	-
1472.scale128x96.png	8	2	0	-
1474.scale96x128.png	8	2	0	-
1476.scale24x32.png	8	2	0	-
1476.scale96x128.png	8	2	0	-
1478.scale128x96.png	8	2	0	-
1480.scale128x96.png	8	2	0	-
1482.scale3000x4000.png	8	2	0	-
1482.scale96x128.png	8	2	0	-
1484.scale96x128.png	8	2	0	-
1486.scale96x128.png	8	2	0	-
1488.scale96x128.png	8	2	0	-
1490.scale96x128.png	8	2	0	-
1492.scale96x128.png	8	2	0	-
1494.scale128x96.png	8	2	0	-
1496.scale128x104.png	8	2	0	-
1498.scale36x48.png	8	2	0	-
1498.scale96x128.png	8	2	0	-
1500.scale128x96.png	8	2	0	-
1502.scale96x128.png	8	2	0	-
1504.scale128x96.png	8	2	0	-
1506.scale128x96.png	8	2	0	-
1508.scale128x96.png	8	2	0	-
1510.scale24x32.png	8	2	0	-
1510.scale96x128.png	8	2	0	-
1512.scale48x64.png	8	2	0	-
1512.scale96x128.png	8	2	0	-
1514.scale96x128.png	8	2	0	-
1516.scale91x128.png	8	2	0	-
1518.scale96x128.png	8	2	0	-
1520.scale96x128.png	8	2	0	-
1522.scale128x96.png	8	2	0	-
1522.scale96x72.png	8	2	0	-
1524.scale96x128.png	8	2	0	-
1526.scale24x32.png	8	2	0	-
1526.scale96x128.png	8	2	0	-
1528.scale128x96.png	8	2	0	-
1528.scale5712x4284.png	8	2	0	-
1530.scale96x128.png	8	2	0	-
1532.scale96x128.png	8	2	0	-
1534.scale96x128.png	8	2	0	-
1536.scale96x128.png	8	2	0	-
1538.scale96x128.png	8	2	0	-
1540.scale36x48.png	8	2	0	-
1540.scale4284x5712.png	8	2	0	-
1540.scale96x128.png	8	2	0	-
1542.scale1536x2048.png	8	2	0	-
1542.scale96x128.png	8	2	0	-
1544.scale96x128.png	8	2	0	-
1546.scale3024x4032.png	8	2	0	-
1546.scale96x128.png	8	2	0	-
1548.scale36x48.png	8	2	0	-
1548.scale72x96.png	8	2	0	-
1548.scale96x128.png	8	2	0	-
1550.scale96x128.png	8	2	0	-
1552.scale1024x745.png	8	2	0	-
1552.scale128x93.png	8	2	0	-
1552.scale1924x1400.png	8	2	0	-
1552.scale32x23.png	8	2	0	-
1554.scale94x128.png	8	2	0	-
1556.scale60x128.png	8	2	0	-
1600.scale128x96.png	8	2	0	-
1600.scale32x24.png	8	2	0	-
1600.scale4032x3024.png	8	2	0	-
1602.scale128x96.png	8	2	0	-
1604.scale96x128.png	8	2	0	-
1606.scale128x79.png	8	2	0	-
1608.scale128x96.png	8	2	0	-
1610.scale96x128.png	8	2	0	-
1612.scale128x96.png	8	2	0	-
1614.scale128x96.png	8	2	0	-
1616.scale128x96.png	8	2	0	-
1618.scale96x128.png	8	2	0	-
1620.scale96x128.png	8	2	0	-
1622.scale96x128.png	8	2	0	-
1624.scale128x96.png	8	2	0	-
1626.scale96x128.png	8	2	0	-
1628.scale96x128.png	8	2	0	-
1630.scale128x96.png	8	2	0	-
1632.scale96x128.png	8	2	0	-
1634.scale96x128.png	8	2	0	-
1636.scale128x96.png	8	2	0	-
1638.scale96x128.png	8	2	0	-
1640.scale96x128.png	8	2	0	-
2000.scale85x128.png	8	2	0	-
2002.scale85x128.png	8	2	0	-
2004.scale21x32.png	8	2	0	-
2004.scale2945x4417.png	8	2	0	-
2004.scale85x128.png	8	2	0	-
2006.scale85x128.png	8	2	0	-
2008.scale102x128.png	8	2	0	-
2010.scale102x128.png	8	2	0	-
2010.scale3944x4930.png	8	2	0	-
2012.scale128x96.png	8	0	0	-
2012.scale48x36.png	8	0	0	-
2014.scale128x85.png	8	2	0	-
2016.scale85x128.png	8	2	0	-
2018.scale128x128.png	8	2	0	-
2018.scale3072x3072.png	8	2	0	-
2018.scale4774x4774.png	8	2	0	-
2020.scale85x128.png	8	2	0	-
2022.scale32x48.png	8	2	0	-
2022.scale85x128.png	8	2	0	-
2024.scale4672x7008.png	8	2	0	-
2024.scale85x128.png	8	2	0	-
2026.scale128x85.png	8	2	0	-
2200.scale128x72.png	8	2	0	-
2200.scale7680x4320.png	8	2	0	-
2202.scale128x128.png	8	2	0	-
2202.scale3000x3000.png	8	2	0	-
2204.scale1728x3072.png	8	3	0	PLTE
2204.scale4320x7680.png	8	3	0	PLTE
2204.scale72x128.png	8	0	0	-
2206.scale128x72.png	8	2	0	-
2206.scale1536x864.png	8	2	0	-
2206.scale32x18.png	8	2	0	-
2206.scale96x54.png	8	2	0	-
2208.scale85x128.png	8	2	0	-
2210.scale102x128.png	8	2	0	-
2210.scale1638x2048.png	8	2	0	-
2210.scale4000x5000.png	8	2	0	-
2210.scale410x512.png	8	2	0	-
2212.scale128x96.png	8	2	0	-
2212.scale6144x4608.png	8	2	0	-
2400.scale3062x4096.png	8	2	0	-
2400.scale36x48.png	8	2	0	-
2400.scale766x1024.png	8	2	0	-
2400.scale96x128.png	8	2	0	-
2402.scale8736x11648.png	8	2	0	-
2402.scale96x128.png	8	2	0	-
2404.scale1024x1024.png	8	2	0	-
2404.scale128x128.png	8	2	0	-
2404.scale3024x3024.png	8	2	0	-
2404.scale64x64.png	8	2	0	-
2406.scale6190x8253.png	8	2	0	-
2406.scale96x128.png	8	2	0	-
2408.scale96x128.png	8	2	0	-
3000.scale72x128.png	8	2	0	-
3002.scale105x128.png	8	2	0	-
3004.scale96x128.png	8	2	0	-
3006.scale128x95.png	8	2	0	-
3008.scale128x92.png	8	2	0	-
3010.scale100x128.png	8	2	0	-
3010.scale2411x3072.png	8	2	0	-
3012.scale128x102.png	8	2	0	-
3012.scale32x25.png	8	2	0	-
3014.scale128x106.png	8	2	0	-
3300.scale37x48.png	8	2	0	-
3300.scale97x128.png	8	2	0	-
3302.scale128x86.png	8	0	0	-
3302.scale2362x1585.png	8	0	0	-
3304.scale102x128.png	8	2	0	-
3306.scale128x128.png	8	2	0	-
3308.scale128x90.png	8	2	0	-
3310.scale128x96.png	8	2	0	-
3312.scale101x128.png	8	2	0	-
3312.scale3150x4000.png	8	2	0	-
3314.scale128x90.png	8	0	0	-
3314.scale4000x2826.png	8	3	0	PLTE
3316.scale128x84.png	8	2	0	-
3318.scale124x128.png	8	2	0	-
3320.scale1024x573.png	8	2	0	-
3320.scale128x72.png	8	2	0	-
3320.scale3841x2149.png	8	2	0	-
3322.scale96x128.png	8	2	0	-
5000.scale4961x7016.png	8	2	0	-
5000.scale91x128.png	8	2	0	-
5002.scale93x128.png	8	2	0	-
5004.scale128x91.png	8	2	0	-
5006.scale2896x4096.png	8	2	0	-
5006.scale34x48.png	8	2	0	-
5006.scale4961x7016.png	8	2	0	-
5006.scale91x128.png	8	2	0	-
5008.scale99x128.png	8	2	0	-
5010.scale89x128.png	8	2	0	-
5012.scale128x128.png	8	2	0	-
5014.scale128x34.png	8	2	0	-
5014.scale256x68.png	8	2	0	-
5014.scale32x8.png	8	2	0	-
5014.scale4096x1086.png	8	2	0	-
5014.scale768x204.png	8	2	0	-
5014.scale9355x2481.png	8	2	0	-
5016.scale10182x5460.png	8	2	0	-
5016.scale128x69.png	8	2	0	-
5016.scale32x17.png	8	2	0	-
5016.scale384x206.png	8	2	0	-
5018.scale128x118.png	8	2	0	-
5018.scale5650x5200.png	8	2	0	-
5020.scale1024x402.png	8	2	0	-
5020.scale128x50.png	8	2	0	-
5020.scale4096x1609.png	8	2	0	-
5022.scale128x99.png	8	2	0	-
5024.scale78x128.png	8	2	0	-
5026.scale109x128.png	8	2	0	-
5028.scale91x128.png	8	2	0	-
5030.scale91x128.png	8	2	0	-
5032.scale103x128.png	8	2	0	-
5032.scale2590x3209.png	8	2	0	-
5034.scale29x48.png	8	3	0	PLTE
5034.scale78x128.png	8	3	0	PLTE
5036.scale3300x5100.png	8	2	0	-
5036.scale83x128.png	8	2	0	-
5038.scale78x128.png	8	2	0	-
5040.scale99x128.png	8	2	0	-
5042.scale99x128.png	8	2	0	-
5044.scale99x128.png	8	2	0	-
5046.scale128x99.png	8	2	0	-
5048.scale78x128.png	8	2	0	-
5050.scale128x78.png	8	2	0	-
5052.scale78x128.png	8	3	0	PLTE
5052.scale933x1536.png	8	2	0	-
5054.scale78x128.png	8	3	0	PLTE
5056.scale37x48.png	8	3	0	PLTE
5056.scale99x128.png	8	2	0	-
5058.scale25x32.png	8	2	0	-
5058.scale99x128.png	8	2	0	-
5200.scale99x128.png	8	2	0	-
5202.scale99x128.png	8	2	0	-
5204.scale99x128.png	8	2	0	-
5206.scale99x128.png	8	2	0	-
5208.scale99x128.png	8	2	0	-
5210.scale99x128.png	8	2	0	-
5212.scale99x128.png	8	2	0	-
5214.scale791x1024.png	8	2	0	-
5214.scale99x128.png	8	2	0	-
5216.scale99x128.png	8	2	0	-
5218.scale99x128.png	8	2	0	-
5220.scale99x128.png	8	2	0	-
5222.scale2968x3841.png	8	2	0	-
5222.scale99x128.png	8	2	0	-
5224.scale99x128.png	8	2	0	-
5300.scale99x128.png	8	2	0	-
5302.scale1583x2048.png	8	2	0	-
5302.scale25x32.png	8	2	0	-
5302.scale99x128.png	8	2	0	-
5304.scale99x128.png	8	3	0	PLTE
5306.scale99x128.png	8	3	0	PLTE
5308.scale99x128.png	8	2	0	-
5310.scale99x128.png	8	2	0	-
5312.scale99x128.png	8	2	0	-
5314.scale1583x2048.png	8	2	0	-
5314.scale2550x3300.png	8	2	0	-
5314.scale37x48.png	8	2	0	-
5314.scale593x768.png	8	2	0	-
5314.scale99x128.png	8	2	0	-
5316.scale128x99.png	8	2	0	-
5318.scale99x128.png	8	2	0	-
5320.scale99x128.png	8	2	0	-
5322.scale99x128.png	8	2	0	-
5324.scale99x128.png	8	2	0	-
5326.scale99x128.png	8	2	0	-
5328.scale1024x791.png	8	2	0	-
5328.scale128x99.png	8	2	0	-
5330.scale99x128.png	8	2	0	-
5332.scale99x128.png	8	2	0	-
5334.scale99x128.png	8	2	0	-
5336.scale99x128.png	8	2	0	-
5338.scale99x128.png	8	2	0	-
5340.scale99x128.png	8	2	0	-
5342.scale99x128.png	8	2	0	-
6000.scale87x128.png	8	0	0	-
6002.scale87x128.png	8	0	0	-
6004.scale87x128.png	8	0	0	-
6006.scale87x128.png	8	0	0	-
6008.scale2320x3408.png	1	3	0	PLTE
6008.scale87x128.png	8	0	0	-
6010.scale87x128.png	8	0	0	-
6012.scale2091x3072.png	8	3	0	PLTE
6012.scale87x128.png	8	0	0	-
6014.scale33x48.png	8	0	0	-
6014.scale87x128.png	8	0	0	-
6016.scale87x128.png	8	0	0	-
6018.scale1046x1536.png	8	3	0	PLTE
6018.scale87x128.png	8	0	0	-
6020.scale87x128.png	8	0	0	-
6022.scale87x128.png	8	0	0	-
6024.scale87x128.png	8	0	0	-
6026.scale87x128.png	8	0	0	-
6028.scale2320x3408.png	1	3	0	PLTE
6028.scale87x128.png	8	0	0	-
6030.scale98x128.png	8	2	0	-
6032.scale98x128.png	8	2	0	-
6034.scale98x128.png	8	2	0	-
6036.scale98x128.png	8	2	0	-
6038.scale98x128.png	8	2	0	-
6040.scale2358x3072.png	8	2	0	-
6040.scale98x128.png	8	2	0	-
6042.scale786x1024.png	8	2	0	-
6042.scale98x128.png	8	2	0	-
6044.scale98x128.png	8	2	0	-
6046.scale98x128.png	8	2	0	-
6048.scale98x128.png	8	2	0	-
6050.scale98x128.png	8	2	0	-
6052.scale98x128.png	8	2	0	-
6054.scale98x128.png	8	2	0	-
6056.scale2358x3072.png	8	2	0	-
6056.scale98x128.png	8	2	0	-
6058.scale2358x3072.png	8	2	0	-
6058.scale25x32.png	4	3	0	PLTE
6058.scale37x48.png	4	3	0	PLTE
6058.scale98x128.png	8	3	0	PLTE
6060.scale98x128.png	8	0	0	-
6062.scale98x128.png	8	0	0	-
6064.scale98x128.png	8	0	0	-
6066.scale98x128.png	8	0	0	-
6068.scale98x128.png	8	0	0	-
6070.scale98x128.png	8	0	0	-
6072.scale98x128.png	8	0	0	-
6074.scale98x128.png	8	0	0	-
6076.scale25x32.png	8	0	0	-
6076.scale98x128.png	8	0	0	-
6078.scale98x128.png	8	0	0	-
6080.scale98x128.png	8	0	0	-
6082.scale98x128.png	8	0	0	-
6084.scale98x128.png	8	0	0	-
6086.scale98x128.png	8	0	0	-
6088.scale98x128.png	4	3	0	PLTE
6090.scale2320x3408.png	1	3	0	PLTE
6090.scale87x128.png	8	0	0	-
6092.scale98x128.png	8	2	0	-
6094.scale98x128.png	8	2	0	-
6096.scale98x128.png	8	0	0	-
6098.scale87x128.png	8	0	0	-
6100.scale87x128.png	8	0	0	-
6102.scale2320x3408.png	1	3	0	PLTE
6102.scale87x128.png	8	0	0	-
6104.scale87x128.png	8	0	0	-
6106.scale98x128.png	8	2	0	-
6108.scale98x128.png	8	2	0	-
6110.scale2479x3230.png	8	3	0	PLTE
6110.scale98x128.png	8	0	0	-
6112.scale98x128.png	8	0	0	-
6600.scale2143x3072.png	8	2	0	-
6600.scale33x48.png	8	2	0	-
6600.scale89x128.png	8	2	0	-
6602.scale1396x2048.png	8	2	0	-
6602.scale175x256.png	8	2	0	-
6602.scale87x128.png	8	2	0	-
6604.scale1382x2048.png	8	2	0	-
6604.scale2074x3072.png	8	2	0	-
6604.scale2765x4096.png	8	2	0	-
6604.scale4865x7207.png	8	2	0	-
6604.scale86x128.png	8	2	0	-
6606.scale1059x1536.png	8	2	0	-
6606.scale176x256.png	8	2	0	-
6606.scale22x32.png	8	2	0	-
6606.scale265x384.png	8	2	0	-
6606.scale2824x4096.png	8	2	0	-
6606.scale33x48.png	8	2	0	-
6606.scale5015x7275.png	8	2	0	-
6606.scale66x96.png	8	2	0	-
6606.scale88x128.png	8	2	0	-
6608.scale128x102.png	8	2	0	-
6610.scale128x101.png	8	2	0	-
6612.scale88x128.png	8	2	0	-
6614.scale86x128.png	8	2	0	-
6616.scale44x64.png	8	2	0	-
6616.scale88x128.png	8	2	0	-
6618.scale85x128.png	8	2	0	-
6620.scale85x128.png	8	2	0	-
6622.scale85x128.png	8	2	0	-
6624.scale21x32.png	8	2	0	-
6624.scale2844x4410.png	8	2	0	-
6624.scale31x48.png	8	2	0	-
6624.scale83x128.png	8	2	0	-
6626.scale83x128.png	8	2	0	-
6628.scale128x123.png	8	2	0	-
6628.scale3072x2959.png	8	2	0	-
6630.scale128x119.png	8	2	0	-
6632.scale128x117.png	8	2	0	-
6632.scale1536x1409.png	8	2	0	-
6632.scale5133x4709.png	8	2	0	-
6634.scale110x128.png	8	2	0	-
6800.scale83x128.png	8	2	0	-
6802.scale85x128.png	8	2	0	-
6804.scale85x128.png	8	2	0	-
6806.scale128x101.png	8	2	0	-
6808.scale128x100.png	8	2	0	-
6808.scale6196x4845.png	8	2	0	-
6810.scale85x128.png	8	2	0	-
6812.scale85x128.png	8	2	0	-
6814.scale85x128.png	8	2	0	-
6816.scale86x128.png	8	2	0	-
6818.scale87x128.png	8	2	0	-
6820.scale88x128.png	8	2	0	-
6822.scale88x128.png	8	2	0	-
6824.scale88x128.png	8	2	0	-
6826.scale22x32.png	8	2	0	-
6826.scale2415x3528.png	8	2	0	-
6826.scale263x384.png	8	2	0	-
6826.scale66x96.png	8	2	0	-
6826.scale88x128.png	8	2	0	-
6828.scale89x128.png	8	2	0	-
6830.scale88x128.png	8	2	0	-
6832.scale89x128.png	8	2	0	-
6834.scale88x128.png	8	2	0	-
7000.scale128x128.png	8	2	0	-
7000.scale384x384.png	8	2	0	-
7000.scale512x512.png	8	2	0	-
7002.scale1024x1024.png	8	2	0	-
7002.scale128x128.png	8	2	0	-
7002.scale256x256.png	8	2	0	-
7002.scale32x32.png	8	2	0	-
7002.scale768x768.png	8	2	0	-
7004.scale128x128.png	8	2	0	-
7006.scale128x128.png	8	3	0	PLTE
7008.scale128x128.png	8	3	0	PLTE
7010.scale1024x1024.png	1	3	0	PLTE
7010.scale128x128.png	8	3	0	PLTE
7012.scale1024x1024.png	1	3	0	PLTE
7012.scale128x128.png	8	0	0	-
7014.scale1024x1024.png	1	3	0	PLTE
7014.scale128x128.png	8	2	0	-
7016.scale1024x1024.png	4	3	0	PLTE
7016.scale128x128.png	8	2	0	-
7016.scale256x256.png	8	2	0	-
7018.scale1024x1024.png	8	3	0	PLTE
7018.scale128x128.png	8	2	0	-
7018.scale384x384.png	8	2	0	-
7018.scale96x96.png	8	2	0	-
7020.scale1024x1024.png	8	3	0	PLTE
7020.scale128x128.png	8	2	0	-
7020.scale48x48.png	8	2	0	-
7022.scale1024x1024.png	4	3	0	PLTE
7022.scale128x128.png	8	2	0	-
7024.scale1024x1024.png	8	3	0	PLTE
7024.scale128x128.png	8	2	0	-
7026.scale1024x1024.png	4	3	0	PLTE
7026.scale128x128.png	8	2	0	-
7028.scale128x128.png	8	2	0	-
7028.scale48x48.png	8	2	0	-
7030.scale1024x1024.png	4	3	0	PLTE
7030.scale128x128.png	8	2	0	-
7032.scale128x128.png	8	2	0	-
7034.scale128x128.png	8	2	0	-
7036.scale128x128.png	8	2	0	-
7038.scale1024x1024.png	8	2	0	-
7038.scale128x128.png	8	2	0	-
7038.scale192x192.png	8	2	0	-
7038.scale256x256.png	8	2	0	-
7038.scale32x32.png	8	2	0	-
7038.scale384x384.png	8	2	0	-
7038.scale48x48.png	8	2	0	-
7038.scale64x64.png	8	2	0	-
7038.scale96x96.png	8	2	0	-
7040.scale1024x1024.png	8	2	0	-
7040.scale128x128.png	8	2	0	-
7040.scale192x192.png	8	2	0	-
7040.scale32x32.png	8	2	0	-
7040.scale48x48.png	8	2	0	-
7040.scale64x64.png	8	2	0	-
7040.scale96x96.png	8	2	0	-
7042.scale128x128.png	8	2	0	-
7042.scale192x192.png	8	2	0	-
7042.scale32x32.png	8	2	0	-
7042.scale48x48.png	8	2	0	-
7042.scale64x64.png	8	2	0	-
7042.scale96x96.png	8	2	0	-
7044.scale128x128.png	8	2	0	-
7044.scale192x192.png	8	2	0	-
7044.scale32x32.png	8	2	0	-
7044.scale48x48.png	8	2	0	-
7044.scale512x512.png	8	2	0	-
7044.scale64x64.png	8	2	0	-
7044.scale96x96.png	8	2	0	-
7046.scale1024x1024.png	8	3	0	PLTE
7046.scale128x128.png	8	2	0	-
7046.scale192x192.png	8	2	0	-
7046.scale256x256.png	8	2	0	-
7046.scale512x512.png	8	2	0	-
7046.scale768x768.png	8	2	0	-
7046.scale96x96.png	8	2	0	-
7048.scale1024x1024.png	8	3	0	PLTE
7048.scale128x128.png	8	2	0	-
7048.scale256x256.png	8	2	0	-
7048.scale384x384.png	8	2	0	-
7048.scale96x96.png	8	2	0	-
7050.scale1024x1024.png	8	3	0	PLTE
7050.scale128x128.png	8	2	0	-
7050.scale256x256.png	8	2	0	-
7050.scale384x384.png	8	2	0	-
7050.scale512x512.png	8	2	0	-
7050.scale768x768.png	8	2	0	-
7052.scale1024x1024.png	8	3	0	PLTE
7052.scale128x128.png	8	2	0	-
7052.scale256x256.png	8	2	0	-
7052.scale384x384.png	8	2	0	-
7052.scale512x512.png	8	2	0	-
7052.scale64x64.png	8	2	0	-
7052.scale768x768.png	8	2	0	-
7054.scale128x128.png	8	2	0	-
7054.scale48x48.png	8	2	0	-
7056.scale1024x1024.png	8	2	0	-
7056.scale128x128.png	8	2	0	-
7056.scale96x96.png	8	2	0	-
7058.scale1024x1024.png	8	2	0	-
7058.scale128x128.png	8	2	0	-
7058.scale192x192.png	8	2	0	-
7060.scale128x128.png	8	2	0	-
7060.scale256x256.png	8	2	0	-
7060.scale512x512.png	8	2	0	-
7060.scale768x768.png	8	2	0	-
7062.scale128x128.png	8	2	0	-
7064.scale1024x1024.png	8	2	0	-
7064.scale128x128.png	8	2	0	-
7064.scale256x256.png	8	2	0	-
7066.scale128x128.png	8	2	0	-
7066.scale384x384.png	8	2	0	-
7068.scale128x128.png	8	2	0	-
7070.scale128x128.png	8	3	0	PLTE
7072.scale128x128.png	8	2	0	-
7074.scale128x128.png	8	0	0	-
7076.scale128x128.png	8	2	0	-
7078.scale128x128.png	8	2	0	-
7078.scale512x512.png	8	2	0	-
7080.scale128x128.png	8	2	0	-
7082.scale128x128.png	8	2	0	-
7084.scale128x128.png	8	2	0	-
7086.scale1024x1024.png	8	2	0	-
7086.scale128x128.png	8	2	0	-
7088.scale128x128.png	8	2	0	-
7088.scale512x512.png	8	2	0	-
7090.scale128x128.png	8	2	0	-
7092.scale128x128.png	8	2	0	-
7092.scale32x32.png	8	2	0	-
7092.scale64x64.png	8	2	0	-
7094.scale1024x1024.png	8	2	0	-
7094.scale128x128.png	8	2	0	-
7094.scale48x48.png	8	2	0	-
7096.scale128x128.png	8	2	0	-
7096.scale32x32.png	8	2	0	-
7098.scale128x128.png	8	2	0	-
7098.scale48x48.png	8	2	0	-
7100.scale128x128.png	8	2	0	-
7102.scale1024x1024.png	8	2	0	-
7102.scale128x128.png	8	2	0	-
7102.scale48x48.png	8	2	0	-
7104.scale128x128.png	8	2	0	-
7104.scale256x256.png	8	2	0	-
7104.scale32x32.png	8	2	0	-
7104.scale64x64.png	8	2	0	-
7104.scale768x768.png	8	2	0	-
7104.scale96x96.png	8	2	0	-
7106.scale128x128.png	8	2	0	-
7108.scale128x128.png	8	2	0	-
7110.scale128x128.png	8	2	0	-
7110.scale32x32.png	8	2	0	-
7110.scale64x64.png	8	2	0	-
7112.scale128x128.png	8	2	0	-
7112.scale48x48.png	8	2	0	-
7114.scale1024x1024.png	8	2	0	-
7114.scale128x128.png	8	2	0	-
7116.scale1024x1024.png	8	2	0	-
7116.scale128x128.png	8	2	0	-
7118.scale128x128.png	8	2	0	-
7118.scale32x32.png	8	2	0	-
7120.scale128x128.png	8	2	0	-
7120.scale32x32.png	8	2	0	-
7120.scale48x48.png	8	2	0	-
7122.scale128x128.png	8	2	0	-
7124.scale128x128.png	8	2	0	-
8000.scale115x128.png	8	2	0	-
8002.scale1080x2520.png	8	2	0	-
8002.scale55x128.png	8	2	0	-
8004.scale55x128.png	8	2	0	-
8006.scale115x128.png	8	2	0	-
8008.scale115x128.png	8	2	0	-
8010.scale55x128.png	8	2	0	-
8012.scale1080x2520.png	8	2	0	-
8012.scale439x1024.png	8	2	0	-
8012.scale55x128.png	8	2	0	-
8014.scale14x32.png	8	2	0	-
8014.scale27x64.png	8	2	0	-
8014.scale55x128.png	8	2	0	-
8016.scale115x128.png	8	2	0	-
8018.scale115x128.png	8	2	0	-
8020.scale115x128.png	8	2	0	-
8022.scale1080x2520.png	8	2	0	-
8022.scale41x96.png	8	2	0	-
8022.scale55x128.png	8	2	0	-
8024.scale55x128.png	8	2	0	-
8026.scale55x128.png	8	2	0	-
8028.scale64x128.png	8	2	0	-
8030.scale115x128.png	8	2	0	-
8030.scale1384x1536.png	8	2	0	-
8100.scale128x80.png	8	2	0	-
8102.scale128x80.png	8	2	0	-
8104.scale128x80.png	8	2	0	-
8106.scale128x80.png	8	2	0	-
8108.scale128x80.png	8	2	0	-
8110.scale128x80.png	8	2	0	-
8112.scale128x80.png	8	2	0	-
8114.scale128x80.png	8	2	0	-
8114.scale768x480.png	8	2	0	-
8116.scale128x80.png	8	2	0	-
8118.scale128x80.png	8	2	0	-
8120.scale128x80.png	8	2	0	-
8122.scale128x80.png	8	2	0	-
8124.scale128x80.png	8	2	0	-
8124.scale1440x900.png	8	2	0	-
8126.scale128x80.png	8	2	0	-
8128.scale128x80.png	8	2	0	-
8130.scale128x80.png	8	2	0	-
8132.scale128x80.png	8	2	0	-
8134.scale128x80.png	8	2	0	-
8136.scale128x80.png	8	2	0	-
8138.scale128x80.png	8	2	0	-
8140.scale128x80.png	8	2	0	-
8142.scale128x80.png	8	2	0	-
8144.scale1024x640.png	8	2	0	-
8144.scale128x80.png	8	2	0	-
8146.scale128x80.png	8	2	0	-
8148.scale128x80.png	8	2	0	-
8150.scale128x80.png	8	2	0	-
8152.scale128x80.png	8	2	0	-
8154.scale128x80.png	8	2	0	-
8156.scale128x80.png	8	2	0	-
8158.scale128x80.png	8	3	0	PLTE
8160.scale128x72.png	8	2	0	-
8162.scale128x72.png	8	3	0	PLTE
8164.scale128x72.png	8	2	0	-
8166.scale128x72.png	8	2	0	-
8168.scale128x72.png	8	2	0	-
8170.scale128x72.png	8	3	0	PLTE
8170.scale1920x1080.png	8	2	0	-
8172.scale128x72.png	8	2	0	-
8172.scale1920x1080.png	8	2	0	-
8174.scale128x72.png	8	2	0	-
8176.scale128x72.png	8	2	0	-
8178.scale128x72.png	8	2	0	-
8178.scale1920x1080.png	8	2	0	-
8180.scale128x72.png	8	2	0	-
8182.scale128x72.png	8	2	0	-
8184.scale128x72.png	8	2	0	-
8186.scale128x72.png	8	2	0	-
8188.scale128x72.png	8	2	0	-
8190.scale128x72.png	8	2	0	-
8190.scale32x18.png	8	2	0	-
8192.scale128x72.png	8	2	0	-
8194.scale128x72.png	8	2	0	-
8196.scale128x72.png	8	2	0	-
8198.scale128x72.png	8	2	0	-
8200.scale128x72.png	8	2	0	-
8202.scale128x72.png	8	2	0	-
8204.scale128x72.png	8	2	0	-
8206.scale128x72.png	8	2	0	-
8208.scale128x72.png	8	2	0	-
8210.scale128x72.png	8	2	0	-
8210.scale1920x1080.png	8	2	0	-
8210.scale32x18.png	8	2	0	-
8212.scale128x72.png	8	2	0	-
8214.scale128x72.png	8	2	0	-
8216.scale128x72.png	8	2	0	-
8218.scale128x72.png	8	3	0	PLTE
8220.scale128x80.png	8	2	0	-
8222.scale128x80.png	8	3	0	PLTE
8222.scale2880x1800.png	8	2	0	-
8222.scale512x320.png	8	2	0	-
8224.scale128x80.png	8	2	0	-
8226.scale128x80.png	8	2	0	-
8228.scale128x80.png	8	2	0	-
8230.scale128x80.png	8	2	0	-
8230.scale2880x1800.png	8	2	0	-
8232.scale128x80.png	8	2	0	-
8234.scale128x80.png	8	2	0	-
8236.scale128x80.png	8	2	0	-
8236.scale32x20.png	8	2	0	-
8238.scale128x80.png	8	2	0	-
8240.scale128x80.png	8	2	0	-
8242.scale128x80.png	8	2	0	-
8244.scale128x80.png	8	2	0	-
8246.scale128x80.png	8	2	0	-
8246.scale2880x1800.png	8	2	0	-
8248.scale128x80.png	8	2	0	-
8250.scale128x80.png	8	2	0	-
8252.scale128x80.png	8	2	0	-
8254.scale128x80.png	8	2	0	-
8256.scale128x80.png	8	2	0	-
8258.scale128x80.png	8	2	0	-
8260.scale128x80.png	8	2	0	-
8262.scale128x80.png	8	2	0	-
8264.scale128x80.png	8	2	0	-
8266.scale128x80.png	8	2	0	-
8268.scale128x80.png	8	2	0	-
8270.scale128x80.png	8	2	0	-
8272.scale72x128.png	8	2	0	-
8274.scale72x128.png	8	2	0	-
8276.scale27x48.png	8	0	0	-
8276.scale72x128.png	8	0	0	-
8278.scale72x128.png	8	2	0	-
8280.scale72x128.png	8	2	0	-
8282.scale72x128.png	8	2	0	-
8284.scale72x128.png	8	2	0	-
8286.scale72x128.png	8	2	0	-
8288.scale72x128.png	8	2	0	-
8290.scale72x128.png	8	2	0	-
8292.scale72x128.png	8	2	0	-
8294.scale27x48.png	8	2	0	-
8294.scale72x128.png	8	2	0	-
8296.scale18x32.png	8	2	0	-
8296.scale72x128.png	8	2	0	-
8298.scale72x128.png	8	2	0	-
8300.scale72x128.png	8	2	0	-
8302.scale72x128.png	8	2	0	-
8304.scale72x128.png	8	2	0	-
8306.scale72x128.png	8	2	0	-
8308.scale72x128.png	8	2	0	-
8310.scale72x128.png	8	2	0	-
8312.scale72x128.png	8	2	0	-
8314.scale72x128.png	8	2	0	-
8316.scale72x128.png	8	2	0	-
8318.scale72x128.png	8	2	0	-
8320.scale72x128.png	8	2	0	-
8322.scale72x128.png	8	2	0	-
8324.scale72x128.png	8	2	0	-
8326.scale72x128.png	8	2	0	-
8328.scale72x128.png	8	2	0	-
8330.scale96x128.png	8	2	0	-
8332.scale96x128.png	8	2	0	-
8334.scale96x128.png	8	2	0	-
8336.scale96x128.png	8	2	0	-
8338.scale96x128.png	8	2	0	-
8340.scale768x1024.png	8	2	0	-
8340.scale96x128.png	8	2	0	-
8342.scale96x128.png	8	2	0	-
8344.scale96x128.png	8	2	0	-
8346.scale768x1024.png	8	2	0	-
8346.scale96x128.png	8	2	0	-
8348.scale96x128.png	8	2	0	-
8350.scale96x128.png	8	2	0	-
8352.scale96x128.png	8	2	0	-
8354.scale36x48.png	8	0	0	-
8354.scale96x128.png	8	0	0	-
8356.scale96x128.png	8	2	0	-
8358.scale96x128.png	8	3	0	PLTE
8360.scale96x128.png	8	2	0	-
8362.scale96x128.png	8	2	0	-
8364.scale96x128.png	8	2	0	-
8366.scale24x32.png	8	2	0	-
8366.scale96x128.png	8	2	0	-
8368.scale96x128.png	8	2	0	-
8370.scale96x128.png	8	2	0	-
8372.scale96x128.png	8	2	0	-
8374.scale96x128.png	8	2	0	-
8376.scale96x128.png	8	2	0	-
8378.scale24x32.png	8	2	0	-
8378.scale96x128.png	8	2	0	-
8380.scale36x48.png	8	2	0	-
8380.scale96x128.png	8	2	0	-
8382.scale96x128.png	8	2	0	-
8384.scale96x128.png	8	2	0	-
8386.scale96x128.png	8	2	0	-
8388.scale96x128.png	8	2	0	-
8390.scale128x80.png	8	2	0	-
8392.scale128x72.png	8	2	0	-
8394.scale15x32.png	8	2	0	-
8394.scale30x64.png	8	2	0	-
8394.scale59x128.png	8	2	0	-
8396.scale128x80.png	8	3	0	PLTE
8398.scale128x80.png	8	2	0	-
8400.scale128x72.png	8	2	0	-
8402.scale15x32.png	8	2	0	-
8402.scale59x128.png	8	2	0	-
8404.scale128x80.png	8	2	0	-
8406.scale128x72.png	8	2	0	-
8408.scale128x80.png	8	2	0	-
8410.scale128x80.png	8	2	0	-
8412.scale72x128.png	8	2	0	-
8414.scale128x80.png	8	2	0	-
8416.scale72x128.png	8	2	0	-
8418.scale128x80.png	8	2	0	-
8420.scale128x96.png	8	2	0	-
8422.scale128x72.png	8	2	0	-
8424.scale128x72.png	8	3	0	PLTE
8426.scale59x128.png	8	2	0	-
8428.scale1280x800.png	8	2	0	-
8428.scale128x80.png	8	2	0	-
8430.scale128x72.png	8	2	0	-
8432.scale128x80.png	8	2	0	-
8432.scale48x30.png	8	2	0	-
8434.scale59x128.png	8	2	0	-
8436.scale72x128.png	8	2	0	-
8438.scale128x80.png	8	2	0	-
8440.scale128x72.png	8	2	0	-
8442.scale30x64.png	8	2	0	-
8442.scale59x128.png	8	2	0	-
8444.scale128x96.png	8	2	0	-
8444.scale32x24.png	8	2	0	-
8446.scale128x72.png	8	2	0	-
8448.scale128x80.png	8	2	0	-
8450.scale59x128.png	8	2	0	-
8452.scale128x80.png	8	2	0	-
8454.scale128x110.png	8	2	0	-
8456.scale128x90.png	8	2	0	-
8456.scale48x34.png	8	2	0	-
8458.scale128x72.png	8	2	0	-
8460.scale72x128.png	8	2	0	-
8462.scale128x80.png	8	2	0	-
8464.scale128x72.png	8	2	0	-
8466.scale128x80.png	8	2	0	-
8468.scale59x128.png	8	2	0	-
9000.scale85x128.png	8	2	0	-
9002.scale85x128.png	8	2	0	-
9004.scale85x128.png	8	2	0	-
9006.scale85x128.png	8	2	0	-
9008.scale85x128.png	8	2	0	-
9010.scale85x128.png	8	2	0	-
9012.scale128x128.png	8	2	0	-
9014.scale85x128.png	8	2	0	-
9016.scale128x128.png	8	2	0	-
9018.scale85x128.png	8	2	0	-
9020.scale85x128.png	8	2	0	-
9022.scale21x32.png	8	2	0	-
9022.scale85x128.png	8	2	0	-
9024.scale128x128.png	8	2	0	-
9026.scale85x128.png	8	2	0	-
9028.scale128x128.png	8	2	0	-
9030.scale85x128.png	8	2	0	-
9032.scale85x128.png	8	2	0	-
9034.scale85x128.png	8	2	0	-
9036.scale128x128.png	8	2	0	-
9038.scale85x128.png	8	2	0	-
9040.scale43x64.png	8	2	0	-
9040.scale85x128.png	8	2	0	-
9042.scale128x128.png	8	2	0	-
9042.scale32x32.png	8	2	0	-
9044.scale128x85.png	8	2	0	-
9044.scale1536x1024.png	8	2	0	-
9046.scale128x128.png	8	2	0	-
9048.scale128x128.png	8	2	0	-
9050.scale21x32.png	8	2	0	-
9050.scale32x48.png	8	2	0	-
9050.scale64x96.png	8	2	0	-
9050.scale85x128.png	8	2	0	-
9052.scale85x128.png	8	2	0	-
9054.scale128x128.png	8	2	0	-
9054.scale32x32.png	8	2	0	-
9056.scale85x128.png	8	2	0	-
9058.scale85x128.png	8	2	0	-
9060.scale85x128.png	8	2	0	-
9062.scale128x128.png	8	2	0	-
9062.scale32x32.png	8	2	0	-
9062.scale48x48.png	8	2	0	-
9064.scale85x128.png	8	2	0	-
9066.scale21x32.png	8	2	0	-
9066.scale85x128.png	8	2	0	-
9068.scale85x128.png	8	2	0	-
9070.scale85x128.png	8	2	0	-
9072.scale85x128.png	8	2	0	-
9074.scale85x128.png	8	2	0	-
9076.scale85x128.png	8	2	0	-
9078.scale85x128.png	8	2	0	-
9080.scale128x128.png	8	2	0	-
9082.scale128x128.png	8	2	0	-
9082.scale32x32.png	8	2	0	-
9084.scale85x128.png	8	2	0	-
9094.scale85x128.png	8	2	0	-
9096.scale85x128.png	8	2	0	-
9098.scale85x128.png	8	2	0	-
9100.scale85x128.png	8	2	0	-
9102.scale85x128.png	8	2	0	-
9104.scale85x128.png	8	2	0	-
9106.scale85x128.png	8	2	0	-
9108.scale85x128.png	8	2	0	-
9110.scale128x85.png	8	2	0	-
9112.scale85x128.png	8	2	0	-
9114.scale85x128.png	8	2	0	-
9116.scale32x48.png	8	2	0	-
9116.scale85x128.png	8	2	0	-
9118.scale128x85.png	8	2	0	-
9118.scale48x32.png	8	2	0	-
9120.scale85x128.png	8	2	0	-
9122.scale85x128.png	8	2	0	-
9124.scale85x128.png	8	2	0	-
9126.scale85x128.png	8	2	0	-
9128.scale85x128.png	8	2	0	-
9130.scale85x128.png	8	2	0	-
9132.scale85x128.png	8	2	0	-
9134.scale21x32.png	8	2	0	-
9134.scale64x96.png	8	2	0	-
9134.scale85x128.png	8	2	0	-
9136.scale85x128.png	8	2	0	-
9138.scale85x128.png	8	2	0	-
9140.scale1024x1536.png	8	2	0	-
9140.scale85x128.png	8	2	0	-
9142.scale85x128.png	8	2	0	-
9144.scale85x128.png	8	2	0	-
9146.scale85x128.png	8	2	0	-
9148.scale85x128.png	8	2	0	-
9150.scale85x128.png	8	2	0	-
9152.scale85x128.png	8	2	0	-
9154.scale85x128.png	8	2	0	-
9156.scale85x128.png	8	2	0	-
9158.scale85x128.png	8	2	0	-
9160.scale85x128.png	8	2	0	-
9162.scale85x128.png	8	2	0	-
9164.scale1024x1536.png	8	2	0	-
9164.scale171x256.png	8	2	0	-
9164.scale32x48.png	8	2	0	-
9164.scale341x512.png	8	2	0	-
9164.scale85x128.png	8	2	0	-
9166.scale85x128.png	8	2	0	-
9168.scale128x85.png	8	2	0	-
9226.scale72x128.png	8	2	0	-
9228.scale128x72.png	8	2	0	-
9230.scale128x128.png	8	2	0	-
9232.scale128x72.png	8	2	0	-
9232.scale3072x1728.png	8	2	0	-
9234.scale72x128.png	8	2	0	-
9236.scale85x128.png	8	2	0	-
9238.scale1152x2048.png	8	2	0	-
9238.scale72x128.png	8	2	0	-
9240.scale128x128.png	8	2	0	-
9242.scale85x128.png	8	2	0	-
9244.scale128x72.png	8	2	0	-
9244.scale32x18.png	8	2	0	-
9244.scale48x27.png	8	2	0	-
9246.scale128x72.png	8	2	0	-
9248.scale128x128.png	8	2	0	-
9248.scale32x32.png	8	2	0	-
9250.scale128x128.png	8	2	0	-
9252.scale128x128.png	8	2	0	-
9252.scale48x48.png	8	2	0	-
9254.scale85x128.png	8	2	0	-
9256.scale85x128.png	8	2	0	-
9258.scale128x128.png	8	2	0	-
9260.scale128x128.png	8	2	0	-
9262.scale85x128.png	8	2	0	-
9264.scale71x128.png	8	2	0	-
9268.scale128x128.png	8	2	0	-
9270.scale128x85.png	8	2	0	-
9272.scale128x128.png	8	2	0	-
9274.scale85x128.png	8	2	0	-
9276.scale85x128.png	8	2	0	-
9278.scale128x128.png	8	2	0	-
9280.scale85x128.png	8	2	0	-
9282.scale128x128.png	8	2	0	-
9284.scale128x85.png	8	2	0	-
9286.scale85x128.png	8	2	0	-
9288.scale128x128.png	8	2	0	-
9290.scale85x128.png	8	2	0	-
9292.scale128x85.png	8	2	0	-
9294.scale85x128.png	8	2	0	-
9296.scale85x128.png	8	2	0	-
9298.scale128x128.png	8	2	0	-
9300.scale85x128.png	8	2	0	-
9302.scale128x85.png	8	2	0	-
9304.scale85x128.png	8	2	0	-
9306.scale128x128.png	8	2	0	-
9308.scale85x128.png	8	2	0	-
9310.scale128x128.png	8	2	0	-
9312.scale128x85.png	8	2	0	-
9314.scale128x128.png	8	2	0	-
9316.scale128x85.png	8	2	0	-
9316.scale32x21.png	8	2	0	-
9316.scale48x32.png	8	2	0	-
9318.scale128x128.png	8	2	0	-
9320.scale128x128.png	8	2	0	-
9322.scale85x128.png	8	2	0	-
9324.scale128x85.png	8	2	0	-
9326.scale128x128.png	8	2	0	-
9328.scale85x128.png	8	2	0	-
9330.scale85x128.png	8	2	0	-
9332.scale85x128.png	8	2	0	-
9334.scale85x128.png	8	2	0	-
9336.scale85x128.png	8	2	0	-
9338.scale85x128.png	8	2	0	-
9340.scale85x128.png	8	2	0	-
9342.scale85x128.png	8	2	0	-
9344.scale85x128.png	8	2	0	-
9346.scale85x128.png	8	2	0	-
9348.scale85x128.png	8	2	0	-
9350.scale85x128.png	8	2	0	-
9352.scale128x128.png	8	2	0	-
9352.scale1536x1536.png	8	2	0	-
9352.scale256x256.png	8	2	0	-
9352.scale32x32.png	8	2	0	-
9352.scale512x512.png	8	2	0	-
9352.scale64x64.png	8	2	0	-
9352.scale96x96.png	8	2	0	-
9354.scale128x128.png	8	2	0	-
9354.scale2048x2048.png	8	2	0	-
9354.scale4096x4096.png	8	2	0	-
9354.scale48x48.png	8	2	0	-
9354.scale512x512.png	8	2	0	-
9356.scale128x72.png	8	2	0	-
9358.scale128x72.png	8	2	0	-
9358.scale3072x1728.png	8	2	0	-
9360.scale1024x1536.png	8	2	0	-
9360.scale85x128.png	8	2	0	-
9362.scale128x85.png	8	2	0	-
9364.scale85x128.png	8	2	0	-
9366.scale85x128.png	8	2	0	-
9368.scale71x128.png	8	2	0	-
9370.scale85x128.png	8	2	0	-
9372.scale85x128.png	8	2	0	-
9374.scale85x128.png	8	2	0	-
9376.scale128x128.png	8	2	0	-
9378.scale21x32.png	8	2	0	-
9378.scale32x48.png	8	2	0	-
9378.scale85x128.png	8	2	0	-
9380.scale85x128.png	8	2	0	-
9382.scale85x128.png	8	2	0	-
9384.scale18x32.png	8	2	0	-
9384.scale27x48.png	8	2	0	-
9384.scale72x128.png	8	2	0	-
9386.scale85x128.png	8	2	0	-
9388.scale85x128.png	8	2	0	-
9390.scale128x128.png	8	2	0	-
9392.scale85x128.png	8	2	0	-
9394.scale18x32.png	8	2	0	-
9394.scale27x48.png	8	2	0	-
9394.scale432x768.png	8	2	0	-
9394.scale72x128.png	8	2	0	-
9396.scale2160x3840.png	8	2	0	-
9396.scale72x128.png	8	2	0	-
9398.scale85x128.png	8	2	0	-
9400.scale128x128.png	8	2	0	-
9402.scale85x128.png	8	2	0	-
9404.scale85x128.png	8	2	0	-
9406.scale85x128.png	8	2	0	-
9408.scale85x128.png	8	2	0	-
9410.scale85x128.png	8	2	0	-
9412.scale85x128.png	8	2	0	-
9414.scale85x128.png	8	2	0	-
9416.scale128x128.png	8	2	0	-
9418.scale85x128.png	8	2	0	-
9420.scale128x128.png	8	2	0	-
9420.scale32x32.png	8	2	0	-
9422.scale85x128.png	8	2	0	-
9424.scale128x128.png	8	2	0	-
9426.scale85x128.png	8	2	0	-
9428.scale128x128.png	8	2	0	-
9430.scale72x128.png	8	2	0	-
9432.scale85x128.png	8	2	0	-
9434.scale128x85.png	8	2	0	-
9436.scale85x128.png	8	2	0	-
9438.scale85x128.png	8	2	0	-
9440.scale85x128.png	8	2	0	-
9442.scale85x128.png	8	2	0	-
9444.scale85x128.png	8	2	0	-
9446.scale85x128.png	8	2	0	-
9448.scale85x128.png	8	2	0	-
9450.scale85x128.png	8	2	0	-
9452.scale128x85.png	8	2	0	-
9454.scale72x128.png	8	2	0	-
9456.scale18x32.png	8	2	0	-
9456.scale2160x3840.png	8	2	0	-
9456.scale72x128.png	8	2	0	-
9458.scale85x128.png	8	2	0	-
9460.scale71x128.png	8	2	0	-
9462.scale71x128.png	8	2	0	-
9464.scale128x128.png	8	2	0	-
9464.scale2048x2048.png	8	2	0	-
9466.scale1728x3072.png	8	2	0	-
9466.scale18x32.png	8	2	0	-
9466.scale72x128.png	8	2	0	-
9468.scale72x128.png	8	2	0	-
9470.scale18x32.png	8	2	0	-
9470.scale27x48.png	8	2	0	-
9470.scale72x128.png	8	2	0	-
9472.scale72x128.png	8	2	0	-
9474.scale72x128.png	8	2	0	-
9476.scale72x128.png	8	2	0	-
9478.scale72x128.png	8	2	0	-
9480.scale18x32.png	8	2	0	-
9480.scale36x64.png	8	2	0	-
9480.scale72x128.png	8	2	0	-
9482.scale85x128.png	8	2	0	-
9484.scale72x128.png	8	2	0	-
9486.scale85x128.png	8	2	0	-
9488.scale72x128.png	8	2	0	-
9490.scale85x128.png	8	2	0	-
9492.scale18x32.png	8	2	0	-
9492.scale36x64.png	8	2	0	-
9492.scale72x128.png	8	2	0	-
9492.scale864x1536.png	8	2	0	-
9494.scale128x128.png	8	2	0	-
9496.scale72x128.png	8	2	0	-
9498.scale21x32.png	8	2	0	-
9498.scale85x128.png	8	2	0	-
9500.scale72x128.png	8	2	0	-
9502.scale85x128.png	8	2	0	-
9504.scale21x32.png	8	2	0	-
9504.scale85x128.png	8	2	0	-
9506.scale18x32.png	8	2	0	-
9506.scale72x128.png	8	2	0	-
9508.scale18x32.png	8	2	0	-
9508.scale27x48.png	8	2	0	-
9508.scale72x128.png	8	2	0	-
9510.scale71x128.png	8	2	0	-
9512.scale72x128.png	8	2	0	-
9514.scale72x128.png	8	2	0	-
9516.scale1728x3072.png	8	2	0	-
9516.scale18x32.png	8	2	0	-
9516.scale36x64.png	8	2	0	-
9516.scale72x128.png	8	2	0	-
9518.scale72x128.png	8	2	0	-
9520.scale128x128.png	8	2	0	-
9522.scale85x128.png	8	2	0	-
9524.scale85x128.png	8	2	0	-
9526.scale128x128.png	8	2	0	-
9528.scale85x128.png	8	2	0	-
9530.scale71x128.png	8	2	0	-
9532.scale85x128.png	8	2	0	-
9534.scale85x128.png	8	2	0	-
9536.scale85x128.png	8	2	0	-
9538.scale128x128.png	8	2	0	-
9540.scale85x128.png	8	2	0	-
9542.scale85x128.png	8	2	0	-
9544.scale85x128.png	8	2	0	-
9546.scale85x128.png	8	2	0	-
9548.scale128x128.png	8	2	0	-
9550.scale128x85.png	8	2	0	-
9552.scale85x128.png	8	2	0	-
9554.scale128x85.png	8	2	0	-
9556.scale128x128.png	8	2	0	-
9558.scale85x128.png	8	2	0	-
9560.scale85x128.png	8	2	0	-
9562.scale128x85.png	8	2	0	-
9564.scale128x128.png	8	2	0	-
9566.scale128x128.png	8	2	0	-
9566.scale32x32.png	8	2	0	-
9568.scale128x128.png	8	2	0	-
9570.scale85x128.png	8	2	0	-
9572.scale85x128.png	8	2	0	-
9574.scale72x128.png	8	2	0	-
9576.scale128x128.png	8	2	0	-
9578.scale71x128.png	8	2	0	-
9580.scale128x85.png	8	2	0	-
9582.scale128x85.png	8	2	0	-
9584.scale85x128.png	8	2	0	-
9586.scale128x85.png	8	2	0	-
9588.scale85x128.png	8	2	0	-
9590.scale85x128.png	8	2	0	-
9592.scale128x128.png	8	2	0	-
9594.scale85x128.png	8	2	0	-
9596.scale128x85.png	8	2	0	-
9598.scale128x128.png	8	2	0	-
9600.scale128x128.png	8	2	0	-
9602.scale85x128.png	8	2	0	-
9604.scale128x85.png	8	2	0	-
9606.scale128x85.png	8	2	0	-
9608.scale128x128.png	8	2	0	-
9610.scale85x128.png	8	2	0	-
9612.scale128x85.png	8	2	0	-
9614.scale128x85.png	8	2	0	-
9616.scale128x128.png	8	2	0	-
9618.scale128x85.png	8	2	0	-
9620.scale128x85.png	8	2	0	-
9620.scale32x21.png	8	2	0	-
9622.scale128x128.png	8	2	0	-
9624.scale128x85.png	8	2	0	-
9626.scale85x128.png	8	2	0	-
9628.scale128x85.png	8	2	0	-
9630.scale128x85.png	8	2	0	-
9632.scale128x72.png	8	2	0	-
9632.scale32x18.png	8	2	0	-
9634.scale128x72.png	8	2	0	-
9636.scale128x70.png	8	2	0	-
9638.scale85x128.png	8	2	0	-
9640.scale128x70.png	8	2	0	-
9640.scale32x17.png	8	2	0	-
9642.scale128x85.png	8	2	0	-
9644.scale128x85.png	8	2	0	-
9646.scale128x85.png	8	2	0	-
9648.scale128x85.png	8	2	0	-
9650.scale128x85.png	8	2	0	-
9652.scale128x85.png	8	2	0	-
9654.scale128x85.png	8	2	0	-
9656.scale85x128.png	8	2	0	-
9658.scale128x71.png	8	2	0	-
9660.scale128x70.png	8	2	0	-
9662.scale128x72.png	8	2	0	-
9664.scale21x32.png	8	2	0	-
9664.scale85x128.png	8	2	0	-
9666.scale128x72.png	8	2	0	-
9668.scale128x72.png	8	2	0	-
9670.scale85x128.png	8	2	0	-
9672.scale128x70.png	8	2	0	-
9674.scale128x70.png	8	2	0	-
9676.scale85x128.png	8	2	0	-
9678.scale85x128.png	8	2	0	-
9680.scale21x32.png	8	2	0	-
9680.scale85x128.png	8	2	0	-
9682.scale85x128.png	8	2	0	-
9684.scale85x128.png	8	2	0	-
9686.scale85x128.png	8	2	0	-
9688.scale85x128.png	8	2	0	-
9690.scale85x128.png	8	2	0	-
9692.scale85x128.png	8	2	0	-
9694.scale85x128.png	8	2	0	-
9696.scale85x128.png	8	2	0	-
9698.scale85x128.png	8	2	0	-
9700.scale85x128.png	8	2	0	-
9702.scale85x128.png	8	2	0	-
9704.scale128x85.png	8	2	0	-
9706.scale85x128.png	8	2	0	-
9708.scale85x128.png	8	2	0	-
9710.scale85x128.png	8	2	0	-
9712.scale85x128.png	8	2	0	-
9714.scale85x128.png	8	2	0	-
9716.scale85x128.png	8	2	0	-
9718.scale85x128.png	8	2	0	-
9720.scale128x85.png	8	2	0	-
9722.scale85x128.png	8	2	0	-
9724.scale85x128.png	8	2	0	-
9726.scale128x85.png	8	2	0	-
9728.scale128x128.png	8	2	0	-
9730.scale85x128.png	8	2	0	-
9732.scale128x128.png	8	2	0	-
9734.scale128x85.png	8	2	0	-
9736.scale128x128.png	8	2	0	-
9738.scale85x128.png	8	2	0	-
9740.scale128x85.png	8	2	0	-
9742.scale128x128.png	8	2	0	-
9744.scale128x128.png	8	2	0	-
9746.scale128x85.png	8	2	0	-
9748.scale85x128.png	8	2	0	-
9750.scale128x85.png	8	2	0	-
9752.scale85x128.png	8	2	0	-
9754.scale128x128.png	8	2	0	-
9756.scale128x128.png	8	2	0	-
9758.scale128x128.png	8	2	0	-
9758.scale32x32.png	8	2	0	-
9760.scale128x128.png	8	2	0	-
9762.scale128x85.png	8	2	0	-
9764.scale85x128.png	8	2	0	-
9766.scale128x85.png	8	2	0	-
9766.scale32x21.png	8	2	0	-
9766.scale48x32.png	8	2	0	-
9768.scale128x85.png	8	2	0	-
9768.scale512x341.png	8	2	0	-
9770.scale128x71.png	8	2	0	-
9770.scale5504x3072.png	8	2	0	-
9772.scale85x128.png	8	2	0	-
9774.scale85x128.png	8	2	0	-
9776.scale85x128.png	8	2	0	-
9778.scale85x128.png	8	2	0	-
9780.scale85x128.png	8	2	0	-
9782.scale85x128.png	8	2	0	-
9784.scale128x85.png	8	2	0	-
9786.scale128x85.png	8	2	0	-
9788.scale128x85.png	8	2	0	-
9790.scale128x85.png	8	2	0	-
9792.scale85x128.png	8	2	0	-
9794.scale85x128.png	8	2	0	-
9796.scale128x85.png	8	2	0	-
9796.scale32x21.png	8	2	0	-
9798.scale85x128.png	8	2	0	-
9800.scale128x85.png	8	2	0	-
9802.scale128x85.png	8	2	0	-
9804.scale128x85.png	8	2	0	-
9806.scale128x85.png	8	2	0	-
9808.scale128x128.png	8	2	0	-
9810.scale128x85.png	8	2	0	-
9812.scale128x85.png	8	2	0	-
9814.scale128x85.png	8	2	0	-
9816.scale85x128.png	8	2	0	-
9818.scale128x85.png	8	2	0	-
9820.scale128x128.png	8	2	0	-
9822.scale85x128.png	8	2	0	-
9824.scale128x85.png	8	2	0	-
9826.scale85x128.png	8	2	0	-
9828.scale128x128.png	8	2	0	-
9830.scale128x85.png	8	2	0	-
9832.scale85x128.png	8	2	0	-
9834.scale85x128.png	8	2	0	-
9836.scale85x128.png	8	2	0	-
9838.scale85x128.png	8	2	0	-
9840.scale85x128.png	8	2	0	-
9842.scale85x128.png	8	2	0	-
9844.scale85x128.png	8	2	0	-
9846.scale85x128.png	8	2	0	-
9848.scale85x128.png	8	2	0	-
9850.scale85x128.png	8	2	0	-
9852.scale85x128.png	8	2	0	-
9854.scale85x128.png	8	2	0	-
9856.scale128x70.png	8	2	0	-
9856.scale32x17.png	8	2	0	-
9858.scale128x70.png	8	2	0	-
9858.scale2816x1536.png	8	2	0	-
9860.scale128x128.png	8	2	0	-
9860.scale2048x2048.png	8	2	0	-
9862.scale17x32.png	8	2	0	-
9862.scale70x128.png	8	2	0	-
9864.scale128x128.png	8	2	0	-
9866.scale128x70.png	8	2	0	-
9868.scale85x128.png	8	2	0	-
9870.scale128x128.png	8	2	0	-
9870.scale4096x4096.png	8	2	0	-
9872.scale85x128.png	8	2	0	-
9874.scale128x85.png	8	2	0	-
9876.scale85x128.png	8	2	0	-
9878.scale85x128.png	8	2	0	-
9880.scale128x85.png	8	2	0	-
9880.scale32x21.png	8	2	0	-
9882.scale128x128.png	8	2	0	-
9884.scale128x128.png	8	2	0	-
9884.scale48x48.png	8	2	0	-
9886.scale21x32.png	8	2	0	-
9886.scale85x128.png	8	2	0	-
9888.scale128x85.png	8	2	0	-
9890.scale128x128.png	8	2	0	-
9890.scale32x32.png	8	2	0	-
9892.scale128x128.png	8	2	0	-
9894.scale85x128.png	8	2	0	-
9896.scale128x85.png	8	2	0	-
9898.scale85x128.png	8	2	0	-
9900.scale128x128.png	8	2	0	-
9902.scale85x128.png	8	2	0	-
9904.scale85x128.png	8	2	0	-
9906.scale85x128.png	8	2	0	-
9908.scale85x128.png	8	2	0	-
9910.scale85x128.png	8	2	0	-
9912.scale128x128.png	8	2	0	-
9914.scale128x128.png	8	2	0	-
9916.scale85x128.png	8	2	0	-
9918.scale512x768.png	8	2	0	-
9918.scale85x128.png	8	2	0	-
9920.scale128x128.png	8	2	0	-
9920.scale2048x2048.png	8	2	0	-
9922.scale128x128.png	8	2	0	-
9924.scale1024x1536.png	8	2	0	-
9924.scale683x1024.png	8	2	0	-
9924.scale85x128.png	8	2	0	-
9926.scale128x128.png	8	2	0	-
9928.scale85x128.png	8	2	0	-
9930.scale128x128.png	8	2	0	-
9932.scale128x72.png	8	2	0	-
9932.scale3072x1728.png	8	2	0	-
9932.scale32x18.png	8	2	0	-
9934.scale683x1024.png	8	2	0	-
9934.scale85x128.png	8	2	0	-
9936.scale128x128.png	8	2	0	-
9938.scale85x128.png	8	2	0	-
9940.scale85x128.png	8	2	0	-
9942.scale85x128.png	8	2	0	-
9944.scale85x128.png	8	2	0	-
9946.scale85x128.png	8	2	0	-
9948.scale85x128.png	8	2	0	-
9950.scale85x128.png	8	2	0	-
9952.scale85x128.png	8	2	0	-
9954.scale85x128.png	8	2	0	-
9956.scale85x128.png	8	2	0	-
9958.scale85x128.png	8	2	0	-
9960.scale85x128.png	8	2	0	-
9962.scale85x128.png	8	2	0	-
9964.scale85x128.png	8	2	0	-
9966.scale128x72.png	8	2	0	-
9968.scale128x71.png	8	2	0	-
9968.scale5504x3072.png	8	2	0	-
9970.scale72x128.png	8	2	0	-
9972.scale128x71.png	8	2	0	-
9972.scale5504x3072.png	8	2	0	-
9974.scale128x85.png	8	2	0	-
